"ID","Description","GeneRatio","BgRatio","RichFactor","FoldEnrichment","zScore","pvalue","p.adjust","qvalue","geneID","Count"
"GO:0030198","extracellular matrix organization","51/635","214/11973",0.238317757009346,4.49350945617779,12.2035337066873,2.76361778432681e-20,4.94221882624714e-17,2.9808530541678e-17,"MFAP4/COL4A5/ADAMTS1/TNXB/COL1A2/MATN2/GPM6B/ENG/RGCC/MMP9/COL4A3/COLEC12/RECK/FAP/MYH11/FBLN5/MMP11/TIMP3/ADAMTS8/ADAMTSL3/COL3A1/MARCO/FBLN1/COL11A1/COL13A1/MMP12/IL6/SPOCK2/NDNF/COL5A1/GAS6/TIE1/MMP1/FGFR4/GREM1/SULF1/COL5A2/POSTN/LTBP4/BMP2/RAMP2/COL1A1/TPSAB1/PLOD2/ECM2/DPT/SLC39A8/PLAU/MMP7/COL10A1/TGFBR3",51
"GO:0043062","extracellular structure organization","51/635","215/11973",0.237209302325581,4.47260941219557,12.1593519850501,3.44725795832165e-20,4.94221882624714e-17,2.9808530541678e-17,"MFAP4/COL4A5/ADAMTS1/TNXB/COL1A2/MATN2/GPM6B/ENG/RGCC/MMP9/COL4A3/COLEC12/RECK/FAP/MYH11/FBLN5/MMP11/TIMP3/ADAMTS8/ADAMTSL3/COL3A1/MARCO/FBLN1/COL11A1/COL13A1/MMP12/IL6/SPOCK2/NDNF/COL5A1/GAS6/TIE1/MMP1/FGFR4/GREM1/SULF1/COL5A2/POSTN/LTBP4/BMP2/RAMP2/COL1A1/TPSAB1/PLOD2/ECM2/DPT/SLC39A8/PLAU/MMP7/COL10A1/TGFBR3",51
"GO:0045229","external encapsulating structure organization","51/635","215/11973",0.237209302325581,4.47260941219557,12.1593519850501,3.44725795832165e-20,4.94221882624714e-17,2.9808530541678e-17,"MFAP4/COL4A5/ADAMTS1/TNXB/COL1A2/MATN2/GPM6B/ENG/RGCC/MMP9/COL4A3/COLEC12/RECK/FAP/MYH11/FBLN5/MMP11/TIMP3/ADAMTS8/ADAMTSL3/COL3A1/MARCO/FBLN1/COL11A1/COL13A1/MMP12/IL6/SPOCK2/NDNF/COL5A1/GAS6/TIE1/MMP1/FGFR4/GREM1/SULF1/COL5A2/POSTN/LTBP4/BMP2/RAMP2/COL1A1/TPSAB1/PLOD2/ECM2/DPT/SLC39A8/PLAU/MMP7/COL10A1/TGFBR3",51
"GO:0001525","angiogenesis","74/635","456/11973",0.162280701754386,3.05982179859097,10.613151853534,1.98666115094783e-18,2.13615740255666e-15,1.28840335514431e-15,"JCAD/MCAM/ANGPT1/CD93/APOLD1/ADAMTS1/EMP2/CD34/CLIC3/CEACAM1/MMRN2/KLF4/NPR1/VEGFD/ENG/ADGRG6/GATA2/LEPR/RGCC/AGTR1/CLDN5/COL4A3/DCN/CDH5/CD36/MDK/RECK/FAP/FBLN5/EPAS1/HYAL1/CALCRL/MEIS1/AQP1/NR4A1/TCF21/PGK1/TGFBR2/GATA6/STARD13/QKI/IL6/NDNF/AKT3/SEMA6A/TIE1/S1PR1/GREM1/SULF1/RASIP1/CXCL13/ANXA3/KLF2/HOXA5/ID1/THBS2/CHI3L1/SRPX2/RRAS/EFNB2/FGFR2/NPR3/PTPRB/RAMP2/SASH1/ALOX5/SEMA5A/C5AR1/TEK/SLIT2/HEY1/TGFBR3/DSG2/EDNRA",74
"GO:0072001","renal system development","40/635","201/11973",0.199004975124378,3.75226231049477,9.31246632587451,2.36693254828108e-13,2.03603537803138e-10,1.22801569262102e-10,"ANGPT1/ID3/CD34/EZH2/GPC3/FOXF1/AGTR1/PODXL/MMP9/TFAP2A/COL4A3/WFS1/AQP1/EGR1/AGTR2/LGR4/HYAL2/TCF21/EDN1/CAT/GREM1/SMAD6/SULF1/PECAM1/PTCH1/KANK2/BMP2/CENPF/MME/ITGA8/FGFR2/CD24/ZBTB16/RBP4/HPGD/EPCAM/TEK/SOX4/SLIT2/EDNRA",40
"GO:1901342","regulation of vasculature development","45/635","266/11973",0.169172932330827,3.18977562015274,8.54711634670775,3.06241181669511e-12,1.89725529155829e-09,1.14431178165213e-09,"JCAD/ADAMTS1/EMP2/CD34/CLIC3/CEACAM1/KLF4/NPR1/ADGRG6/GATA2/RGCC/CLDN5/COL4A3/DCN/CDH5/CD36/MDK/RECK/FBLN5/HYAL1/AQP1/PGK1/GATA6/QKI/IL6/CXCL12/AKT3/SEMA6A/TIE1/GREM1/SULF1/CXCL13/ANXA3/KLF2/HOXA5/THBS2/CHI3L1/RRAS/RAMP2/SASH1/ALOX5/SEMA5A/C5AR1/TEK/DSG2",45
"GO:0001822","kidney development","38/635","198/11973",0.191919191919192,3.61865903125746,8.79291918053403,3.08783702415904e-12,1.89725529155829e-09,1.14431178165213e-09,"ANGPT1/ID3/CD34/EZH2/GPC3/AGTR1/PODXL/MMP9/TFAP2A/COL4A3/WFS1/AQP1/EGR1/AGTR2/LGR4/HYAL2/TCF21/EDN1/CAT/GREM1/SMAD6/SULF1/PECAM1/PTCH1/KANK2/BMP2/CENPF/MME/ITGA8/FGFR2/CD24/ZBTB16/HPGD/EPCAM/TEK/SOX4/SLIT2/EDNRA",38
"GO:0045765","regulation of angiogenesis","44/635","259/11973",0.16988416988417,3.20318608822546,8.48301906821713,4.65012800086377e-12,2.50002506646438e-09,1.50786673291139e-09,"JCAD/ADAMTS1/EMP2/CD34/CLIC3/CEACAM1/KLF4/NPR1/ADGRG6/GATA2/RGCC/CLDN5/COL4A3/DCN/CDH5/CD36/MDK/RECK/FBLN5/HYAL1/AQP1/PGK1/GATA6/QKI/IL6/AKT3/SEMA6A/TIE1/GREM1/SULF1/CXCL13/ANXA3/KLF2/HOXA5/THBS2/CHI3L1/RRAS/RAMP2/SASH1/ALOX5/SEMA5A/C5AR1/TEK/DSG2",44
"GO:0009611","response to wounding","58/635","425/11973",0.136470588235294,2.57316905974988,7.81481073072943,2.2615299053249e-11,1.03124867419714e-08,6.21987991256405e-09,"AGER/SERPING1/MCAM/DUOX1/ANGPT1/HBEGF/PROS1/CDK1/PTN/CD34/MYL9/CPB2/CEACAM1/SPP1/ENG/GATA2/THBD/HBB/MYLK/FLRT3/CD36/MDK/FERMT2/FAP/F8/COL3A1/FBLN1/F2RL1/MMP12/SVEP1/TNC/IL6/EDN1/NDNF/CLDN3/COL5A1/PLA2G4A/FOLR1/AURKA/CAV1/TYROBP/DST/SLC6A4/VWF/ZFP36/CLDN4/TFPI2/IL33/MACF1/AHNAK/DSP/ALOX5/PLAU/CCN2/LYVE1/CX3CR1/DSG2/EDNRA",58
"GO:0002040","sprouting angiogenesis","27/635","113/11973",0.238938053097345,4.50520521218034,8.8595633202993,2.39769512717308e-11,1.03124867419714e-08,6.21987991256405e-09,"JCAD/ANGPT1/CLIC3/CEACAM1/MMRN2/KLF4/VEGFD/ADGRG6/GATA2/AGTR1/CDH5/RECK/NR4A1/STARD13/AKT3/SEMA6A/GREM1/KLF2/SRPX2/EFNB2/RAMP2/ALOX5/SEMA5A/TEK/SLIT2/TGFBR3/DSG2",27
"GO:0009887","animal organ morphogenesis","63/635","492/11973",0.128048780487805,2.41437487996927,7.58157119798636,4.7229401332785e-11,1.84666959211189e-08,1.11380149022367e-08,"SOBP/FHL1/ID3/EMP2/CD34/COL1A2/GPC3/FOXF1/ENG/ADGRG6/FLI1/MYLK/TFAP2A/CLDN5/DCN/COL3A1/MEIS1/AQP1/COL11A1/COL13A1/AGTR2/LGR4/TCF21/TGFBR2/GATA6/EDN1/GHR/COL5A1/TBX2/SEMA6A/S1PR1/PERP/GREM1/FHL2/SMAD6/SULF1/MEIS2/COL5A2/COMP/FOXF2/FOLR1/ABLIM1/PTCH1/EFEMP1/CAV1/BMP2/SLC6A4/DLC1/TNNC1/TMT1A/FGFR2/COL1A1/RBP4/DSP/SFTPB/ELF3/TEK/SOX4/SLIT2/HEY1/TGFBR3/TBX3/EDNRA",63
"GO:2000147","positive regulation of cell motility","61/635","486/11973",0.125514403292181,2.3665888986099,7.27871480125681,2.23419894063629e-10,7.91032744119708e-08,4.77104000076515e-08,"AGER/JCAD/MCAM/DUOX1/ANGPT1/HBEGF/ADAMTS1/PTN/EZH2/VEGFD/GATA2/PODXL/NR4A3/MYLK/MMP9/CDH5/MDK/FERMT2/FBLN1/F2RL1/GPI/IL6/EDN1/SPOCK2/FGR/SEMA3G/CLDN3/CXCL12/GAS6/AKT3/SEMA6A/S1PR1/PERP/GREM1/JAM2/PECAM1/CXCL13/ANXA3/LCN2/CAV1/SRPX2/CCL14/BMP2/RRAS/PLPP3/CLDN4/STK39/DOCK4/COL1A1/SASH1/FAM107A/CAVIN1/SEMA5A/PLAU/MMP7/NEDD9/C5AR1/TEK/LYVE1/TGFBR3/CX3CR1",61
"GO:0040017","positive regulation of locomotion","62/635","499/11973",0.124248496993988,2.34272008584097,7.2507065048365,2.39093831052225e-10,7.91032744119708e-08,4.77104000076515e-08,"AGER/JCAD/MCAM/DUOX1/ANGPT1/HBEGF/ADAMTS1/PTN/EZH2/VEGFD/GATA2/PODXL/NR4A3/MYLK/MMP9/CDH5/MDK/FERMT2/FBLN1/F2RL1/GPI/IL6/EDN1/SPOCK2/FGR/SEMA3G/CLDN3/CXCL12/GAS6/AKT3/SEMA6A/S1PR1/PERP/GREM1/JAM2/PECAM1/CXCL13/ANXA3/LCN2/CAV1/SRPX2/CCL14/BMP2/RRAS/PLPP3/CLDN4/STK39/DOCK4/COL1A1/SASH1/FAM107A/CAVIN1/SEMA5A/PLAU/MMP7/NEDD9/C5AR1/TEK/SLIT2/LYVE1/TGFBR3/CX3CR1",62
"GO:0043542","endothelial cell migration","35/635","207/11973",0.169082125603865,3.18806344859067,7.51506346284342,8.59547916817152e-10,2.64065399302184e-07,1.5926857544826e-07,"JCAD/ANGPT1/PTN/EMP2/CEACAM1/MMRN2/KLF4/GATA2/RGCC/DCN/CDH5/FAP/S100P/NR4A1/AGTR2/GPI/STARD13/EDN1/AKT3/GREM1/CXCL13/ANXA3/LCN2/ZEB2/ID1/S100A2/SRPX2/RRAS/PLPP3/EFNB2/SASH1/SEMA5A/TEK/SLIT2/TGFBR3",35
"GO:0030335","positive regulation of cell migration","58/635","469/11973",0.123667377398721,2.33176300723604,6.96291225676426,1.13334099872503e-09,3.24966642367756e-07,1.96000590516172e-07,"AGER/JCAD/MCAM/ANGPT1/HBEGF/ADAMTS1/PTN/EZH2/VEGFD/GATA2/PODXL/NR4A3/MYLK/MMP9/CDH5/MDK/FERMT2/FBLN1/F2RL1/GPI/IL6/EDN1/FGR/SEMA3G/CLDN3/CXCL12/GAS6/AKT3/SEMA6A/S1PR1/PERP/GREM1/JAM2/PECAM1/CXCL13/ANXA3/LCN2/CAV1/SRPX2/CCL14/BMP2/RRAS/PLPP3/CLDN4/STK39/DOCK4/COL1A1/SASH1/FAM107A/SEMA5A/PLAU/MMP7/NEDD9/C5AR1/TEK/LYVE1/TGFBR3/CX3CR1",58
"GO:0048729","tissue morphogenesis","45/635","324/11973",0.138888888888889,2.61876640419948,6.99059843409001,2.50297175921444e-09,6.72830096023833e-07,4.05811178577782e-07,"HBEGF/CEACAM1/GPC3/MMRN2/KLF4/FOXF1/ENG/KRT19/PODXL/MYLK/FLRT3/TFAP2A/MDK/FERMT2/COL3A1/MMP12/AGTR2/LGR4/TCF21/TGFBR2/TNC/STARD13/KRT15/COL5A1/TBX2/TIE1/S1PR1/PERP/GREM1/SULF1/RASIP1/LCN2/FOLR1/PTCH1/BMP2/DLC1/TNNC1/ITGA8/FGFR2/DSP/SLIT2/HEY1/TGFBR3/TBX3/EDNRA",45
"GO:0048844","artery morphogenesis","15/635","45/11973",0.333333333333333,6.28503937007874,8.40567625137107,4.89477067690602e-09,1.23837698125722e-06,7.46915492124166e-07,"FOXF1/ENG/MYLK/MDK/COL3A1/TGFBR2/EDN1/TBX2/AKT3/FOLR1/LDLR/HPGD/SOX4/HEY1/EDNRA",15
"GO:0003013","circulatory system process","58/635","496/11973",0.116935483870968,2.20483235966472,6.48567618014638,9.28460614621638e-09,2.21850505749315e-06,1.33807057291649e-06,"AGER/DES/SERPING1/ANGPT1/COL1A2/EDNRB/CEACAM1/ABCC3/GCLC/NPR1/ENG/LEPR/AGTR1/HBB/CLDN5/CDH5/CD36/FXYD1/FERMT2/SLC15A2/F2RL1/AGTR2/FABP5/SVEP1/GATA6/EDN1/RAMP3/CXCL12/OLR1/WWTR1/TBX2/KL/ADRB2/PECAM1/KLF2/ZEB2/KAT2B/SLC1A1/SLC7A5/CAV1/DMD/SLC6A4/TNNC1/KCNK3/MME/NPR3/SLC2A1/RAMP2/DOCK4/ATP2A2/DSP/NEDD4L/CPA3/TEK/SLIT2/NMU/DSG2/EDNRA",58
"GO:0001894","tissue homeostasis","27/635","147/11973",0.183673469387755,3.46318495902298,7.11113206758911,1.21460601222204e-08,2.61201022928351e-06,1.57540953632552e-06,"ANGPT1/PDK4/CD34/ACP5/SPP1/CLDN5/CDH5/COL3A1/CDH3/MUC4/IL6/CLDN3/WWTR1/S1PR1/PERP/JAM2/PECAM1/COMP/ZEB2/SLC1A1/DMD/STK39/INAVA/SLC2A1/RBP4/SLC39A8/ALDH1A1",27
"GO:0060249","anatomical structure homeostasis","27/635","147/11973",0.183673469387755,3.46318495902298,7.11113206758911,1.21460601222204e-08,2.61201022928351e-06,1.57540953632552e-06,"ANGPT1/PDK4/CD34/ACP5/SPP1/CLDN5/CDH5/COL3A1/CDH3/MUC4/IL6/CLDN3/WWTR1/S1PR1/PERP/JAM2/PECAM1/COMP/ZEB2/SLC1A1/DMD/STK39/INAVA/SLC2A1/RBP4/SLC39A8/ALDH1A1",27
"GO:0050673","epithelial cell proliferation","38/635","262/11973",0.145038167938931,2.73471178698083,6.71866481087501,1.37238034945526e-08,2.8107656585748e-06,1.69528701428926e-06,"JCAD/PTN/CD34/EDNRB/CEACAM1/MMRN2/CLDN18/ENG/GATA2/RGCC/AGTR1/NR4A3/COL4A3/KLF9/MDK/FAP/CDH3/NR4A1/MMP12/GATA6/IL6/CXCL12/TBX2/AKT3/TIE1/SULF1/CDKN1C/ZEB2/CAV1/NME1/ZFP36/FGFR2/ALOX5/SEMA5A/C5AR1/CAV2/TEK/TGFBR3",38
"GO:0003018","vascular process in circulatory system","35/635","231/11973",0.151515151515152,2.85683607730852,6.74389046726408,1.66727443770479e-08,3.25952152571286e-06,1.96594991776696e-06,"AGER/ANGPT1/EDNRB/CEACAM1/ABCC3/GCLC/NPR1/LEPR/AGTR1/HBB/CLDN5/CDH5/CD36/FERMT2/SLC15A2/F2RL1/AGTR2/FABP5/SVEP1/EDN1/ADRB2/PECAM1/KLF2/ZEB2/KAT2B/SLC1A1/SLC7A5/CAV1/SLC6A4/SLC2A1/RAMP2/DOCK4/TEK/SLIT2/EDNRA",35
"GO:0085029","extracellular matrix assembly","12/635","32/11973",0.375,7.07066929133858,8.13754128771682,3.7891025378968e-08,6.72105217608919e-06,4.0537397494254e-06,"MFAP4/TNXB/GPM6B/RGCC/MYH11/FBLN5/COL3A1/GAS6/TIE1/LTBP4/RAMP2/TGFBR3",12
"GO:0003206","cardiac chamber morphogenesis","19/635","82/11973",0.231707317073171,4.36886883042059,7.24408985710428,3.79399113506057e-08,6.72105217608919e-06,4.0537397494254e-06,"FOXF1/ENG/ADGRG6/TGFBR2/GATA6/TBX2/FHL2/SMAD6/BMP2/TNNC1/FGFR2/RBP4/DSP/TEK/SOX4/SLIT2/HEY1/TGFBR3/EDNRA",19
"GO:0010594","regulation of endothelial cell migration","27/635","155/11973",0.174193548387097,3.28443992887986,6.77447413693316,3.90667994425087e-08,6.72105217608919e-06,4.0537397494254e-06,"JCAD/ANGPT1/PTN/EMP2/CEACAM1/MMRN2/KLF4/GATA2/RGCC/DCN/AGTR2/GPI/STARD13/EDN1/AKT3/GREM1/CXCL13/ANXA3/LCN2/SRPX2/RRAS/PLPP3/SASH1/SEMA5A/TEK/SLIT2/TGFBR3",27
"GO:0003014","renal system process","22/635","109/11973",0.201834862385321,3.8056201690385,6.96351547885771,4.74138546148529e-08,7.8433457191724e-06,4.73064060169154e-06,"MCAM/EMP2/CD34/EDNRB/NPR1/AQP4/AGTR1/HBB/WFS1/ADCY9/SLC15A2/F2RL1/AQP1/HYAL2/EDN1/GAS6/SULF1/IGHA1/CLDN4/STK39/NPR3/EDNRA",22
"GO:0006959","humoral immune response","35/635","242/11973",0.144628099173554,2.72697989197631,6.42287451065126,5.55781560992866e-08,8.85339442159377e-06,5.33984202828178e-06,"SLPI/SERPING1/C7/GAPDH/H2BC5/C1QB/POU2AF1/CXCL3/CLU/TNFRSF21/PLA2G1B/GPI/PGC/GATA6/IL6/CXCL12/C4BPA/VSIG4/CFD/CXCL13/CXCL14/FCN3/IGHA1/DMBT1/CXCL2/CCL14/IGHD/CD55/IGHM/A2M/CFB/HLA-E/WFDC2/IGHG3/ALOX5",35
"GO:0009617","response to bacterium","53/635","460/11973",0.115217391304348,2.17243752139678,6.06843022232612,6.86827374504413e-08,1.05501590633696e-05,6.36322974996265e-06,"SLPI/DUOX1/H2BC5/EDNRB/MMRN2/MIF/IRAK3/MMP9/COLEC12/CD36/CDH1/SLC15A2/F2RL1/AQP1/PLSCR4/NR4A1/PLA2G1B/PGC/IL6/EDN1/SFTPD/FGR/CLDN3/SCGB1A1/C4BPA/SMAD6/CXCL13/ANXA3/LCN2/IGHA1/SLC7A5/NQO1/CAV1/FOS/DMBT1/CXCL2/ZFP36/IGHD/CD55/EFNB2/FGFR2/INAVA/IL33/IGHM/CFB/HLA-E/SASH1/CD24/WFDC2/IGHG3/HPGD/IL7R/CX3CR1",53
"GO:0040008","regulation of growth","48/635","402/11973",0.119402985074627,2.25135738629686,6.03963831505794,9.89719727115084e-08,1.46785674011103e-05,8.8532406205964e-06,"AGR2/FHL1/HBEGF/CDK1/SFN/CEACAM1/SOCS2/SPP1/NPR1/CRYAB/TMPRSS4/AGTR1/CAPN3/WWC2/WFS1/HYAL1/CDH1/SESN1/MT1M/AGTR2/CDKN2A/HYAL2/ENO1/TRPV2/TNC/EDN1/SEMA3G/GHR/CXCL12/TBX2/H3-3B/ACACB/PTCH1/LTBP4/SLC6A4/GDF15/FGFR2/MACF1/FAM107A/RBP4/NEDD4L/SEMA5A/SLIT2/NET1/FBP1/TGFBR3/CCNB1/WFDC1",48
"GO:0007507","heart development","43/635","345/11973",0.12463768115942,2.35005819924683,6.02159464982849,1.40733960148091e-07,2.01765587532313e-05,1.2169302674895e-05,"CDK1/EMP2/GPC3/FOXF1/ENG/ADGRG6/FLRT3/CLDN5/MYH11/COL3A1/MEIS1/HEG1/TGFBR2/GATA6/EDN1/PDLIM2/TBX2/TIE1/S1PR1/GREM1/FHL2/SMAD6/FOLR1/ACACB/KAT2B/BMP2/DLC1/TNNC1/EFNB2/FGFR2/RAMP2/NEBL/RBP4/DSP/TEK/SOX4/SLIT2/HEY1/TGFBR3/CCNB1/DSG2/TBX3/EDNRA",43
"GO:0032835","glomerulus development","15/635","57/11973",0.263157894736842,4.96187318690427,7.09536499959907,1.7271014140881e-07,2.25280646771253e-05,1.35875914762542e-05,"ANGPT1/CD34/PODXL/COL4A3/AQP1/EGR1/AGTR2/LGR4/TCF21/EDN1/SULF1/PECAM1/CD24/TEK/EDNRA",15
"GO:0060840","artery development","15/635","57/11973",0.263157894736842,4.96187318690427,7.09536499959907,1.7271014140881e-07,2.25280646771253e-05,1.35875914762542e-05,"FOXF1/ENG/MYLK/MDK/COL3A1/TGFBR2/EDN1/TBX2/AKT3/FOLR1/LDLR/HPGD/SOX4/HEY1/EDNRA",15
"GO:0008015","blood circulation","49/635","422/11973",0.116113744075829,2.1893383587715,5.88645529392857,1.72849601103263e-07,2.25280646771253e-05,1.35875914762542e-05,"AGER/DES/SERPING1/ANGPT1/COL1A2/EDNRB/CEACAM1/GCLC/NPR1/ENG/AGTR1/HBB/CLDN5/CDH5/FXYD1/FERMT2/F2RL1/AGTR2/SVEP1/GATA6/EDN1/CXCL12/OLR1/TBX2/KL/ADRB2/PECAM1/KLF2/ZEB2/KAT2B/SLC1A1/CAV1/DMD/SLC6A4/TNNC1/KCNK3/MME/NPR3/RAMP2/DOCK4/ATP2A2/DSP/NEDD4L/CPA3/TEK/SLIT2/NMU/DSG2/EDNRA",49
"GO:0003007","heart morphogenesis","26/635","157/11973",0.165605095541401,3.12250363609007,6.33526839178976,1.98703075217966e-07,2.51359390150726e-05,1.51605064884086e-05,"EMP2/FOXF1/ENG/ADGRG6/CLDN5/TGFBR2/GATA6/EDN1/TBX2/S1PR1/FHL2/SMAD6/FOLR1/BMP2/DLC1/TNNC1/FGFR2/RBP4/DSP/TEK/SOX4/SLIT2/HEY1/TGFBR3/TBX3/EDNRA",26
"GO:0007088","regulation of mitotic nuclear division","20/635","101/11973",0.198019801980198,3.73368675450222,6.52904229287202,2.68196473414145e-07,3.29575152044068e-05,1.98780170018164e-05,"DLGAP5/BIRC5/ZWINT/NUSAP1/BUB1/NDC80/UBE2C/TTK/RCC1/TRIP13/EDN1/NEK2/MAD2L1/DUSP1/AURKA/CENPF/CDC20/BUB1B/CAV2/CCNB1",20
"GO:0003094","glomerular filtration","9/635","20/11973",0.45,8.4848031496063,7.92791365272797,3.1116791595733e-07,3.63621888012426e-05,2.19315140334885e-05,"MCAM/EMP2/CD34/F2RL1/EDN1/GAS6/SULF1/IGHA1/EDNRA",9
"GO:0060343","trabecula formation","7/635","11/11973",0.636363636363636,11.9987115246958,8.63650930803881,3.12811203358748e-07,3.63621888012426e-05,2.19315140334885e-05,"ADGRG6/GREM1/FHL2/RBP4/TEK/HEY1/TGFBR3",7
"GO:0002009","morphogenesis of an epithelium","34/635","249/11973",0.136546184738956,2.57459444075515,5.941997611038,3.50175625753383e-07,3.96343517464553e-05,2.39050885051754e-05,"HBEGF/CEACAM1/GPC3/MMRN2/ENG/KRT19/PODXL/FLRT3/TFAP2A/MDK/FERMT2/MMP12/AGTR2/LGR4/TCF21/TGFBR2/TNC/STARD13/KRT15/COL5A1/TBX2/TIE1/PERP/GREM1/SULF1/RASIP1/LCN2/FOLR1/PTCH1/BMP2/DLC1/FGFR2/SLIT2/EDNRA",34
"GO:0001501","skeletal system development","37/635","286/11973",0.129370629370629,2.43929849677881,5.83021213101,4.22165251632794e-07,4.55348606225615e-05,2.74639252388053e-05,"OGN/COL1A2/ADGRG6/LEPR/TFAP2A/MDK/FBLN5/VCAN/HYAL1/COL3A1/COL11A1/COL13A1/HYAL2/TIMP1/TGFBR2/GHR/COL5A1/ETS2/GREM1/SULF1/COMP/GDF10/EFEMP1/SRD5A1/CHI3L1/TYROBP/BMP2/PTGER4/FGFR2/NPR3/COL1A1/ZBTB16/RBP4/COL10A1/PRELP/TBX3/EDNRA",37
"GO:0001570","vasculogenesis","14/635","53/11973",0.264150943396226,4.98059723666617,6.87305840920053,4.23481614718079e-07,4.55348606225615e-05,2.74639252388053e-05,"EMP2/CD34/CEACAM1/ENG/TGFBR2/TIE1/TMEM100/RASIP1/CAV1/RRAS/RAMP2/DSP/HEY1/TGFBR3",14
"GO:0050678","regulation of epithelial cell proliferation","32/635","229/11973",0.139737991266376,2.63477632981467,5.91112374602752,4.59068677442451e-07,4.81574239434142e-05,2.90456997735943e-05,"JCAD/PTN/EDNRB/CEACAM1/MMRN2/ENG/GATA2/RGCC/AGTR1/NR4A3/COL4A3/KLF9/MDK/CDH3/NR4A1/MMP12/GATA6/CXCL12/AKT3/TIE1/SULF1/CDKN1C/CAV1/NME1/ZFP36/FGFR2/ALOX5/SEMA5A/C5AR1/CAV2/TEK/TGFBR3",32
"GO:0072073","kidney epithelium development","19/635","96/11973",0.197916666666667,3.73174212598425,6.35951401308033,5.37273836831223e-07,5.50193993383593e-05,3.31844360442378e-05,"CD34/GPC3/PODXL/AQP1/AGTR2/LGR4/TCF21/EDN1/CAT/GREM1/SMAD6/PECAM1/KANK2/BMP2/FGFR2/CD24/EPCAM/SLIT2/EDNRA",19
"GO:0000302","response to reactive oxygen species","25/635","155/11973",0.161290322580645,3.04114808229616,6.05299562415996,5.70648689002016e-07,5.55929935831225e-05,3.35303940474074e-05,"ECT2/CDK1/KLF4/GPR37/CRYAB/HBB/CD36/FBLN5/HBA2/HYAL1/SESN1/AQP1/HYAL2/IL6/EDN1/SCGB1A1/CAT/HBA1/KLF2/LCN2/DUSP1/NQO1/FOS/COL1A1/NET1",25
"GO:0001837","epithelial to mesenchymal transition","22/635","125/11973",0.176,3.31850078740157,6.16654239859528,5.90267579817771e-07,5.55929935831225e-05,3.35303940474074e-05,"EMP2/EZH2/ENG/RGCC/MDK/FERMT2/TGFBR2/QKI/IL6/EDN1/WWTR1/S100A4/GREM1/FOXF2/BMP2/FGFR2/COL1A1/HEY1/TGFBR3/DSG2/TBX3/EDNRA",22
"GO:0061061","muscle structure development","50/635","453/11973",0.11037527593819,2.08113886426448,5.55144870482608,6.1270560284135e-07,5.55929935831225e-05,3.35303940474074e-05,"DES/FHL1/HBEGF/ID3/CDK1/CEACAM5/MYL9/EDNRB/SYNE1/ENG/TMEM204/KRT19/MYLK/CAPN3/MYH11/EPAS1/COL3A1/MEIS1/TCF21/GATA6/QKI/EDN1/PDLIM2/TBX2/S1PR1/GREM1/FHL2/KRT8/IGFBP3/CAV1/DMD/BMP2/SOSTDC1/CENPF/TNNC1/ITGA8/EFNB2/FGFR2/RAMP2/NEBL/DSP/CAV2/SOX4/HEY1/TGFBR3/CCNB1/RCAN1/TBX3/LMOD1/EDNRA",50
"GO:0001763","morphogenesis of a branching structure","17/635","79/11973",0.215189873417722,4.05743047941792,6.45220503444561,6.13716609080944e-07,5.55929935831225e-05,3.35303940474074e-05,"FOXF1/ENG/MDK/COL13A1/AGTR2/LGR4/TCF21/TGFBR2/TBX2/TIE1/GREM1/SULF1/RASIP1/BMP2/FGFR2/SLIT2/EDNRA",17
"GO:0042060","wound healing","41/635","339/11973",0.12094395280236,2.28041251480733,5.65961931517436,6.20477322004829e-07,5.55929935831225e-05,3.35303940474074e-05,"SERPING1/MCAM/DUOX1/ANGPT1/HBEGF/PROS1/CD34/MYL9/CPB2/CEACAM1/ENG/GATA2/THBD/HBB/MYLK/CD36/FERMT2/FAP/F8/COL3A1/FBLN1/F2RL1/MMP12/SVEP1/IL6/EDN1/NDNF/CLDN3/COL5A1/PLA2G4A/CAV1/DST/SLC6A4/VWF/CLDN4/TFPI2/MACF1/AHNAK/DSP/ALOX5/PLAU",41
"GO:0003205","cardiac chamber development","19/635","97/11973",0.195876288659794,3.69327055767514,6.30278868329499,6.35634258621597e-07,5.55929935831225e-05,3.35303940474074e-05,"FOXF1/ENG/ADGRG6/TGFBR2/GATA6/TBX2/FHL2/SMAD6/BMP2/TNNC1/FGFR2/RBP4/DSP/TEK/SOX4/SLIT2/HEY1/TGFBR3/EDNRA",19
"GO:0048762","mesenchymal cell differentiation","27/635","177/11973",0.152542372881356,2.87620445749366,5.95115696364324,6.38063151259519e-07,5.55929935831225e-05,3.35303940474074e-05,"EMP2/EZH2/ENG/RGCC/MDK/FERMT2/TCF21/TGFBR2/QKI/IL6/EDN1/SEMA3G/WWTR1/SEMA6A/S100A4/GREM1/FOXF2/FOLR1/BMP2/FGFR2/COL1A1/SEMA5A/HEY1/TGFBR3/DSG2/TBX3/EDNRA",27
"GO:0033002","muscle cell proliferation","25/635","156/11973",0.16025641025641,3.02165354330709,6.01474753902184,6.46279860301355e-07,5.55929935831225e-05,3.35303940474074e-05,"PIK3R1/OGN/ANGPT1/HBEGF/ADAMTS1/CDK1/KLF4/NPR1/RGCC/NR4A3/MMP9/RGS5/IL6/EDN1/TBX2/S1PR1/IGFBP3/FOS/BMP2/FGFR2/RBP4/CNN1/HPGD/TGFBR3/CCNB1",25
"GO:0006956","complement activation","14/635","55/11973",0.254545454545455,4.79948460987831,6.68353665628029,6.94875514037379e-07,5.7474222805284e-05,3.46650398552151e-05,"SERPING1/C7/C1QB/CLU/C4BPA/VSIG4/CFD/FCN3/IGHA1/IGHD/CD55/A2M/CFB/IGHG3",14
"GO:0033047","regulation of mitotic sister chromatid segregation","14/635","55/11973",0.254545454545455,4.79948460987831,6.68353665628029,6.94875514037379e-07,5.7474222805284e-05,3.46650398552151e-05,"CDK1/BIRC5/ZWINT/BUB1/NDC80/TTK/TRIP13/MAD2L1/DUSP1/KAT2B/CENPF/CDC20/BUB1B/CCNB1",14
"GO:0051783","regulation of nuclear division","20/635","107/11973",0.186915887850467,3.52432114210023,6.2070652659943,7.1120049634239e-07,5.77145912220494e-05,3.48100158173144e-05,"DLGAP5/BIRC5/ZWINT/NUSAP1/BUB1/NDC80/UBE2C/TTK/RCC1/TRIP13/EDN1/NEK2/MAD2L1/DUSP1/AURKA/CENPF/CDC20/BUB1B/CAV2/CCNB1",20
"GO:0097205","renal filtration","9/635","22/11973",0.409090909090909,7.713457408733,7.45860221207608,8.37209421916163e-07,6.6682180067804e-05,4.02187331443226e-05,"MCAM/EMP2/CD34/F2RL1/EDN1/GAS6/SULF1/IGHA1/EDNRA",9
"GO:0010965","regulation of mitotic sister chromatid separation","14/635","56/11973",0.25,4.71377952755905,6.59217384877605,8.81927089040065e-07,6.89666983629331e-05,4.1596618984013e-05,"DLGAP5/BIRC5/ZWINT/BUB1/NDC80/UBE2C/TTK/TRIP13/MAD2L1/DUSP1/CENPF/CDC20/BUB1B/CCNB1",14
"GO:0060537","muscle tissue development","32/635","236/11973",0.135593220338983,2.55662618443881,5.71562557908933,9.07777092813476e-07,6.97205227891207e-05,4.20512811351857e-05,"CDK1/ENG/MYLK/MYH11/COL3A1/MEIS1/TCF21/GATA6/EDN1/TBX2/S1PR1/GREM1/FHL2/PTCH1/CAV1/DMD/BMP2/TNNC1/ITGA8/EFNB2/FGFR2/NEBL/RBP4/DSP/CAV2/HEY1/TGFBR3/CCNB1/RCAN1/DSG2/TBX3/EDNRA",32
"GO:0040013","negative regulation of locomotion","34/635","261/11973",0.130268199233716,2.45622228255951,5.62904064312892,1.06211409902257e-06,8.01430305244924e-05,4.83375191807523e-05,"MMRN2/MIF/KLF4/ENG/RGCC/CLDN5/DCN/RECK/CDH1/COL3A1/FBLN1/AGTR2/HYAL2/TIMP1/STARD13/CLDN3/CXCL12/GREM1/SULF1/CXCL13/DACH1/ZEB2/DUSP1/LIMCH1/IGFBP3/DLC1/ADARB1/PTGER4/GDF15/IL33/SEMA5A/NEDD9/SLIT2/TGFBR3",34
"GO:0060485","mesenchyme development","30/635","215/11973",0.13953488372093,2.63094671305622,5.71076467260183,1.08273997741672e-06,8.02907697046434e-05,4.84266266852672e-05,"EMP2/EZH2/FOXF1/ENG/RGCC/MDK/FERMT2/TCF21/TGFBR2/QKI/IL6/EDN1/SEMA3G/WWTR1/TBX2/SEMA6A/S100A4/GREM1/FOXF2/FOLR1/BMP2/FGFR2/COL1A1/SEMA5A/SOX4/HEY1/TGFBR3/DSG2/TBX3/EDNRA",30
"GO:0051306","mitotic sister chromatid separation","14/635","57/11973",0.245614035087719,4.63108164111065,6.50294655371204,1.1128349324549e-06,8.11237804150595e-05,4.89290493030419e-05,"DLGAP5/BIRC5/ZWINT/BUB1/NDC80/UBE2C/TTK/TRIP13/MAD2L1/DUSP1/CENPF/CDC20/BUB1B/CCNB1",14
"GO:0035633","maintenance of blood-brain barrier","10/635","29/11973",0.344827586206897,6.5017648655987,7.01985461208818,1.3118687125972e-06,9.16186662513238e-05,5.52589415231171e-05,"ANGPT1/CLDN5/CDH5/IL6/CLDN3/JAM2/PECAM1/ZEB2/SLC1A1/DMD",10
"GO:1903034","regulation of response to wounding","23/635","141/11973",0.163120567375887,3.07565756408109,5.86729835259628,1.31675267586573e-06,9.16186662513238e-05,5.52589415231171e-05,"SERPING1/DUOX1/HBEGF/PROS1/PTN/CPB2/CEACAM1/SPP1/THBD/MYLK/CD36/MDK/FERMT2/FAP/F2RL1/EDN1/CLDN3/CAV1/CLDN4/IL33/ALOX5/PLAU/DSG2",23
"GO:0030336","negative regulation of cell migration","32/635","240/11973",0.133333333333333,2.5140157480315,5.60703759996906,1.32070618637109e-06,9.16186662513238e-05,5.52589415231171e-05,"MMRN2/MIF/KLF4/ENG/RGCC/CLDN5/DCN/RECK/CDH1/COL3A1/AGTR2/HYAL2/TIMP1/STARD13/CLDN3/CXCL12/GREM1/SULF1/CXCL13/DACH1/ZEB2/DUSP1/LIMCH1/IGFBP3/DLC1/ADARB1/PTGER4/GDF15/IL33/NEDD9/SLIT2/TGFBR3",32
"GO:1904018","positive regulation of vasculature development","24/635","152/11973",0.157894736842105,2.97712391214256,5.80537882325489,1.42177196681345e-06,9.65671388153027e-05,5.82435664606986e-05,"JCAD/EMP2/CD34/CLIC3/KLF4/GATA2/CDH5/MDK/HYAL1/AQP1/GATA6/CXCL12/AKT3/TIE1/GREM1/ANXA3/CHI3L1/RRAS/RAMP2/SASH1/SEMA5A/C5AR1/TEK/DSG2",24
"GO:0090287","regulation of cellular response to growth factor stimulus","30/635","218/11973",0.137614678899083,2.59474102434443,5.62353091475714,1.45489845337581e-06,9.65671388153027e-05,5.82435664606986e-05,"JCAD/ANGPT1/MMRN2/ENG/TMEM204/DCN/CDH5/CDH3/AGTR2/ZNF423/LRRC32/SEMA6A/GREM1/SMAD6/SULF1/CXCL13/CDKN1C/FOLR1/ZEB2/CAV1/DMD/LTBP4/BMP2/SOSTDC1/CHRDL1/GDF15/DKK3/CRIM1/SLIT2/TGFBR3",30
"GO:2000146","negative regulation of cell motility","33/635","253/11973",0.130434782608696,2.45936323176994,5.55215836774721,1.48667318376087e-06,9.65671388153027e-05,5.82435664606986e-05,"MMRN2/MIF/KLF4/ENG/RGCC/CLDN5/DCN/RECK/CDH1/COL3A1/FBLN1/AGTR2/HYAL2/TIMP1/STARD13/CLDN3/CXCL12/GREM1/SULF1/CXCL13/DACH1/ZEB2/DUSP1/LIMCH1/IGFBP3/DLC1/ADARB1/PTGER4/GDF15/IL33/NEDD9/SLIT2/TGFBR3",33
"GO:0016525","negative regulation of angiogenesis","18/635","93/11973",0.193548387096774,3.6493776987554,6.06986623870588,1.50255681490161e-06,9.65671388153027e-05,5.82435664606986e-05,"ADAMTS1/KLF4/NPR1/RGCC/CLDN5/COL4A3/DCN/CD36/FBLN5/PGK1/QKI/SEMA6A/SULF1/KLF2/HOXA5/THBS2/ALOX5/TEK",18
"GO:0009636","response to toxic substance","29/635","207/11973",0.140096618357488,2.64153828597512,5.63798294045635,1.50430093016166e-06,9.65671388153027e-05,5.82435664606986e-05,"CDK1/SLC7A11/HBB/ALDH2/CD36/FBLN5/HBA2/CDH1/SESN1/SLC15A2/MT1M/ALOX5AP/EDN1/GPX3/CAT/HBA1/LCN2/SRD5A1/NQO1/CP/FOS/ABCG1/SLC6A4/CES1/PRDX4/SLC39A8/CCNB1/ALDH1A1/EDNRA",29
"GO:0140014","mitotic nuclear division","31/635","230/11973",0.134782608695652,2.54134200616227,5.58567152083998,1.530470142008e-06,9.68022364820057e-05,5.83853634192018e-05,"DLGAP5/CDK1/CENPA/BIRC5/ZWINT/RGCC/NUSAP1/BUB1/NDC80/UBE2C/TTK/KIF4A/RCC1/TRIP13/EDN1/KIF11/H3-3B/NEK2/MAD2L1/KIF2A/DUSP1/KAT2B/AURKA/UBE2S/CENPF/PRC1/CDC20/TPX2/BUB1B/CAV2/CCNB1",31
"GO:0050878","regulation of body fluid levels","36/635","290/11973",0.124137931034483,2.34063535161553,5.469334285596,1.63936682738413e-06,0.000102187198906944,6.16332531333743e-05,"AGR2/SERPING1/ANGPT1/PROS1/MYL9/EDNRB/CPB2/CEACAM1/NPR1/CDO1/AQP4/FLI1/THBD/HBB/CD36/FAP/WFS1/ADCY9/F8/COL3A1/FBLN1/F2RL1/AQP1/HYAL2/GPI/SVEP1/IL6/EDN1/PLA2G4A/CAV1/SLC6A4/VWF/STK39/NPR3/TFPI2/PLAU",36
"GO:0051384","response to glucocorticoid","20/635","113/11973",0.176991150442478,3.33718904605951,5.9073500955438,1.74704413907193e-06,0.000106264623795096,6.40925138133019e-05,"CDO1/IGFBP2/KLF9/MDK/AQP1/IL6/EDN1/GHR/SCGB1A1/TBX2/BCHE/DUSP1/SRD5A1/FOS/ZFP36/FAM107A/ABCA3/PTGDS/FOSB/SLIT2",20
"GO:2000181","negative regulation of blood vessel morphogenesis","18/635","94/11973",0.191489361702128,3.61055453174736,6.01324287876369,1.76820560221113e-06,0.000106264623795096,6.40925138133019e-05,"ADAMTS1/KLF4/NPR1/RGCC/CLDN5/COL4A3/DCN/CD36/FBLN5/PGK1/QKI/SEMA6A/SULF1/KLF2/HOXA5/THBS2/ALOX5/TEK",18
"GO:0031589","cell-substrate adhesion","36/635","291/11973",0.123711340206186,2.33259193116324,5.44611820505036,1.77890093309624e-06,0.000106264623795096,6.40925138133019e-05,"AGR2/PIK3R1/EMP2/CD34/GPM6B/SLK/CD36/MDK/FERMT2/FBLN5/COL3A1/FBLN1/COL13A1/MMP12/CDKN2A/SVEP1/MUC4/SPOCK2/NDNF/SORBS1/GREM1/SMAD6/LIMCH1/RRAS/PLPP3/VWF/DLC1/ITGA8/MACF1/FAM107A/ECM2/ARHGAP6/PLAU/NEDD9/TEK/LYVE1",36
"GO:1901343","negative regulation of vasculature development","18/635","95/11973",0.189473684210526,3.57254869457107,5.957385947433,2.07565992727446e-06,0.00012229333352339,7.37600801489337e-05,"ADAMTS1/KLF4/NPR1/RGCC/CLDN5/COL4A3/DCN/CD36/FBLN5/PGK1/QKI/SEMA6A/SULF1/KLF2/HOXA5/THBS2/ALOX5/TEK",18
"GO:0030324","lung development","14/635","60/11973",0.233333333333333,4.39952755905512,6.24720289297714,2.16392782861391e-06,0.000125770994471195,7.58575988185991e-05,"FOXF1/CLDN18/EPAS1/COL3A1/TCF21/SFTPD/TBX2/CHI3L1/BMP2/MME/FGFR2/ABCA3/RBP4/WFDC2",14
"GO:0000070","mitotic sister chromatid segregation","25/635","167/11973",0.149700598802395,2.82262247159225,5.61313589943436,2.35388847201692e-06,0.000134987657575263,8.14165429545997e-05,"DLGAP5/CDK1/CENPA/BIRC5/ZWINT/NUSAP1/BUB1/NDC80/UBE2C/TTK/KIF4A/RCC1/TRIP13/KIF11/H3-3B/MAD2L1/KIF2A/DUSP1/KAT2B/CENPF/PRC1/CDC20/TPX2/BUB1B/CCNB1",25
"GO:0060562","epithelial tube morphogenesis","23/635","146/11973",0.157534246575342,2.97032682558516,5.66864669726856,2.44715232052124e-06,0.000138489501717919,8.35286474920228e-05,"GPC3/MMRN2/ENG/PODXL/MDK/AGTR2/LGR4/TCF21/TGFBR2/STARD13/TBX2/TIE1/PERP/GREM1/RASIP1/LCN2/FOLR1/PTCH1/BMP2/DLC1/FGFR2/SLIT2/EDNRA",23
"GO:0042542","response to hydrogen peroxide","16/635","78/11973",0.205128205128205,3.86771653543307,6.0131673275479,2.57230492486923e-06,0.000143681603660553,8.66602152103634e-05,"ECT2/CDK1/KLF4/CRYAB/HBB/HBA2/AQP1/IL6/EDN1/CAT/HBA1/KLF2/LCN2/DUSP1/COL1A1/NET1",16
"GO:0031032","actomyosin structure organization","25/635","168/11973",0.148809523809524,2.80582114735658,5.57825508691548,2.63010178584246e-06,0.000145026510011646,8.74713828953991e-05,"PIK3R1/ECT2/EPB41L2/MYL9/ARRB1/KRT19/RGCC/CAPN3/FERMT2/MYH11/EDN1/S1PR1/SORBS1/KRT8/ZEB2/LIMCH1/DLC1/SYNPO/PTGER4/NEBL/CNN1/ARHGAP6/MYH10/CCN2/LMOD1",25
"GO:0002042","cell migration involved in sprouting angiogenesis","13/635","53/11973",0.245283018867925,4.62484029119002,6.25879423717788,2.73662438904654e-06,0.000148939729869831,8.98316048475211e-05,"JCAD/MMRN2/KLF4/GATA2/CDH5/NR4A1/STARD13/AKT3/GREM1/SRPX2/EFNB2/SLIT2/TGFBR3",13
"GO:0051145","smooth muscle cell differentiation","11/635","38/11973",0.289473684210526,5.4580605055947,6.51371174460214,2.77032745630934e-06,0.000148939729869831,8.98316048475211e-05,"EDNRB/ENG/TMEM204/GATA6/QKI/ITGA8/FGFR2/RAMP2/HEY1/RCAN1/EDNRA",11
"GO:0061138","morphogenesis of a branching epithelium","15/635","70/11973",0.214285714285714,4.04038245219348,6.03741474265125,2.97001192938842e-06,0.000157703966769131,9.51176723502354e-05,"ENG/MDK/AGTR2/LGR4/TCF21/TGFBR2/TBX2/TIE1/GREM1/SULF1/RASIP1/BMP2/FGFR2/SLIT2/EDNRA",15
"GO:0045766","positive regulation of angiogenesis","23/635","148/11973",0.155405405405405,2.93018727388806,5.59154367268424,3.10749966462543e-06,0.000160854474789381,9.70178717919254e-05,"JCAD/EMP2/CD34/CLIC3/KLF4/GATA2/CDH5/MDK/HYAL1/AQP1/GATA6/AKT3/TIE1/GREM1/ANXA3/CHI3L1/RRAS/RAMP2/SASH1/SEMA5A/C5AR1/TEK/DSG2",23
"GO:0048738","cardiac muscle tissue development","23/635","148/11973",0.155405405405405,2.93018727388806,5.59154367268424,3.10749966462543e-06,0.000160854474789381,9.70178717919254e-05,"CDK1/ENG/MYH11/MEIS1/GATA6/EDN1/TBX2/S1PR1/GREM1/FHL2/BMP2/TNNC1/EFNB2/FGFR2/NEBL/RBP4/DSP/HEY1/TGFBR3/CCNB1/DSG2/TBX3/EDNRA",23
"GO:0001503","ossification","35/635","286/11973",0.122377622377622,2.30744452397996,5.29610705589584,3.17639413039748e-06,0.000160854474789381,9.70178717919254e-05,"CLEC3B/PTN/SPP1/GPM6B/ADGRG6/IGFBP2/TFAP2A/MDK/FERMT2/VCAN/CYP24A1/COL13A1/LGR4/TNC/IL6/WWTR1/CAT/KL/S1PR1/GREM1/FHL2/SMAD6/GDF10/PTCH1/IGFBP3/BMP2/CHRDL1/TMT1A/FGFR2/PTPRB/COL1A1/CRIM1/ZBTB16/ALOX5/CCN2",35
"GO:0030323","respiratory tube development","14/635","62/11973",0.225806451612903,4.25760731521463,6.08586696218414,3.28739680552145e-06,0.000160854474789381,9.70178717919254e-05,"FOXF1/CLDN18/EPAS1/COL3A1/TCF21/SFTPD/TBX2/CHI3L1/BMP2/MME/FGFR2/ABCA3/RBP4/WFDC2",14
"GO:0007094","mitotic spindle assembly checkpoint signaling","12/635","46/11973",0.260869565217391,4.91872646353988,6.30173659688772,3.29114014914335e-06,0.000160854474789381,9.70178717919254e-05,"BIRC5/ZWINT/BUB1/NDC80/TTK/TRIP13/MAD2L1/DUSP1/CENPF/CDC20/BUB1B/CCNB1",12
"GO:0071173","spindle assembly checkpoint signaling","12/635","46/11973",0.260869565217391,4.91872646353988,6.30173659688772,3.29114014914335e-06,0.000160854474789381,9.70178717919254e-05,"BIRC5/ZWINT/BUB1/NDC80/TTK/TRIP13/MAD2L1/DUSP1/CENPF/CDC20/BUB1B/CCNB1",12
"GO:0071174","mitotic spindle checkpoint signaling","12/635","46/11973",0.260869565217391,4.91872646353988,6.30173659688772,3.29114014914335e-06,0.000160854474789381,9.70178717919254e-05,"BIRC5/ZWINT/BUB1/NDC80/TTK/TRIP13/MAD2L1/DUSP1/CENPF/CDC20/BUB1B/CCNB1",12
"GO:0031577","spindle checkpoint signaling","12/635","47/11973",0.25531914893617,4.81407270899648,6.20001135320987,4.2089125510172e-06,0.000202976623368471,0.000122423451685164,"BIRC5/ZWINT/BUB1/NDC80/TTK/TRIP13/MAD2L1/DUSP1/CENPF/CDC20/BUB1B/CCNB1",12
"GO:2001212","regulation of vasculogenesis","8/635","20/11973",0.4,7.54204724409449,6.92934531831691,4.27372489444388e-06,0.000202976623368471,0.000122423451685164,"EMP2/CD34/CEACAM1/TMEM100/RRAS/RAMP2/DSP/HEY1",8
"GO:0061383","trabecula morphogenesis","9/635","26/11973",0.346153846153846,6.52677165354331,6.67622176084804,4.3417459544058e-06,0.000202976623368471,0.000122423451685164,"ENG/ADGRG6/S1PR1/GREM1/FHL2/RBP4/TEK/HEY1/TGFBR3",9
"GO:0072012","glomerulus vasculature development","9/635","26/11973",0.346153846153846,6.52677165354331,6.67622176084804,4.3417459544058e-06,0.000202976623368471,0.000122423451685164,"ANGPT1/CD34/AQP1/EGR1/TCF21/EDN1/PECAM1/TEK/EDNRA",9
"GO:0003158","endothelium development","18/635","100/11973",0.18,3.39392125984252,5.68894346784884,4.46630122232963e-06,0.000206554425346664,0.000124581369480561,"APOLD1/CD34/CEACAM1/CLDN5/CDH5/F2RL1/STARD13/EDN1/CLDN3/TIE1/S1PR1/TMEM100/PECAM1/LCN2/DSP/HEY1/DSG2/EDNRA",18
"GO:0071559","response to transforming growth factor beta","28/635","208/11973",0.134615384615385,2.53818897637795,5.2959928089278,5.01839965590987e-06,0.000225360708128167,0.000135924203021048,"COL1A2/ENG/RGCC/CLDN5/CDH5/FERMT2/COL3A1/CDH3/HYAL2/TGFBR2/EDN1/LRRC32/MXRA5/SMAD6/GDF10/CDKN1C/FOLR1/ZEB2/ID1/FOS/LTBP4/BMP2/GDF15/FGFR2/DKK3/COL1A1/HPGD/TGFBR3",28
"GO:0006935","chemotaxis","42/635","381/11973",0.110236220472441,2.07851695703391,5.06305062308311,5.13751406155534e-06,0.000225360708128167,0.000135924203021048,"AGR2/ANGPT1/HBEGF/PTN/EDNRB/MIF/VEGFD/ENG/AGTR1/FLRT3/MDK/CXCL3/F2RL1/NR4A1/PLA2G1B/IL6/EDN1/SFTPD/SEMA3G/CXCL12/GAS6/SEMA6A/S1PR1/S100A4/PERP/GREM1/CXCL13/CXCL14/DUSP1/CXCL2/CCL14/STK39/EFNB2/DOCK4/ANOS1/ALOX5/SEMA5A/PLAU/NEDD9/C5AR1/SLIT2/CX3CR1",42
"GO:0042330","taxis","42/635","381/11973",0.110236220472441,2.07851695703391,5.06305062308311,5.13751406155534e-06,0.000225360708128167,0.000135924203021048,"AGR2/ANGPT1/HBEGF/PTN/EDNRB/MIF/VEGFD/ENG/AGTR1/FLRT3/MDK/CXCL3/F2RL1/NR4A1/PLA2G1B/IL6/EDN1/SFTPD/SEMA3G/CXCL12/GAS6/SEMA6A/S1PR1/S100A4/PERP/GREM1/CXCL13/CXCL14/DUSP1/CXCL2/CCL14/STK39/EFNB2/DOCK4/ANOS1/ALOX5/SEMA5A/PLAU/NEDD9/C5AR1/SLIT2/CX3CR1",42
"GO:0007178","cell surface receptor protein serine/threonine kinase signaling pathway","33/635","268/11973",0.123134328358209,2.32171230461864,5.17869831013549,5.31024696699863e-06,0.000225360708128167,0.000135924203021048,"COL1A2/ENG/RGCC/CLDN5/CDH5/FERMT2/COL3A1/CDH3/TTK/TGFBR2/WWTR1/ZNF423/LRRC32/TMEM100/GREM1/SMAD6/SULF1/GDF10/CDKN1C/FOLR1/ZEB2/ID1/CAV1/FOS/LTBP4/BMP2/SOSTDC1/CHRDL1/GDF15/DKK3/CRIM1/HPGD/TGFBR3",33
"GO:0060326","cell chemotaxis","33/635","268/11973",0.123134328358209,2.32171230461864,5.17869831013549,5.31024696699863e-06,0.000225360708128167,0.000135924203021048,"AGR2/HBEGF/PTN/EDNRB/MIF/VEGFD/ENG/AGTR1/MDK/CXCL3/F2RL1/NR4A1/PLA2G1B/IL6/EDN1/SFTPD/CXCL12/GAS6/PERP/GREM1/CXCL13/CXCL14/DUSP1/CXCL2/CCL14/STK39/DOCK4/ALOX5/SEMA5A/NEDD9/C5AR1/SLIT2/CX3CR1",33
"GO:0033046","negative regulation of sister chromatid segregation","12/635","48/11973",0.25,4.71377952755905,6.10111952301714,5.34452272240711e-06,0.000225360708128167,0.000135924203021048,"BIRC5/ZWINT/BUB1/NDC80/TTK/TRIP13/MAD2L1/DUSP1/CENPF/CDC20/BUB1B/CCNB1",12
"GO:0033048","negative regulation of mitotic sister chromatid segregation","12/635","48/11973",0.25,4.71377952755905,6.10111952301714,5.34452272240711e-06,0.000225360708128167,0.000135924203021048,"BIRC5/ZWINT/BUB1/NDC80/TTK/TRIP13/MAD2L1/DUSP1/CENPF/CDC20/BUB1B/CCNB1",12
"GO:0045841","negative regulation of mitotic metaphase/anaphase transition","12/635","48/11973",0.25,4.71377952755905,6.10111952301714,5.34452272240711e-06,0.000225360708128167,0.000135924203021048,"BIRC5/ZWINT/BUB1/NDC80/TTK/TRIP13/MAD2L1/DUSP1/CENPF/CDC20/BUB1B/CCNB1",12
"GO:2000816","negative regulation of mitotic sister chromatid separation","12/635","48/11973",0.25,4.71377952755905,6.10111952301714,5.34452272240711e-06,0.000225360708128167,0.000135924203021048,"BIRC5/ZWINT/BUB1/NDC80/TTK/TRIP13/MAD2L1/DUSP1/CENPF/CDC20/BUB1B/CCNB1",12
"GO:0072593","reactive oxygen species metabolic process","25/635","175/11973",0.142857142857143,2.69358830146232,5.34102565358076,5.55979174571811e-06,0.00023216178930421,0.000140026211513183,"DUOX1/PID1/CRYAB/PMAIP1/AGTR1/HBB/TFAP2A/CD36/FBLN5/HBA2/SESN1/F2RL1/TGFBR2/EDN1/GPX3/SFTPD/CAT/HBA1/LCN2/SLC1A1/NQO1/TYROBP/INAVA/PRDX4/ALOX5",25
"GO:0031960","response to corticosteroid","21/635","132/11973",0.159090909090909,2.99967788117394,5.467072186093,5.68855485946382e-06,0.000235254562024557,0.000141891588448808,"CDO1/IGFBP2/KLF9/MDK/AQP1/IL6/EDN1/GHR/SCGB1A1/TBX2/BCHE/DUSP1/SRD5A1/FOS/ZFP36/STK39/FAM107A/ABCA3/PTGDS/FOSB/SLIT2",21
"GO:0141091","transforming growth factor beta receptor superfamily signaling pathway","31/635","246/11973",0.126016260162602,2.37605146917611,5.16072550297756,6.35548508579529e-06,0.000260332774800053,0.000157017277895803,"COL1A2/ENG/RGCC/CLDN5/CDH5/FERMT2/COL3A1/CDH3/TGFBR2/ZNF423/LRRC32/TMEM100/GREM1/SMAD6/SULF1/GDF10/CDKN1C/FOLR1/ZEB2/ID1/CAV1/FOS/LTBP4/BMP2/SOSTDC1/CHRDL1/GDF15/DKK3/CRIM1/HPGD/TGFBR3",31
"GO:0022617","extracellular matrix disassembly","13/635","57/11973",0.228070175438596,4.30029009531703,5.91052810782502,6.54479682985767e-06,0.000265558218539791,0.000160168955407178,"ENG/MMP9/RECK/FAP/MMP11/TIMP3/MMP12/IL6/MMP1/FGFR4/TPSAB1/PLAU/MMP7",13
"GO:0007160","cell-matrix adhesion","27/635","200/11973",0.135,2.54544094488189,5.2158588540792,7.00019347474188e-06,0.000281381608737055,0.000169712685188285,"EMP2/CD34/GPM6B/SLK/CD36/FERMT2/FBLN5/COL3A1/COL13A1/MMP12/CDKN2A/SVEP1/MUC4/SORBS1/GREM1/LIMCH1/RRAS/PLPP3/DLC1/ITGA8/MACF1/FAM107A/ECM2/ARHGAP6/PLAU/TEK/LYVE1",27
"GO:0048754","branching morphogenesis of an epithelial tube","14/635","66/11973",0.212121212121212,3.99957050823193,5.78271590032456,7.18793722297991e-06,0.000286252944407746,0.000172650785730241,"ENG/MDK/AGTR2/LGR4/TCF21/TGFBR2/TBX2/TIE1/GREM1/RASIP1/BMP2/FGFR2/SLIT2/EDNRA",14
"GO:0048251","elastic fiber assembly","6/635","11/11973",0.545454545454545,10.2846098783107,7.29054666589749,7.98744401479121e-06,0.000315174281721257,0.000190094419792688,"MFAP4/TNXB/MYH11/FBLN5/COL3A1/LTBP4",6
"GO:0071560","cellular response to transforming growth factor beta stimulus","27/635","202/11973",0.133663366336634,2.520238559289,5.15682910170841,8.44240271114217e-06,0.000324385658201092,0.000195650175350735,"COL1A2/ENG/RGCC/CLDN5/CDH5/FERMT2/COL3A1/CDH3/HYAL2/TGFBR2/EDN1/LRRC32/SMAD6/GDF10/CDKN1C/FOLR1/ZEB2/ID1/FOS/LTBP4/BMP2/GDF15/FGFR2/DKK3/COL1A1/HPGD/TGFBR3",27
"GO:1902100","negative regulation of metaphase/anaphase transition of cell cycle","12/635","50/11973",0.24,4.52522834645669,5.91127922605113,8.44715036468782e-06,0.000324385658201092,0.000195650175350735,"BIRC5/ZWINT/BUB1/NDC80/TTK/TRIP13/MAD2L1/DUSP1/CENPF/CDC20/BUB1B/CCNB1",12
"GO:1905819","negative regulation of chromosome separation","12/635","50/11973",0.24,4.52522834645669,5.91127922605113,8.44715036468782e-06,0.000324385658201092,0.000195650175350735,"BIRC5/ZWINT/BUB1/NDC80/TTK/TRIP13/MAD2L1/DUSP1/CENPF/CDC20/BUB1B/CCNB1",12
"GO:0001935","endothelial cell proliferation","20/635","125/11973",0.16,3.0168188976378,5.36415571223938,8.6659571202885e-06,0.000326195016128019,0.000196741472659126,"JCAD/CD34/MMRN2/ENG/GATA2/RGCC/AGTR1/COL4A3/MDK/NR4A1/CXCL12/AKT3/TIE1/SULF1/ZEB2/CAV1/ALOX5/SEMA5A/CAV2/TEK",20
"GO:0061437","renal system vasculature development","9/635","28/11973",0.321428571428571,6.06057367829021,6.34435799818058,8.72179187508071e-06,0.000326195016128019,0.000196741472659126,"ANGPT1/CD34/AQP1/EGR1/TCF21/EDN1/PECAM1/TEK/EDNRA",9
"GO:0061440","kidney vasculature development","9/635","28/11973",0.321428571428571,6.06057367829021,6.34435799818058,8.72179187508071e-06,0.000326195016128019,0.000196741472659126,"ANGPT1/CD34/AQP1/EGR1/TCF21/EDN1/PECAM1/TEK/EDNRA",9
"GO:0061384","heart trabecula morphogenesis","8/635","22/11973",0.363636363636364,6.85640658554044,6.50642499897419,9.86836599407702e-06,0.000365895190866597,0.000220686261686274,"ENG/ADGRG6/S1PR1/FHL2/RBP4/TEK/HEY1/TGFBR3",8
"GO:0090288","negative regulation of cellular response to growth factor stimulus","14/635","68/11973",0.205882352941176,3.88193608151922,5.63996087502884,1.03706518942409e-05,0.000378001472857036,0.000227988052423294,"ANGPT1/MMRN2/DCN/AGTR2/SEMA6A/GREM1/SMAD6/SULF1/CXCL13/CAV1/SOSTDC1/CHRDL1/CRIM1/SLIT2",14
"GO:1905818","regulation of chromosome separation","14/635","68/11973",0.205882352941176,3.88193608151922,5.63996087502884,1.03706518942409e-05,0.000378001472857036,0.000227988052423294,"DLGAP5/BIRC5/ZWINT/BUB1/NDC80/UBE2C/TTK/TRIP13/MAD2L1/DUSP1/CENPF/CDC20/BUB1B/CCNB1",14
"GO:0051985","negative regulation of chromosome segregation","12/635","51/11973",0.235294117647059,4.43649837887911,5.82007609736282,1.05204944880322e-05,0.000380240729353164,0.000229338639032308,"BIRC5/ZWINT/BUB1/NDC80/TTK/TRIP13/MAD2L1/DUSP1/CENPF/CDC20/BUB1B/CCNB1",12
"GO:0014706","striated muscle tissue development","28/635","218/11973",0.128440366972477,2.42175828938814,5.01354236934685,1.23905161365788e-05,0.000444096749195212,0.000267852800073151,"CDK1/ENG/MYH11/MEIS1/TCF21/GATA6/EDN1/TBX2/S1PR1/GREM1/FHL2/CAV1/DMD/BMP2/TNNC1/EFNB2/FGFR2/NEBL/RBP4/DSP/CAV2/HEY1/TGFBR3/CCNB1/RCAN1/DSG2/TBX3/EDNRA",28
"GO:0045926","negative regulation of growth","23/635","161/11973",0.142857142857143,2.69358830146232,5.11989499917786,1.31017148933822e-05,0.000465706411210221,0.000280886465574743,"FHL1/SPP1/NPR1/CRYAB/TMPRSS4/WWC2/HYAL1/CDH1/SESN1/MT1M/AGTR2/CDKN2A/HYAL2/ENO1/SEMA3G/PTCH1/SLC6A4/GDF15/RBP4/SEMA5A/SLIT2/FBP1/WFDC1",23
"GO:0002688","regulation of leukocyte chemotaxis","18/635","108/11973",0.166666666666667,3.14251968503937,5.29303563297943,1.36299530185463e-05,0.000480511704366949,0.000289816139649412,"PTN/MIF/VEGFD/MDK/F2RL1/IL6/EDN1/CXCL12/GAS6/PERP/GREM1/CXCL13/DUSP1/STK39/NEDD9/C5AR1/SLIT2/CX3CR1",18
"GO:0071774","response to fibroblast growth factor","15/635","79/11973",0.189873417721519,3.58008571713346,5.44484728776533,1.4235645695165e-05,0.000497784651503289,0.000300234156138766,"GCLC/FLRT3/HYAL1/NR4A1/HYAL2/NDNF/SCGB1A1/TBX2/KL/FGFR4/SULF1/CXCL13/ZFP36/FGFR2/COL1A1",15
"GO:0007179","transforming growth factor beta receptor signaling pathway","23/635","162/11973",0.141975308641975,2.67696121318169,5.08556466304085,1.45246716885732e-05,0.000503795265585108,0.000303859401797267,"COL1A2/ENG/RGCC/CLDN5/CDH5/FERMT2/COL3A1/CDH3/TGFBR2/LRRC32/SMAD6/GDF10/CDKN1C/FOLR1/ZEB2/ID1/FOS/LTBP4/BMP2/GDF15/DKK3/HPGD/TGFBR3",23
"GO:0051304","chromosome separation","14/635","70/11973",0.2,3.77102362204724,5.50253763499826,1.47404627881411e-05,0.00050718984361436,0.000305906809781788,"DLGAP5/BIRC5/ZWINT/BUB1/NDC80/UBE2C/TTK/TRIP13/MAD2L1/DUSP1/CENPF/CDC20/BUB1B/CCNB1",14
"GO:0048589","developmental growth","35/635","307/11973",0.11400651465798,2.1496062992126,4.82902358965339,1.53734621355431e-05,0.000524771909880722,0.000316511268582829,"AGR2/NRN1/CDK1/PTN/SPP1/CLDN18/LEPR/FLRT3/CAPN3/MDK/WWC2/FBLN5/CDH1/COL3A1/MEIS1/TRPV2/EDN1/SEMA3G/GHR/CXCL12/TBX2/S1PR1/ACACB/PTCH1/SLC6A4/GDF15/FGFR2/MACF1/RBP4/NEDD4L/SEMA5A/SLIT2/TGFBR3/CCNB1/EDNRA",35
"GO:0072006","nephron development","18/635","109/11973",0.165137614678899,3.11368922921332,5.2461512173139,1.55351092591798e-05,0.000526114211997892,0.000317320865548534,"ANGPT1/CD34/GPC3/PODXL/COL4A3/AQP1/EGR1/AGTR2/LGR4/TCF21/EDN1/GREM1/SULF1/PECAM1/BMP2/CD24/TEK/EDNRA",18
"GO:0070293","renal absorption","9/635","30/11973",0.3,5.65653543307087,6.04322568873345,1.64196551792086e-05,0.000551726069732625,0.00033276841796083,"EDNRB/HBB/SLC15A2/HYAL2/EDN1/GAS6/CLDN4/STK39/EDNRA",9
"GO:0043534","blood vessel endothelial cell migration","18/635","110/11973",0.163636363636364,3.0853829634932,5.19980298555807,1.76749173505066e-05,0.000584767842496374,0.000352697254121396,"JCAD/ANGPT1/EMP2/MMRN2/KLF4/GATA2/RGCC/CDH5/NR4A1/AGTR2/STARD13/AKT3/GREM1/ID1/SRPX2/EFNB2/SLIT2/TGFBR3",18
"GO:0048771","tissue remodeling","18/635","110/11973",0.163636363636364,3.0853829634932,5.19980298555807,1.76749173505066e-05,0.000584767842496374,0.000352697254121396,"PTN/PDK4/CEACAM1/ACP5/SPP1/LEPR/MDK/EPAS1/AGTR2/LGR4/IL6/TIE1/S1PR1/GREM1/CAV1/NPR3/ELF3/EDNRA",18
"GO:0045839","negative regulation of mitotic nuclear division","12/635","54/11973",0.222222222222222,4.19002624671916,5.55997983860565,1.96389439528824e-05,0.000644787007185858,0.000388897251867975,"BIRC5/ZWINT/BUB1/NDC80/TTK/TRIP13/MAD2L1/DUSP1/CENPF/CDC20/BUB1B/CCNB1",12
"GO:0002274","myeloid leukocyte activation","25/635","188/11973",0.132978723404255,2.50732953593567,4.92974358784511,1.98033750285052e-05,0.000645259969678795,0.000389182514771367,"AGER/CD93/MIF/GATA2/IL1RL1/NR4A3/CLU/F2RL1/HYAL2/TGFBR2/IL6/FGR/VSIG4/PLA2G4A/ANXA3/HSPD1/LDLR/TYROBP/STK39/UBD/IL33/DNASE1L3/PTGDS/C5AR1/CX3CR1",25
"GO:0044344","cellular response to fibroblast growth factor stimulus","14/635","72/11973",0.194444444444444,3.66627296587927,5.3700845094476,2.06599407543147e-05,0.00066245371869417,0.000399552763654903,"GCLC/FLRT3/HYAL1/NR4A1/HYAL2/NDNF/TBX2/KL/FGFR4/SULF1/CXCL13/ZFP36/FGFR2/COL1A1",14
"GO:0060541","respiratory system development","14/635","72/11973",0.194444444444444,3.66627296587927,5.3700845094476,2.06599407543147e-05,0.00066245371869417,0.000399552763654903,"FOXF1/CLDN18/EPAS1/COL3A1/TCF21/SFTPD/TBX2/CHI3L1/BMP2/MME/FGFR2/ABCA3/RBP4/WFDC2",14
"GO:0009790","embryo development","48/635","485/11973",0.0989690721649484,1.86607354493059,4.60792518400501,2.07931299752878e-05,0.00066245371869417,0.000399552763654903,"SOBP/ID3/CDK1/EMP2/GPC3/KLF4/FOXF1/ENG/NR4A3/FLRT3/MMP9/TFAP2A/TAL1/COL3A1/MEIS1/RAI2/COL11A1/TCF21/TGFBR2/EDN1/COL5A1/TBX2/SCEL/GREM1/SMAD6/SULF1/MEIS2/COL5A2/LAMA4/FOXF2/FOLR1/DUSP1/PTCH1/KAT2B/EFEMP1/BMP2/DLC1/CHRDL1/ITGA8/FGFR2/COL1A1/ZBTB16/RBP4/DSP/LMO2/HEY1/TBX3/EDNRA",48
"GO:0000819","sister chromatid segregation","26/635","201/11973",0.129353233830846,2.4389705018216,4.86885435702945,2.22249366133659e-05,0.000702863620397697,0.000423925617861977,"DLGAP5/CDK1/CENPA/BIRC5/ZWINT/NUSAP1/BUB1/NDC80/UBE2C/TTK/KIF4A/RCC1/TRIP13/KIF11/H3-3B/MAD2L1/KIF2A/DUSP1/KAT2B/CENPF/PRC1/CDC20/TPX2/BUB1B/TOP2A/CCNB1",26
"GO:0042116","macrophage activation","15/635","82/11973",0.182926829268293,3.44910697138467,5.26632287080057,2.26999471790589e-05,0.000709356627249389,0.000427841814207191,"AGER/CD93/MIF/IL1RL1/CLU/IL6/VSIG4/PLA2G4A/HSPD1/LDLR/TYROBP/STK39/IL33/C5AR1/CX3CR1",15
"GO:0001936","regulation of endothelial cell proliferation","18/635","112/11973",0.160714285714286,3.03028683914511,5.10866880406471,2.27601056871462e-05,0.000709356627249389,0.000427841814207191,"JCAD/MMRN2/ENG/GATA2/RGCC/AGTR1/COL4A3/MDK/NR4A1/CXCL12/AKT3/TIE1/SULF1/CAV1/ALOX5/SEMA5A/CAV2/TEK",18
"GO:0010810","regulation of cell-substrate adhesion","24/635","178/11973",0.134831460674157,2.54226311598691,4.90593162751735,2.29370901464031e-05,0.000709729674242301,0.000428066814011381,"AGR2/EMP2/GPM6B/SLK/CD36/MDK/FERMT2/FBLN1/MMP12/CDKN2A/SPOCK2/NDNF/GREM1/LIMCH1/RRAS/PLPP3/DLC1/MACF1/FAM107A/ECM2/ARHGAP6/PLAU/NEDD9/TEK",24
"GO:0030199","collagen fibril organization","12/635","55/11973",0.218181818181818,4.11384395132427,5.47745084596591,2.39254600217134e-05,0.000735024311095639,0.000443323037616436,"COL4A5/TNXB/COL1A2/COL4A3/COL3A1/COL11A1/COL5A1/GREM1/COL5A2/COL1A1/PLOD2/DPT",12
"GO:0045916","negative regulation of complement activation","6/635","13/11973",0.461538461538462,8.70236220472441,6.57554893712936,2.70677338339484e-05,0.000819847346618394,0.000494483258033828,"SERPING1/CLU/C4BPA/VSIG4/CD55/A2M",6
"GO:2001214","positive regulation of vasculogenesis","6/635","13/11973",0.461538461538462,8.70236220472441,6.57554893712936,2.70677338339484e-05,0.000819847346618394,0.000494483258033828,"CD34/CEACAM1/TMEM100/RRAS/RAMP2/DSP",6
"GO:0051784","negative regulation of nuclear division","12/635","56/11973",0.214285714285714,4.04038245219348,5.39685502138595,2.90035141202876e-05,0.000872336463156343,0.000526141577675964,"BIRC5/ZWINT/BUB1/NDC80/TTK/TRIP13/MAD2L1/DUSP1/CENPF/CDC20/BUB1B/CCNB1",12
"GO:0035265","organ growth","15/635","84/11973",0.178571428571429,3.3669853768279,5.15186583727135,3.05662572557957e-05,0.00091295466984151,0.000550640069084172,"CDK1/CLDN18/LEPR/WWC2/FBLN5/MEIS1/EDN1/TBX2/S1PR1/ACACB/SLC6A4/FGFR2/RBP4/TGFBR3/CCNB1",15
"GO:0001649","osteoblast differentiation","23/635","170/11973",0.135294117647059,2.55098656785549,4.81990284463981,3.19900891502819e-05,0.000943504488418119,0.000569065906387193,"SPP1/IGFBP2/FERMT2/VCAN/CYP24A1/LGR4/TNC/IL6/WWTR1/CAT/GREM1/FHL2/SMAD6/GDF10/PTCH1/IGFBP3/BMP2/TMT1A/FGFR2/PTPRB/COL1A1/CRIM1/CCN2",23
"GO:0010718","positive regulation of epithelial to mesenchymal transition","11/635","48/11973",0.229166666666667,4.32096456692913,5.45579014698721,3.20278203462091e-05,0.000943504488418119,0.000569065906387193,"EMP2/EZH2/ENG/RGCC/MDK/FERMT2/TGFBR2/IL6/WWTR1/BMP2/COL1A1",11
"GO:0070482","response to oxygen levels","31/635","267/11973",0.116104868913858,2.18917101654428,4.65047888528808,3.29311242369855e-05,0.000963515410498466,0.000581135306852249,"VEGFD/ENG/RGCC/PMAIP1/AK4/EPAS1/AQP1/EGR1/PGK1/ENO1/GATA6/EDN1/NDNF/CLDN3/CXCL12/CAT/LCN2/ZEB2/SLC7A5/CAV1/FOS/BMP2/SLC6A4/KCNK3/FGFR2/SLC2A1/COL1A1/CD24/PLOD2/TGFBR3/CCNB1",31
"GO:0002685","regulation of leukocyte migration","24/635","182/11973",0.131868131868132,2.48638920134983,4.78183852073769,3.32261974727083e-05,0.000965580238717016,0.000582380688677293,"AGER/PTN/MIF/VEGFD/MDK/F2RL1/IL6/EDN1/CXCL12/GAS6/PERP/GREM1/JAM2/CXCL13/DUSP1/STK39/PTGER4/GDF15/IL33/NEDD9/C5AR1/SLIT2/LYVE1/CX3CR1",24
"GO:0033045","regulation of sister chromatid segregation","16/635","95/11973",0.168421052631579,3.17559883961873,5.03814834749209,3.56086341380117e-05,0.00102787070756771,0.000619950602282296,"DLGAP5/CDK1/BIRC5/ZWINT/BUB1/NDC80/UBE2C/TTK/TRIP13/MAD2L1/DUSP1/KAT2B/CENPF/CDC20/BUB1B/CCNB1",16
"GO:0050900","leukocyte migration","34/635","307/11973",0.110749185667752,2.08818897637795,4.57103465815136,3.71007328497873e-05,0.0010638016799129,0.000641622032144037,"AGER/PTN/EMP2/CD34/EDNRB/MIF/VEGFD/MDK/CXCL3/F2RL1/PLA2G1B/IL6/EDN1/SFTPD/CXCL12/GAS6/S1PR1/PERP/GREM1/JAM2/PECAM1/CXCL13/DUSP1/STK39/PTGER4/GDF15/IL33/ICAM2/ALOX5/NEDD9/C5AR1/SLIT2/LYVE1/CX3CR1",34
"GO:0036293","response to decreased oxygen levels","29/635","246/11973",0.117886178861789,2.22275782600346,4.5858150207126,4.44501188666683e-05,0.00126609245857974,0.000763631823012992,"VEGFD/ENG/RGCC/PMAIP1/AK4/EPAS1/AQP1/EGR1/PGK1/ENO1/GATA6/EDN1/NDNF/CLDN3/CXCL12/CAT/LCN2/ZEB2/CAV1/FOS/BMP2/SLC6A4/KCNK3/FGFR2/SLC2A1/CD24/PLOD2/TGFBR3/CCNB1",29
"GO:0072224","metanephric glomerulus development","6/635","14/11973",0.428571428571429,8.08076490438695,6.27333891056391,4.52484674452105e-05,0.00128035301632796,0.000772232945021629,"CD34/AQP1/EGR1/AGTR2/LGR4/TCF21",6
"GO:0048660","regulation of smooth muscle cell proliferation","18/635","118/11973",0.152542372881356,2.87620445749366,4.84699284160031,4.67194296236524e-05,0.00131333507719823,0.000792125766512201,"PIK3R1/OGN/HBEGF/ADAMTS1/KLF4/NPR1/RGCC/NR4A3/MMP9/RGS5/IL6/EDN1/S1PR1/IGFBP3/BMP2/FGFR2/CNN1/HPGD",18
"GO:0042692","muscle cell differentiation","32/635","285/11973",0.112280701754386,2.11706589307915,4.51682340095982,4.78760384415397e-05,0.00133710935933157,0.000806465002389711,"CDK1/CEACAM5/MYL9/EDNRB/SYNE1/ENG/TMEM204/KRT19/CAPN3/MYH11/MEIS1/GATA6/QKI/EDN1/TBX2/GREM1/FHL2/KRT8/DMD/BMP2/ITGA8/EFNB2/FGFR2/RAMP2/NEBL/CAV2/HEY1/CCNB1/RCAN1/TBX3/LMOD1/EDNRA",32
"GO:0098813","nuclear chromosome segregation","28/635","235/11973",0.119148936170213,2.24656726419836,4.56724792075089,4.95411125343435e-05,0.00137468596780782,0.000829128982290158,"ECT2/DLGAP5/CDK1/CENPA/BIRC5/ZWINT/NUSAP1/BUB1/NDC80/UBE2C/TTK/KIF4A/RCC1/TRIP13/KIF11/H3-3B/NEK2/MAD2L1/KIF2A/DUSP1/KAT2B/CENPF/PRC1/CDC20/TPX2/BUB1B/TOP2A/CCNB1",28
"GO:0043434","response to peptide hormone","39/635","378/11973",0.103174603174603,1.9453693288339,4.41991606362005,5.04793265848573e-05,0.00139174092077866,0.000839415517637771,"PIK3R1/PDK4/EDNRB/CEACAM1/PID1/KLF4/SOCS2/GCLC/CDO1/NR4A2/AGTR1/NR4A3/ADCY9/COL3A1/EGR1/NR4A1/AGTR2/PLA2G1B/TIMP1/EDN1/GHR/CXCL12/AKT3/CAT/KL/SORBS1/KLF2/KAT2B/CA2/SRD5A1/CAV1/FOS/GDF15/SLC2A1/COL1A1/CAV2/FBP1/TGFBR3/EDNRA",39
"GO:0061041","regulation of wound healing","18/635","119/11973",0.151260504201681,2.85203467213657,4.80498595478886,5.23833231844908e-05,0.00143503613386303,0.000865528620414196,"SERPING1/DUOX1/HBEGF/PROS1/CPB2/CEACAM1/THBD/MYLK/CD36/FERMT2/FAP/F2RL1/EDN1/CLDN3/CAV1/CLDN4/ALOX5/PLAU",18
"GO:2000352","negative regulation of endothelial cell apoptotic process","8/635","27/11973",0.296296296296296,5.58670166229221,5.6464190994088,5.40968083698854e-05,0.00147259729619542,0.000888183284117471,"ANGPT1/GATA2/CDH5/NDNF/GAS6/RAMP2/SEMA5A/TEK",8
"GO:0032970","regulation of actin filament-based process","34/635","313/11973",0.108626198083067,2.04815979472215,4.44684898437994,5.50155407774992e-05,0.00148818767851587,0.000897586477377298,"PIK3R1/ECT2/KANK3/GPM6B/RGCC/FERMT2/WASF3/F2RL1/EDN1/SPTBN1/CYRIA/GMFG/CXCL12/S1PR1/ADRB2/ZEB2/LIMCH1/KANK2/CAV1/ARHGAP44/DLC1/TNNC1/SYNPO/PTGER4/ATP2A2/FAM107A/DSP/ARHGAP6/SEMA5A/NEDD9/SLIT2/CCN2/DSG2/LMOD1",34
"GO:0001952","regulation of cell-matrix adhesion","17/635","109/11973",0.155963302752294,2.94070649425703,4.81681015192795,5.66138846564305e-05,0.00152185198692067,0.00091789079008639,"EMP2/GPM6B/SLK/CD36/FERMT2/MMP12/CDKN2A/GREM1/LIMCH1/RRAS/PLPP3/DLC1/MACF1/FAM107A/ARHGAP6/PLAU/TEK",17
"GO:0010595","positive regulation of endothelial cell migration","16/635","99/11973",0.161616161616162,3.04729181579575,4.84061804803479,5.98773850187601e-05,0.00159958157121545,0.000964772661749734,"JCAD/ANGPT1/GATA2/GPI/EDN1/AKT3/GREM1/ANXA3/LCN2/SRPX2/RRAS/PLPP3/SASH1/SEMA5A/TEK/TGFBR3",16
"GO:0009612","response to mechanical stimulus","23/635","177/11973",0.129943502824859,2.45010009342053,4.5995910704036,6.08426886403574e-05,0.00161533582618628,0.000974274693265728,"PTN/GCLC/IGFBP2/MDK/AQP1/COL11A1/GPI/EDN1/CXCL12/SCEL/MEIS2/PECAM1/PTCH1/CHI3L1/FOS/DMD/PTGER4/SLC2A1/COL1A1/TEK/FOSB/CCNB1/RCAN1",23
"GO:0097237","cellular response to toxic substance","17/635","110/11973",0.154545454545455,2.91397279885469,4.77239991310306,6.37317604005239e-05,0.00167417166057309,0.00100976097640945,"HBB/ALDH2/CD36/FBLN5/HBA2/SESN1/ALOX5AP/EDN1/GPX3/CAT/HBA1/NQO1/CP/PRDX4/SLC39A8/ALDH1A1/EDNRA",17
"GO:0090049","regulation of cell migration involved in sprouting angiogenesis","9/635","35/11973",0.257142857142857,4.84845894263217,5.39581539549096,6.38372825700969e-05,0.00167417166057309,0.00100976097640945,"JCAD/MMRN2/KLF4/GATA2/STARD13/AKT3/GREM1/SRPX2/TGFBR3",9
"GO:0048659","smooth muscle cell proliferation","18/635","121/11973",0.148760330578512,2.80489360317564,4.72226614280681,6.55651677171561e-05,0.00169876979729812,0.00102459711247737,"PIK3R1/OGN/HBEGF/ADAMTS1/KLF4/NPR1/RGCC/NR4A3/MMP9/RGS5/IL6/EDN1/S1PR1/IGFBP3/BMP2/FGFR2/CNN1/HPGD",18
"GO:0055001","muscle cell development","18/635","121/11973",0.148760330578512,2.80489360317564,4.72226614280681,6.55651677171561e-05,0.00169876979729812,0.00102459711247737,"CDK1/MYL9/ENG/KRT19/CAPN3/MYH11/MEIS1/EDN1/FHL2/KRT8/DMD/RAMP2/NEBL/CAV2/CCNB1/TBX3/LMOD1/EDNRA",18
"GO:0007599","hemostasis","25/635","202/11973",0.123762376237624,2.33355422156389,4.52357373548203,6.67796984603589e-05,0.00171987714417966,0.00103732781130501,"SERPING1/ANGPT1/PROS1/MYL9/CPB2/CEACAM1/FLI1/THBD/HBB/CD36/FAP/F8/COL3A1/FBLN1/F2RL1/GPI/SVEP1/IL6/EDN1/PLA2G4A/CAV1/SLC6A4/VWF/TFPI2/PLAU",25
"GO:0035051","cardiocyte differentiation","16/635","100/11973",0.16,3.0168188976378,4.79279284829335,6.78519689263782e-05,0.00173709118066877,0.00104771029638855,"CDK1/MYH11/MEIS1/GATA6/EDN1/TBX2/GREM1/FHL2/FOLR1/BMP2/EFNB2/NEBL/TGFBR3/CCNB1/TBX3/EDNRA",16
"GO:0010717","regulation of epithelial to mesenchymal transition","14/635","80/11973",0.175,3.29964566929134,4.88384867869901,7.04204127152775e-05,0.00179217866916218,0.00108093579976973,"EMP2/EZH2/ENG/RGCC/MDK/FERMT2/TGFBR2/QKI/IL6/WWTR1/GREM1/BMP2/COL1A1/DSG2",14
"GO:0001666","response to hypoxia","28/635","240/11973",0.116666666666667,2.19976377952756,4.44323028451886,7.20845970160824e-05,0.00182374030450688,0.00109997190489161,"VEGFD/ENG/RGCC/PMAIP1/AK4/EPAS1/AQP1/EGR1/PGK1/ENO1/GATA6/EDN1/NDNF/CLDN3/CXCL12/CAT/LCN2/CAV1/FOS/BMP2/SLC6A4/KCNK3/FGFR2/SLC2A1/CD24/PLOD2/TGFBR3/CCNB1",28
"GO:0048638","regulation of developmental growth","23/635","179/11973",0.128491620111732,2.42272467338231,4.53856758928224,7.25523160519073e-05,0.00182483924759797,0.00110063472213719,"AGR2/CDK1/SPP1/CAPN3/WWC2/CDH1/TRPV2/EDN1/SEMA3G/GHR/CXCL12/TBX2/ACACB/PTCH1/SLC6A4/GDF15/FGFR2/MACF1/RBP4/NEDD4L/SEMA5A/TGFBR3/CCNB1",23
"GO:0002920","regulation of humoral immune response","9/635","36/11973",0.25,4.71377952755905,5.28106802544022,8.11576413973553e-05,0.00201768217138743,0.0012169461277147,"SERPING1/CLU/PGC/GATA6/C4BPA/VSIG4/CXCL13/CD55/A2M",9
"GO:1903670","regulation of sprouting angiogenesis","9/635","36/11973",0.25,4.71377952755905,5.28106802544022,8.11576413973553e-05,0.00201768217138743,0.0012169461277147,"JCAD/CLIC3/CEACAM1/KLF4/ADGRG6/SEMA6A/KLF2/ALOX5/DSG2",9
"GO:0036302","atrioventricular canal development","5/635","10/11973",0.5,9.42755905511811,6.30933726951251,8.32918714190893e-05,0.00205884102858335,0.00124177070742107,"ENG/GATA6/TBX2/BMP2/TBX3",5
"GO:0030071","regulation of mitotic metaphase/anaphase transition","14/635","82/11973",0.170731707317073,3.2191665066257,4.77188112422464,9.30798712934175e-05,0.00228763729390279,0.00137976703462489,"DLGAP5/BIRC5/ZWINT/BUB1/NDC80/UBE2C/TTK/TRIP13/MAD2L1/DUSP1/CENPF/CDC20/BUB1B/CCNB1",14
"GO:0043114","regulation of vascular permeability","10/635","45/11973",0.222222222222222,4.19002624671916,5.07362878223898,9.66962722791946e-05,0.00235026236346293,0.00141753875951784,"ANGPT1/CEACAM1/NPR1/CLDN5/CDH5/FERMT2/ZEB2/RAMP2/TEK/SLIT2",10
"GO:0035909","aorta morphogenesis","7/635","22/11973",0.318181818181818,5.99935576234789,5.5542477858723,9.67208645275373e-05,0.00235026236346293,0.00141753875951784,"ENG/MYLK/COL3A1/TGFBR2/TBX2/SOX4/HEY1",7
"GO:0050680","negative regulation of epithelial cell proliferation","14/635","83/11973",0.168674698795181,3.18038136799165,4.71718133529975,0.000106614092677223,0.00257610793598167,0.00155375540396051,"CEACAM1/MMRN2/ENG/RGCC/COL4A3/KLF9/GATA6/SULF1/CDKN1C/CAV1/FGFR2/ALOX5/CAV2/TGFBR3",14
"GO:0042742","defense response to bacterium","25/635","208/11973",0.120192307692308,2.26624015748031,4.35967158221501,0.000107727369603678,0.00258846601489061,0.00156120906365355,"SLPI/DUOX1/H2BC5/MMRN2/COLEC12/SLC15A2/F2RL1/AQP1/PLA2G1B/PGC/IL6/SFTPD/FGR/CXCL13/ANXA3/LCN2/IGHA1/DMBT1/IGHD/IL33/IGHM/HLA-E/WFDC2/IGHG3/IL7R",25
"GO:0002921","negative regulation of humoral immune response","6/635","16/11973",0.375,7.07066929133858,5.75025946884748,0.000110118556536868,0.0026312217314726,0.00158699677416117,"SERPING1/CLU/C4BPA/VSIG4/CD55/A2M",6
"GO:1903053","regulation of extracellular matrix organization","11/635","55/11973",0.2,3.77102362204724,4.87440794080872,0.000120913038141598,0.00287318771849178,0.00173293629581495,"TNXB/RGCC/RECK/FAP/TIMP3/IL6/TIE1/FGFR4/BMP2/PLAU/TGFBR3",11
"GO:1902099","regulation of metaphase/anaphase transition of cell cycle","14/635","84/11973",0.166666666666667,3.14251968503937,4.66330467399346,0.000121823659761509,0.00287892066282554,0.00173639406756231,"DLGAP5/BIRC5/ZWINT/BUB1/NDC80/UBE2C/TTK/TRIP13/MAD2L1/DUSP1/CENPF/CDC20/BUB1B/CCNB1",14
"GO:0007266","Rho protein signal transduction","17/635","116/11973",0.146551724137931,2.76325006787945,4.51603692581285,0.000125460717170285,0.00294866964234641,0.00177846251210906,"COL1A2/ARRB1/ARHGAP29/AGTR1/FERMT2/COL3A1/F2RL1/HEG1/STARD13/RASIP1/KANK2/DLC1/DOCK9/ARHGAP6/TEK/NET1/CTNNAL1",17
"GO:0050890","cognition","23/635","186/11973",0.123655913978495,2.33154686309373,4.33125024534216,0.000131005805354249,0.00306226070015556,0.00184697389606445,"AGER/SOBP/NRGN/PTN/FEN1/CLDN5/MDK/EGR1/GPI/NTRK2/CAMK2N1/TMPRSS11E/LCN2/BCHE/KAT2B/SLC1A1/LDLR/FOS/SLC6A4/MME/FAM107A/NEDD9/C5AR1",23
"GO:0042744","hydrogen peroxide catabolic process","7/635","23/11973",0.304347826086957,5.7385142074632,5.38299706316517,0.000132722119057809,0.00308560991387912,0.0018610567559068,"DUOX1/HBB/HBA2/GPX3/CAT/HBA1/PRDX4",7
"GO:0098754","detoxification","18/635","128/11973",0.140625,2.65150098425197,4.44547609837964,0.00013770396173199,0.00317720753981831,0.00191630300716247,"HBB/ALDH2/CD36/FBLN5/HBA2/SESN1/SLC15A2/MT1M/ALOX5AP/GPX3/CAT/HBA1/NQO1/CP/ABCG1/PRDX4/SLC39A8/ALDH1A1",18
"GO:0030856","regulation of epithelial cell differentiation","16/635","106/11973",0.150943396226415,2.84605556380924,4.5178230870211,0.000138315162881435,0.00317720753981831,0.00191630300716247,"APOLD1/SFN/CEACAM1/MMP9/CLDN5/CDH5/ZBED2/TMEM100/ZEB2/CAV1/BMP2/MAFF/ZFP36/CD24/WFDC2/DSG2",16
"GO:0002690","positive regulation of leukocyte chemotaxis","14/635","85/11973",0.164705882352941,3.10554886521538,4.61022774407512,0.000138878171933467,0.00317720753981831,0.00191630300716247,"PTN/VEGFD/MDK/F2RL1/IL6/EDN1/CXCL12/GAS6/PERP/CXCL13/STK39/NEDD9/C5AR1/CX3CR1",14
"GO:0060411","cardiac septum morphogenesis","10/635","47/11973",0.212765957446809,4.01172725749707,4.89574914112385,0.000142595400709958,0.00324498845742607,0.00195718443357613,"ENG/TGFBR2/GATA6/TBX2/SMAD6/FGFR2/SOX4/SLIT2/HEY1/TGFBR3",10
"GO:0003151","outflow tract morphogenesis","11/635","56/11973",0.196428571428571,3.70368391451069,4.7991956076909,0.00014337981068014,0.00324566613544886,0.00195759316873638,"ENG/CLDN5/TGFBR2/GATA6/EDN1/TBX2/SMAD6/FOLR1/FGFR2/TGFBR3/EDNRA",11
"GO:0001823","mesonephros development","12/635","66/11973",0.181818181818182,3.42820329277022,4.68120677669935,0.000157285215186507,0.00352965532149904,0.00212887858978908,"GPC3/AGTR2/LGR4/TCF21/CAT/GREM1/SMAD6/BMP2/FGFR2/ZBTB16/EPCAM/SLIT2",12
"GO:0007091","metaphase/anaphase transition of mitotic cell cycle","14/635","86/11973",0.162790697674419,3.06943783189892,4.55792808856258,0.000157960230679126,0.00352965532149904,0.00212887858978908,"DLGAP5/BIRC5/ZWINT/BUB1/NDC80/UBE2C/TTK/TRIP13/MAD2L1/DUSP1/CENPF/CDC20/BUB1B/CCNB1",14
"GO:0045685","regulation of glial cell differentiation","9/635","39/11973",0.230769230769231,4.3511811023622,4.96065672935113,0.000158387230190494,0.00352965532149904,0.00212887858978908,"CDK1/PTN/MDK/TNFRSF21/QKI/MYRF/IL6/LDLR/BMP2",9
"GO:0035904","aorta development","8/635","31/11973",0.258064516129032,4.86583693167386,5.10020737139127,0.000159209355377619,0.00352968782205742,0.00212889819219684,"ENG/MYLK/COL3A1/TGFBR2/TBX2/SOX4/HEY1/EDNRA",8
"GO:0032102","negative regulation of response to external stimulus","33/635","317/11973",0.10410094637224,1.96283563923595,4.1115825044259,0.000160036088008633,0.00352982161294938,0.00212897888692182,"SERPING1/PROS1/SFN/CPB2/CEACAM1/MIF/KLF4/SPP1/IRAK3/THBD/NR4A3/CDH5/MDK/FAP/MMP12/EDN1/FGR/VSIG4/GREM1/CXCL13/DUSP1/LDLR/PTGER4/IL33/A2M/HLA-E/ALOX5/SEMA5A/SLC39A8/PLAU/TEK/SLIT2/DSG2",33
"GO:0001818","negative regulation of cytokine production","27/635","240/11973",0.1125,2.12120078740157,4.15227845565631,0.000177960416317773,0.00390514158460582,0.00235534961697947,"AGER/CD34/EZH2/ARRB1/CEACAM1/KLF4/IRAK3/RGCC/IL1RL1/TNFRSF21/FBLN1/F2RL1/LGR4/GATA6/QKI/IL6/SFTPD/GAS6/VSIG4/KLF2/LAPTM4B/TYROBP/ZFP36/PTGER4/IL33/CD24/CX3CR1",27
"GO:0060421","positive regulation of heart growth","7/635","24/11973",0.291666666666667,5.4994094488189,5.22152481978429,0.000178870003316782,0.00390517707748975,0.0023553710241804,"CDK1/EDN1/TBX2/ACACB/FGFR2/TGFBR3/CCNB1",7
"GO:0050818","regulation of coagulation","12/635","67/11973",0.17910447761194,3.37703607944529,4.61734394528685,0.000182530954305604,0.00396497795186062,0.00239143936216326,"SERPING1/ANGPT1/PROS1/CPB2/CEACAM1/THBD/CD36/FAP/F2RL1/EDN1/CAV1/PLAU",12
"GO:0070371","ERK1 and ERK2 cascade","27/635","241/11973",0.112033195020747,2.11239912438331,4.12843187844286,0.000190626364993067,0.00407381464930617,0.00245708319813894,"AGER/ANGPT1/CDK1/ARRB1/CEACAM1/MIF/KLF4/CD36/FERMT2/MARCO/FBLN1/F2RL1/EDN1/RAMP3/ATF3/GAS6/SEMA6A/FGFR4/DUSP1/CHI3L1/BMP2/RRAS/PTGER4/FGFR2/C5AR1/TEK/CCN2",27
"GO:0035150","regulation of tube size","17/635","120/11973",0.141666666666667,2.67114173228346,4.3540333969925,0.000191330053280597,0.00407381464930617,0.00245708319813894,"EDNRB/GCLC/NPR1/AGTR1/HBB/F2RL1/AGTR2/SVEP1/EDN1/ADRB2/PECAM1/KLF2/KAT2B/CAV1/SLC6A4/DOCK4/EDNRA",17
"GO:0035296","regulation of tube diameter","17/635","120/11973",0.141666666666667,2.67114173228346,4.3540333969925,0.000191330053280597,0.00407381464930617,0.00245708319813894,"EDNRB/GCLC/NPR1/AGTR1/HBB/F2RL1/AGTR2/SVEP1/EDN1/ADRB2/PECAM1/KLF2/KAT2B/CAV1/SLC6A4/DOCK4/EDNRA",17
"GO:0097746","blood vessel diameter maintenance","17/635","120/11973",0.141666666666667,2.67114173228346,4.3540333969925,0.000191330053280597,0.00407381464930617,0.00245708319813894,"EDNRB/GCLC/NPR1/AGTR1/HBB/F2RL1/AGTR2/SVEP1/EDN1/ADRB2/PECAM1/KLF2/KAT2B/CAV1/SLC6A4/DOCK4/EDNRA",17
"GO:0000280","nuclear division","32/635","307/11973",0.104234527687296,1.96535433070866,4.0550567951473,0.000195765844757045,0.0041472196473627,0.00250135673606607,"DLGAP5/CDK1/CENPA/BIRC5/ZWINT/RGCC/NUSAP1/BUB1/NDC80/UBE2C/TTK/KIF4A/RCC1/TRIP13/EDN1/KIF11/H3-3B/NEK2/MAD2L1/KIF2A/DUSP1/KAT2B/AURKA/UBE2S/CENPF/PRC1/CDC20/TPX2/BUB1B/CAV2/TOP2A/CCNB1",32
"GO:0030855","epithelial cell differentiation","42/635","445/11973",0.0943820224719101,1.77958418119083,3.96613990768486,0.000196706070230642,0.0041472196473627,0.00250135673606607,"APOLD1/CDK1/CD34/SFN/CEACAM1/KRT19/PODXL/MMP9/CLDN5/CDH5/CDH3/F2RL1/ZBED2/TCF21/PGK1/GATA6/EDN1/KRT15/CLDN3/ST14/TIE1/S1PR1/SCEL/TMEM100/GREM1/PECAM1/ZEB2/CAV1/DMBT1/BMP2/MAFF/ZFP36/CES1/FGFR2/CD24/DSP/WFDC2/SOX4/HEY1/KAZN/DSG2/EDNRA",42
"GO:0014823","response to activity","11/635","58/11973",0.189655172413793,3.57597067607928,4.65382318293598,0.000199085780219433,0.00417691678401844,0.00251926828624474,"CDK1/GCLC/CAPN3/IL6/EDN1/CAT/KL/SRD5A1/SLC7A5/FOS/RBP4",11
"GO:0006958","complement activation, classical pathway","8/635","32/11973",0.25,4.71377952755906,4.97820467375938,0.000202526195318516,0.0042180153324254,0.00254405649126919,"C7/C1QB/CLU/C4BPA/IGHA1/IGHD/CD55/IGHG3",8
"GO:0044784","metaphase/anaphase transition of cell cycle","14/635","88/11973",0.159090909090909,2.99967788117394,4.45557518246192,0.0002030060855178,0.0042180153324254,0.00254405649126919,"DLGAP5/BIRC5/ZWINT/BUB1/NDC80/UBE2C/TTK/TRIP13/MAD2L1/DUSP1/CENPF/CDC20/BUB1B/CCNB1",14
"GO:0048644","muscle organ morphogenesis","10/635","49/11973",0.204081632653061,3.84798328780331,4.7274449820642,0.000205626588677358,0.00423157874593932,0.00255223713725419,"ENG/MYLK/COL3A1/S1PR1/BMP2/TNNC1/FGFR2/DSP/TGFBR3/EDNRA",10
"GO:0060415","muscle tissue morphogenesis","10/635","49/11973",0.204081632653061,3.84798328780331,4.7274449820642,0.000205626588677358,0.00423157874593932,0.00255223713725419,"ENG/MYLK/COL3A1/S1PR1/BMP2/TNNC1/FGFR2/DSP/TGFBR3/EDNRA",10
"GO:0051248","negative regulation of protein metabolic process","40/635","418/11973",0.0956937799043062,1.80431752251064,3.96125396166626,0.000208733969854247,0.00423336934528076,0.00255331712049722,"HBEGF/GAPDH/RTN1/CDK1/GPRC5A/SFN/EDNRB/ARRB1/CEACAM1/MIF/IRAK3/CRYAB/CAPN3/FXYD1/TIMP3/FRY/CLU/TYMS/FBLN1/CDKN2A/TIMP1/NTRK2/QKI/EDN1/LAMP3/MAD2L1/ITM2A/IGF2BP3/KAT2B/IGFBP3/LAPTM4B/NQO1/LDLR/CAV1/MAGEA3/ZFP36/ADARB1/PLAU/IL7R/SLIT2",40
"GO:0030595","leukocyte chemotaxis","23/635","192/11973",0.119791666666667,2.25868602362205,4.16082007939736,0.000211120028293532,0.00423336934528076,0.00255331712049722,"PTN/EDNRB/MIF/VEGFD/MDK/CXCL3/F2RL1/PLA2G1B/IL6/EDN1/SFTPD/CXCL12/GAS6/PERP/GREM1/CXCL13/DUSP1/STK39/ALOX5/NEDD9/C5AR1/SLIT2/CX3CR1",23
"GO:0072009","nephron epithelium development","13/635","78/11973",0.166666666666667,3.14251968503937,4.49253934603455,0.000211263597803751,0.00423336934528076,0.00255331712049722,"CD34/GPC3/PODXL/AQP1/AGTR2/LGR4/TCF21/EDN1/GREM1/PECAM1/BMP2/CD24/EDNRA",13
"GO:1903035","negative regulation of response to wounding","13/635","78/11973",0.166666666666667,3.14251968503937,4.49253934603455,0.000211263597803751,0.00423336934528076,0.00255331712049722,"SERPING1/PROS1/CPB2/CEACAM1/SPP1/THBD/MDK/FAP/EDN1/IL33/ALOX5/PLAU/DSG2",13
"GO:0007229","integrin-mediated signaling pathway","15/635","99/11973",0.151515151515152,2.85683607730852,4.39030438099423,0.000212603529081759,0.00423336934528076,0.00255331712049722,"ADAMTS1/PTN/EMP2/CEACAM1/FERMT2/LIMS2/COL3A1/TIMP1/FGR/TYROBP/DST/PLPP3/ITGA8/PLAU/NEDD9",15
"GO:0048639","positive regulation of developmental growth","15/635","99/11973",0.151515151515152,2.85683607730852,4.39030438099423,0.000212603529081759,0.00423336934528076,0.00255331712049722,"AGR2/CDK1/CAPN3/TRPV2/EDN1/GHR/CXCL12/TBX2/ACACB/FGFR2/MACF1/NEDD4L/SEMA5A/TGFBR3/CCNB1",15
"GO:1990748","cellular detoxification","15/635","99/11973",0.151515151515152,2.85683607730852,4.39030438099423,0.000212603529081759,0.00423336934528076,0.00255331712049722,"HBB/ALDH2/CD36/FBLN5/HBA2/SESN1/ALOX5AP/GPX3/CAT/HBA1/NQO1/CP/PRDX4/SLC39A8/ALDH1A1",15
"GO:0043116","negative regulation of vascular permeability","6/635","18/11973",0.333333333333333,6.28503937007874,5.31020979657832,0.000233011447561096,0.00461835131778928,0.00278551539598778,"ANGPT1/CEACAM1/CLDN5/FERMT2/RAMP2/SLIT2",6
"GO:0060317","cardiac epithelial to mesenchymal transition","7/635","25/11973",0.28,5.27943307086614,5.06886385106601,0.00023716667502664,0.00467914618940173,0.00282218325410877,"EMP2/ENG/TGFBR2/BMP2/HEY1/TGFBR3/TBX3",7
"GO:0010565","regulation of ketone metabolic process","16/635","111/11973",0.144144144144144,2.71785486273675,4.3029964574341,0.000239202461561054,0.00469776158526984,0.00283341095599305,"PDK4/CEACAM1/ACADL/EGR1/FABP5/PGK1/EDN1/FGFR4/ACACB/KAT2B/CAV1/BMP2/NME1/CES1/GDF15/DKK3",16
"GO:0044057","regulation of system process","42/635","450/11973",0.0933333333333333,1.75981102362205,3.88804297436969,0.000250138882954875,0.00489021516176781,0.00294948753039377,"AGER/DES/LMCD1/EMP2/MYL9/EDNRB/ARRB1/KLF4/SPP1/NPR1/AGTR1/NR4A3/FXYD1/TNFRSF21/F2RL1/AQP1/AGTR2/FABP5/SVEP1/ENO1/QKI/MYRF/EDN1/CACNA2D2/TBX2/GAS6/ADRB2/TMEM100/JAM2/SLC1A1/CAV1/DMD/TNNC1/STK39/NPR3/DOCK4/ATP2A2/DSP/CNN1/NMU/DSG2/EDNRA",42
"GO:0019730","antimicrobial humoral response","19/635","146/11973",0.13013698630137,2.45374824722252,4.18244582232215,0.000255315298542024,0.00496882850239477,0.00299690243142196,"SLPI/GAPDH/H2BC5/CXCL3/PLA2G1B/PGC/GATA6/CXCL12/CXCL13/CXCL14/IGHA1/DMBT1/CXCL2/CCL14/IGHD/IGHM/HLA-E/WFDC2/IGHG3",19
"GO:0001657","ureteric bud development","11/635","60/11973",0.183333333333333,3.45677165354331,4.51473056616899,0.000272111519872299,0.00527185426563405,0.00317966958593286,"GPC3/AGTR2/LGR4/TCF21/CAT/GREM1/SMAD6/BMP2/FGFR2/EPCAM/SLIT2",11
"GO:0060070","canonical Wnt signaling pathway","25/635","221/11973",0.113122171945701,2.13293191292265,4.02296307340326,0.000280731730604095,0.00541447162927451,0.00326568791473029,"EDNRB/GPC3/KLF4/NR4A2/IGFBP2/MDK/RECK/CDH3/EGR1/LGR4/TPBG/EDN1/WWTR1/SCEL/GREM1/FOLR1/ZEB2/CAV1/BMP2/FGFR2/DKK3/COL1A1/SEMA5A/SOX4/EDNRA",25
"GO:0007596","blood coagulation","23/635","196/11973",0.11734693877551,2.2125903904869,4.05066950807135,0.000286134208776758,0.00547969710450557,0.00330502804997876,"SERPING1/ANGPT1/PROS1/MYL9/CPB2/CEACAM1/THBD/HBB/CD36/FAP/F8/COL3A1/FBLN1/F2RL1/SVEP1/IL6/EDN1/PLA2G4A/CAV1/SLC6A4/VWF/TFPI2/PLAU",23
"GO:0046620","regulation of organ growth","10/635","51/11973",0.196078431372549,3.69708198239926,4.56779565934492,0.000290536879259172,0.00547969710450557,0.00330502804997876,"CDK1/WWC2/EDN1/TBX2/ACACB/SLC6A4/FGFR2/RBP4/TGFBR3/CCNB1",10
"GO:0030038","contractile actin filament bundle assembly","14/635","91/11973",0.153846153846154,2.9007874015748,4.30736284309601,0.000291162137064035,0.00547969710450557,0.00330502804997876,"PIK3R1/MYL9/ARRB1/RGCC/FERMT2/S1PR1/SORBS1/ZEB2/LIMCH1/DLC1/SYNPO/PTGER4/ARHGAP6/CCN2",14
"GO:0032963","collagen metabolic process","14/635","91/11973",0.153846153846154,2.9007874015748,4.30736284309601,0.000291162137064035,0.00547969710450557,0.00330502804997876,"MFAP4/TNXB/P3H2/RGCC/MMP9/FAP/MMP11/MMP12/IL6/COL5A1/MMP1/COL1A1/PLOD2/MMP7",14
"GO:0043149","stress fiber assembly","14/635","91/11973",0.153846153846154,2.9007874015748,4.30736284309601,0.000291162137064035,0.00547969710450557,0.00330502804997876,"PIK3R1/MYL9/ARRB1/RGCC/FERMT2/S1PR1/SORBS1/ZEB2/LIMCH1/DLC1/SYNPO/PTGER4/ARHGAP6/CCN2",14
"GO:0060322","head development","41/635","439/11973",0.0933940774487472,1.76095636109268,3.84418277849458,0.000291757878849518,0.00547969710450557,0.00330502804997876,"NRGN/RTN1/EZH2/NR4A2/NFASC/FLRT3/CLDN5/MDK/CDH1/COL3A1/MEIS1/AQP1/AGTR2/FEZ1/NTRK2/TGFBR2/NDNF/SEMA3G/CXCL12/MEIS2/GDF10/PTCH1/SLC1A1/SRD5A1/FOS/TYROBP/TACC1/BMP2/SLC6A4/RRAS/DLC1/PCDH9/CENPF/FGFR2/SLC2A1/SEMA5A/EML1/SOX4/SLIT2/CX3CR1/EDNRA",41
"GO:0046622","positive regulation of organ growth","7/635","26/11973",0.269230769230769,5.07637795275591,4.92417724118967,0.000309841062697291,0.00578678064581796,0.00349024261537686,"CDK1/EDN1/TBX2/ACACB/FGFR2/TGFBR3/CCNB1",7
"GO:0030282","bone mineralization","13/635","81/11973",0.160493827160494,3.02613006707495,4.32996485123897,0.000310798960517077,0.00578678064581796,0.00349024261537686,"CLEC3B/PTN/SPP1/GPM6B/ADGRG6/TFAP2A/LGR4/KL/S1PR1/GREM1/BMP2/FGFR2/ALOX5",13
"GO:0002687","positive regulation of leukocyte migration","17/635","125/11973",0.136,2.56429606299213,4.16057568270553,0.000314577936780048,0.00579018280633881,0.00349229459667026,"AGER/PTN/VEGFD/MDK/F2RL1/IL6/EDN1/CXCL12/GAS6/PERP/JAM2/CXCL13/STK39/NEDD9/C5AR1/LYVE1/CX3CR1",17
"GO:0050921","positive regulation of chemotaxis","17/635","125/11973",0.136,2.56429606299213,4.16057568270553,0.000314577936780048,0.00579018280633881,0.00349229459667026,"PTN/VEGFD/MDK/F2RL1/IL6/EDN1/CXCL12/GAS6/S1PR1/PERP/CXCL13/STK39/SEMA5A/NEDD9/C5AR1/SLIT2/CX3CR1",17
"GO:0072163","mesonephric epithelium development","11/635","61/11973",0.180327868852459,3.4001032657803,4.44738260833737,0.000316366649497703,0.00579018280633881,0.00349229459667026,"GPC3/AGTR2/LGR4/TCF21/CAT/GREM1/SMAD6/BMP2/FGFR2/EPCAM/SLIT2",11
"GO:0072164","mesonephric tubule development","11/635","61/11973",0.180327868852459,3.4001032657803,4.44738260833737,0.000316366649497703,0.00579018280633881,0.00349229459667026,"GPC3/AGTR2/LGR4/TCF21/CAT/GREM1/SMAD6/BMP2/FGFR2/EPCAM/SLIT2",11
"GO:0051983","regulation of chromosome segregation","16/635","114/11973",0.140350877192982,2.64633236634894,4.17972681960368,0.000326305358405491,0.00593451466482812,0.00357934700699793,"DLGAP5/CDK1/BIRC5/ZWINT/BUB1/NDC80/UBE2C/TTK/TRIP13/MAD2L1/DUSP1/KAT2B/CENPF/CDC20/BUB1B/CCNB1",16
"GO:0016049","cell growth","35/635","357/11973",0.0980392156862745,1.84854099119963,3.8519498458668,0.00032701231703424,0.00593451466482812,0.00357934700699793,"FHL1/NRN1/HBEGF/SFN/CEACAM1/SOCS2/SPP1/NPR1/CRYAB/AGTR1/FLRT3/HYAL1/CDH1/MEIS1/SESN1/AGTR2/CDKN2A/HYAL2/ENO1/TRPV2/TNC/EDN1/SEMA3G/CXCL12/H3-3B/LTBP4/MACF1/FAM107A/NEDD4L/SEMA5A/SLIT2/NET1/FBP1/WFDC1/EDNRA",35
"GO:0048545","response to steroid hormone","30/635","289/11973",0.103806228373702,1.95727869656431,3.89846403291942,0.000329946135465032,0.00596259801947522,0.00359628521965385,"PER1/SPP1/CDO1/IGFBP2/NR4A3/KLF9/MDK/AQP1/TCF21/GPI/IL6/EDN1/GHR/SCGB1A1/TBX2/BCHE/DUSP1/SRD5A1/KANK2/CAV1/FOS/ZFP36/CLDN4/STK39/COL1A1/FAM107A/ABCA3/PTGDS/FOSB/SLIT2",30
"GO:0050817","coagulation","23/635","198/11973",0.116161616161616,2.1902409926032,3.9965847895413,0.000331768435093631,0.00597044367923726,0.00360101725594885,"SERPING1/ANGPT1/PROS1/MYL9/CPB2/CEACAM1/THBD/HBB/CD36/FAP/F8/COL3A1/FBLN1/F2RL1/SVEP1/IL6/EDN1/PLA2G4A/CAV1/SLC6A4/VWF/TFPI2/PLAU",23
"GO:0048598","embryonic morphogenesis","29/635","276/11973",0.105072463768116,1.98115371448134,3.90262065564039,0.000337087482892988,0.00604088859967809,0.00364350545075145,"SOBP/GPC3/KLF4/FOXF1/ENG/NR4A3/FLRT3/MMP9/TFAP2A/COL11A1/TCF21/TGFBR2/COL5A1/TBX2/GREM1/SULF1/COL5A2/FOXF2/FOLR1/DUSP1/PTCH1/EFEMP1/DLC1/ITGA8/FGFR2/ZBTB16/RBP4/TBX3/EDNRA",29
"GO:0072577","endothelial cell apoptotic process","10/635","52/11973",0.192307692307692,3.6259842519685,4.49096257087627,0.000342912851314848,0.00611978495230358,0.00369109104781919,"ANGPT1/GATA2/RGCC/COL4A3/CDH5/NDNF/GAS6/RAMP2/SEMA5A/TEK",10
"GO:0045446","endothelial cell differentiation","13/635","82/11973",0.158536585365854,2.98922604186672,4.27743937764872,0.000351818499066462,0.00625277423340848,0.00377130228869905,"APOLD1/CEACAM1/CLDN5/CDH5/F2RL1/CLDN3/TIE1/S1PR1/TMEM100/PECAM1/DSP/HEY1/DSG2",13
"GO:0050920","regulation of chemotaxis","21/635","174/11973",0.120689655172414,2.27561770295954,4.01120217137007,0.000354448148957901,0.00627358637311906,0.00378385493608298,"PTN/MIF/VEGFD/MDK/F2RL1/IL6/EDN1/CXCL12/GAS6/S1PR1/PERP/GREM1/CXCL13/DUSP1/STK39/EFNB2/SEMA5A/NEDD9/C5AR1/SLIT2/CX3CR1",21
"GO:0060348","bone development","15/635","104/11973",0.144230769230769,2.71948818897638,4.16783763696156,0.00036862617136317,0.00648132994899085,0.00390915353057912,"OGN/LEPR/TFAP2A/FBLN5/COL3A1/COL13A1/GHR/GREM1/SULF1/SRD5A1/TYROBP/BMP2/PTGER4/FGFR2/ZBTB16",15
"GO:0032354","response to follicle-stimulating hormone","5/635","13/11973",0.384615384615385,7.25196850393701,5.33733986514078,0.000372213089374736,0.00648132994899085,0.00390915353057912,"GCLC/EDN1/SRD5A1/TGFBR3/EDNRA",5
"GO:0051438","regulation of ubiquitin-protein transferase activity","5/635","13/11973",0.384615384615385,7.25196850393701,5.33733986514078,0.000372213089374736,0.00648132994899085,0.00390915353057912,"UBE2C/CDKN2A/MAD2L1/UBE2S/CDC20",5
"GO:0071635","negative regulation of transforming growth factor beta production","5/635","13/11973",0.384615384615385,7.25196850393701,5.33733986514078,0.000372213089374736,0.00648132994899085,0.00390915353057912,"FBLN1/GATA6/LAPTM4B/TYROBP/CD24",5
"GO:0045787","positive regulation of cell cycle","26/635","239/11973",0.108786610878661,2.05118439692946,3.8846939106871,0.000395546959987351,0.0068598688504258,0.00413746572802193,"ECT2/DLGAP5/ADAMTS1/CDK1/EZH2/BIRC5/FEN1/RGCC/NUSAP1/TAL1/BUB1/NDC80/RRM2/UBE2C/RCC1/EDN1/TBX2/MAD2L1/MEIS2/KAT2B/AURKA/SLC6A4/FGFR2/CDC20/CCNB1/TBX3",26
"GO:1905954","positive regulation of lipid localization","13/635","83/11973",0.156626506024096,2.95321127027796,4.22570651323214,0.000397356460253036,0.00686357484155948,0.00413970096190734,"MIF/SPP1/CD36/EDN1/ACACB/PTCH1/CAV1/ABCG1/CES1/LPL/ABCA3/ABCA8/MSR1",13
"GO:0003208","cardiac ventricle morphogenesis","10/635","53/11973",0.188679245283019,3.55756945476155,4.41600172110994,0.000402930500407278,0.00693201632900682,0.00418098080484058,"FOXF1/ENG/TGFBR2/TNNC1/FGFR2/DSP/SOX4/HEY1/TGFBR3/EDNRA",10
"GO:0030193","regulation of blood coagulation","11/635","63/11973",0.174603174603175,3.29216347956505,4.31680044873992,0.000423199169579866,0.00725171166678487,0.00437380205730272,"SERPING1/PROS1/CPB2/CEACAM1/THBD/CD36/FAP/F2RL1/EDN1/CAV1/PLAU",11
"GO:0055023","positive regulation of cardiac muscle tissue growth","6/635","20/11973",0.3,5.65653543307087,4.93220864949479,0.000444162240544068,0.00758072141500014,0.00457224120929049,"CDK1/EDN1/TBX2/FGFR2/TGFBR3/CCNB1",6
"GO:0042180","ketone metabolic process","21/635","177/11973",0.11864406779661,2.23704791138396,3.92380812378378,0.000447090098537288,0.0076005316751339,0.0045841895823795,"PDK4/EDNRB/CEACAM1/CYP2B6/HSD17B6/ACADL/EGR1/FABP5/PGK1/EDN1/FGFR4/ACACB/KAT2B/SRD5A1/NQO1/CAV1/BMP2/NME1/CES1/GDF15/DKK3",21
"GO:0060419","heart growth","10/635","54/11973",0.185185185185185,3.49168853893263,4.34282885753631,0.00047143390447311,0.00798282371314507,0.00481476544904038,"CDK1/MEIS1/EDN1/TBX2/S1PR1/ACACB/FGFR2/RBP4/TGFBR3/CCNB1",10
"GO:0035023","regulation of Rho protein signal transduction","12/635","74/11973",0.162162162162162,3.05758672057885,4.20165864713636,0.000475882720966419,0.0079952014956116,0.00482223099274986,"ARRB1/FERMT2/COL3A1/F2RL1/HEG1/STARD13/RASIP1/KANK2/DLC1/DOCK9/TEK/NET1",12
"GO:0098869","cellular oxidant detoxification","12/635","74/11973",0.162162162162162,3.05758672057885,4.20165864713636,0.000475882720966419,0.0079952014956116,0.00482223099274986,"HBB/CD36/FBLN5/HBA2/SESN1/ALOX5AP/GPX3/CAT/HBA1/NQO1/CP/PRDX4",12
"GO:0002455","humoral immune response mediated by circulating immunoglobulin","8/635","36/11973",0.222222222222222,4.19002624671916,4.53628048914806,0.00048288815136684,0.0080813305020575,0.00487417889731314,"C7/C1QB/CLU/C4BPA/IGHA1/IGHD/CD55/IGHG3",8
"GO:1900046","regulation of hemostasis","11/635","64/11973",0.171875,3.24072342519685,4.2534622642088,0.000487035395439158,0.00811914432474348,0.00489698595074522,"SERPING1/PROS1/CPB2/CEACAM1/THBD/CD36/FAP/F2RL1/EDN1/CAV1/PLAU",11
"GO:0001558","regulation of cell growth","31/635","310/11973",0.1,1.88551181102362,3.73828198388696,0.000505021955920236,0.00838648429503064,0.00505822955305182,"FHL1/HBEGF/SFN/CEACAM1/SOCS2/SPP1/NPR1/CRYAB/AGTR1/HYAL1/CDH1/SESN1/AGTR2/CDKN2A/HYAL2/ENO1/TRPV2/TNC/EDN1/SEMA3G/CXCL12/H3-3B/LTBP4/MACF1/FAM107A/NEDD4L/SEMA5A/SLIT2/NET1/FBP1/WFDC1",31
"GO:1901991","negative regulation of mitotic cell cycle phase transition","18/635","142/11973",0.126760563380282,2.3900853942553,3.94345523868976,0.000508095420834848,0.00840507078850262,0.00506943982272624,"FHL1/CDK1/KLF4/BIRC5/ZWINT/RGCC/BUB1/NDC80/TTK/TRIP13/MAD2L1/DUSP1/KANK2/CENPF/CDC20/FAM107A/BUB1B/CCNB1",18
"GO:0071674","mononuclear cell migration","21/635","179/11973",0.11731843575419,2.21205296265341,3.86651359585587,0.000519986062529089,0.00856881247102533,0.00516819908685479,"AGER/EDNRB/MIF/MDK/IL6/SFTPD/CXCL12/GAS6/S1PR1/GREM1/JAM2/PECAM1/CXCL13/DUSP1/STK39/ICAM2/ALOX5/NEDD9/C5AR1/SLIT2/CX3CR1",21
"GO:0031214","biomineral tissue development","16/635","119/11973",0.134453781512605,2.53514193078806,3.98282792812648,0.000532495241836315,0.00874145814938164,0.00527232871277992,"CLEC3B/PTN/SPP1/GPM6B/ADGRG6/TFAP2A/LGR4/GAS6/KL/S1PR1/GREM1/BMP2/FGFR2/COL1A1/ALOX5/HEY1",16
"GO:0006898","receptor-mediated endocytosis","25/635","231/11973",0.108225108225108,2.04059719807751,3.77937159350585,0.000548925244432377,0.00897691055628765,0.00541433962951828,"ENTREP1/ANGPT1/ARRB1/CEACAM1/SNX1/CD36/CALCRL/MARCO/CLU/SFTPD/GHR/RAMP3/ADRB2/GREM1/FOLR1/LDLR/CAV1/DMBT1/EFNB2/RAMP2/NEDD4L/CAV2/LYVE1/MSR1/MRC1",25
"GO:0019370","leukotriene biosynthetic process","5/635","14/11973",0.357142857142857,6.73397075365579,5.08012090878178,0.000553860101557804,0.00898925395018912,0.00542178443208643,"PLA2G1B/ALOX5AP/GGTLC1/PLA2G4A/ALOX5",5
"GO:0048286","lung alveolus development","5/635","14/11973",0.357142857142857,6.73397075365579,5.08012090878178,0.000553860101557804,0.00898925395018912,0.00542178443208643,"CLDN18/TCF21/SFTPD/FGFR2/WFDC2",5
"GO:0019731","antibacterial humoral response","11/635","65/11973",0.169230769230769,3.19086614173228,4.19136130313756,0.000558728879303859,0.00898973786818823,0.00542207630270089,"SLPI/H2BC5/PLA2G1B/PGC/IGHA1/DMBT1/IGHD/IGHM/HLA-E/WFDC2/IGHG3",11
"GO:1903036","positive regulation of response to wounding","11/635","65/11973",0.169230769230769,3.19086614173228,4.19136130313756,0.000558728879303859,0.00898973786818823,0.00542207630270089,"DUOX1/HBEGF/PTN/THBD/MYLK/CD36/MDK/FERMT2/CLDN3/CLDN4/PLAU",11
"GO:0097529","myeloid leukocyte migration","21/635","180/11973",0.116666666666667,2.19976377952756,3.83814908742568,0.000560160369373272,0.00898973786818823,0.00542207630270089,"AGER/EMP2/EDNRB/MIF/VEGFD/MDK/CXCL3/PLA2G1B/IL6/EDN1/SFTPD/CXCL12/PERP/GREM1/PECAM1/CXCL13/DUSP1/PTGER4/C5AR1/SLIT2/CX3CR1",21
"GO:0002252","immune effector process","44/635","497/11973",0.0885311871227364,1.66926598963862,3.60648118506999,0.000562376391448774,0.00899175040751367,0.00542329014696918,"AGER/SERPING1/C7/PIK3R1/EMP2/CEACAM1/MIF/C1QB/IRAK3/GATA2/POU2AF1/NR4A3/MDK/IGKC/CLU/F2RL1/PLA2G1B/GPI/PGC/IL6/FGR/C4BPA/VSIG4/CFD/ANXA3/FCN3/IGHA1/HSPD1/SLC7A5/TYROBP/IGHV1-69/IGHD/CD55/INAVA/IL33/A2M/CFB/HLA-E/RBP4/IGHG3/DNASE1L3/PTGDS/CADM1/CX3CR1",44
"GO:0016055","Wnt signaling pathway","32/635","326/11973",0.098159509202454,1.85080913965509,3.68583508130864,0.000570023510355419,0.00908026340014317,0.00547667593049862,"WIF1/EDNRB/GPC3/KLF4/NR4A2/IGFBP2/MDK/FERMT2/RECK/CDH3/EGR1/LGR4/TPBG/EDN1/WWTR1/SCEL/GREM1/SULF1/FOLR1/ZEB2/GRK5/CAV1/BMP2/SOSTDC1/FGFR2/DKK3/COL1A1/MACF1/CD24/SEMA5A/SOX4/EDNRA",32
"GO:0048285","organelle fission","33/635","340/11973",0.0970588235294118,1.83005558128763,3.6745381355319,0.000573827826129642,0.00910713461322359,0.00549288305130731,"DLGAP5/CDK1/CENPA/BIRC5/ZWINT/RGCC/NUSAP1/DCN/BUB1/NDC80/UBE2C/TTK/KIF4A/RCC1/TRIP13/EDN1/KIF11/H3-3B/NEK2/MAD2L1/KIF2A/DUSP1/KAT2B/AURKA/UBE2S/CENPF/PRC1/CDC20/TPX2/BUB1B/CAV2/TOP2A/CCNB1",33
"GO:0097242","amyloid-beta clearance","8/635","37/11973",0.216216216216216,4.07678229410513,4.43578221235207,0.000587889340200281,0.00913629934106644,0.00551047348409079,"CD36/MARCO/CLU/LDLR/TYROBP/MME/C5AR1/MSR1",8
"GO:0046456","icosanoid biosynthetic process","9/635","46/11973",0.195652173913043,3.68904484765491,4.32427536976692,0.000590773282369282,0.00913629934106644,0.00551047348409079,"MIF/PLA2G1B/FABP5/ALOX5AP/EDN1/GGTLC1/PLA2G4A/ALOX5/PTGDS",9
"GO:0061756","leukocyte adhesion to vascular endothelial cell","9/635","46/11973",0.195652173913043,3.68904484765491,4.32427536976692,0.000590773282369282,0.00913629934106644,0.00551047348409079,"KLF4/MDK/IL6/CXCL12/JAM2/EFNB2/ALOX5/SLC39A8/CX3CR1",9
"GO:0061900","glial cell activation","9/635","46/11973",0.195652173913043,3.68904484765491,4.32427536976692,0.000590773282369282,0.00913629934106644,0.00551047348409079,"AGER/CLU/IL6/ZEB2/LDLR/TYROBP/IL33/C5AR1/CX3CR1",9
"GO:0003148","outflow tract septum morphogenesis","6/635","21/11973",0.285714285714286,5.38717660292463,4.7618582418534,0.000594192745309486,0.00913629934106644,0.00551047348409079,"ENG/TGFBR2/GATA6/TBX2/SMAD6/FGFR2",6
"GO:0051988","regulation of attachment of spindle microtubules to kinetochore","6/635","21/11973",0.285714285714286,5.38717660292463,4.7618582418534,0.000594192745309486,0.00913629934106644,0.00551047348409079,"ECT2/CDK1/BIRC5/NEK2/KAT2B/CCNB1",6
"GO:0072010","glomerular epithelium development","6/635","21/11973",0.285714285714286,5.38717660292463,4.7618582418534,0.000594192745309486,0.00913629934106644,0.00551047348409079,"CD34/PODXL/EDN1/PECAM1/CD24/EDNRA",6
"GO:0090050","positive regulation of cell migration involved in sprouting angiogenesis","6/635","21/11973",0.285714285714286,5.38717660292463,4.7618582418534,0.000594192745309486,0.00913629934106644,0.00551047348409079,"JCAD/GATA2/AKT3/GREM1/SRPX2/TGFBR3",6
"GO:0007611","learning or memory","19/635","156/11973",0.121794871794872,2.29645669291339,3.85716916183036,0.000594783495814602,0.00913629934106644,0.00551047348409079,"AGER/NRGN/PTN/FEN1/CLDN5/MDK/EGR1/GPI/NTRK2/CAMK2N1/LCN2/BCHE/KAT2B/SLC1A1/LDLR/FOS/SLC6A4/MME/NEDD9",19
"GO:0003073","regulation of systemic arterial blood pressure","12/635","76/11973",0.157894736842105,2.97712391214256,4.09188994462556,0.00061075092085874,0.00934818402353538,0.00563826974829395,"EDNRB/ENG/AGTR1/F2RL1/AGTR2/EDN1/KL/ADRB2/KCNK3/MME/CPA3/NMU",12
"GO:0090092","regulation of transmembrane receptor protein serine/threonine kinase signaling pathway","22/635","194/11973",0.11340206185567,2.13820927023297,3.78242881084038,0.000617831503183267,0.00942302586947245,0.00568340990757954,"ENG/CDH5/CDH3/TTK/TGFBR2/ZNF423/LRRC32/GREM1/SMAD6/SULF1/CDKN1C/FOLR1/ZEB2/CAV1/LTBP4/BMP2/SOSTDC1/CHRDL1/GDF15/DKK3/CRIM1/TGFBR3",22
"GO:0070301","cellular response to hydrogen peroxide","10/635","56/11973",0.178571428571429,3.3669853768279,4.20153619399585,0.000637576912855952,0.00968981732223834,0.00584432267667418,"ECT2/CDK1/KLF4/AQP1/IL6/EDN1/CAT/KLF2/LCN2/NET1",10
"GO:0008217","regulation of blood pressure","18/635","146/11973",0.123287671232877,2.32460360263186,3.81089560358555,0.000710176502451995,0.0107236466822806,0.00646786718445762,"COL1A2/EDNRB/NPR1/ENG/AGTR1/HBB/F2RL1/AGTR2/EDN1/KL/ADRB2/KCNK3/MME/NPR3/RAMP2/CPA3/NMU/EDNRA",18
"GO:0001937","negative regulation of endothelial cell proliferation","8/635","38/11973",0.210526315789474,3.96949854952341,4.33876066808327,0.000710588073575906,0.0107236466822806,0.00646786718445762,"MMRN2/ENG/RGCC/COL4A3/SULF1/CAV1/ALOX5/CAV2",8
"GO:1902850","microtubule cytoskeleton organization involved in mitosis","17/635","134/11973",0.126865671641791,2.39206722294042,3.83492687502984,0.000713310989550783,0.0107270998813214,0.00646994994915689,"DLGAP5/CDK1/CENPA/BIRC5/NUSAP1/NDC80/TTK/KIF4A/RCC1/KIF11/KIF2A/AURKA/TACC1/PRC1/TPX2/EML1/CCNB1",17
"GO:0045927","positive regulation of growth","20/635","171/11973",0.116959064327485,2.20527697195745,3.7567223571353,0.00072807196384769,0.0109109321132715,0.00658082664023999,"AGR2/HBEGF/CDK1/SFN/CAPN3/WFS1/HYAL1/TRPV2/EDN1/GHR/CXCL12/TBX2/H3-3B/ACACB/FGFR2/MACF1/NEDD4L/SEMA5A/TGFBR3/CCNB1",20
"GO:0010715","regulation of extracellular matrix disassembly","6/635","22/11973",0.272727272727273,5.14230493915533,4.60207057277041,0.000780744700602716,0.0116596630461538,0.0070324166985715,"RECK/FAP/TIMP3/IL6/FGFR4/PLAU",6
"GO:0032905","transforming growth factor beta1 production","5/635","15/11973",0.333333333333333,6.28503937007874,4.84692804271064,0.000794769090723352,0.0118191495482176,0.0071286094904104,"COL3A1/GATA6/LAPTM4B/CHI3L1/TYROBP",5
"GO:0072210","metanephric nephron development","7/635","30/11973",0.233333333333333,4.39952755905512,4.41188788740535,0.000796920104390396,0.0118191495482176,0.0071286094904104,"CD34/AQP1/EGR1/AGTR2/LGR4/TCF21/GREM1",7
"GO:2000351","regulation of endothelial cell apoptotic process","9/635","48/11973",0.1875,3.53533464566929,4.16513139492734,0.000818127262242144,0.0120919771646167,0.00729316291513648,"ANGPT1/GATA2/RGCC/CDH5/NDNF/GAS6/RAMP2/SEMA5A/TEK",9
"GO:0010001","glial cell differentiation","17/635","136/11973",0.125,2.35688976377953,3.76612895931138,0.000845284749209386,0.0124102150805051,0.00748510513721898,"AGER/CDK1/PTN/GPM6B/ADGRG6/MDK/CLU/TNFRSF21/NTRK2/QKI/MYRF/IL6/ZEB2/LDLR/BMP2/C5AR1/SOX4",17
"GO:0045786","negative regulation of cell cycle","29/635","292/11973",0.0993150684931507,1.87259734656456,3.57245932049362,0.000845429671840964,0.0124102150805051,0.00748510513721898,"RFC4/FHL1/CDK1/KLF4/BIRC5/ZWINT/RGCC/BUB1/NDC80/TTK/NR4A1/CDKN2A/TRIP13/GMNN/RPS6KA2/NEK2/MAD2L1/CDKN1C/DUSP1/KAT2B/KANK2/BMP2/CENPF/CDC20/FAM107A/DSP/HPGD/BUB1B/CCNB1",29
"GO:0046849","bone remodeling","10/635","58/11973",0.172413793103448,3.25088243279935,4.06650935319209,0.000849319955235217,0.0124249153995465,0.00749397149713796,"PTN/PDK4/ACP5/SPP1/LEPR/MDK/LGR4/IL6/S1PR1/GREM1",10
"GO:0042063","gliogenesis","22/635","199/11973",0.110552763819095,2.08448541922209,3.65081839603249,0.000871281786879437,0.0127029931029439,0.0076616914627263,"AGER/CDK1/PTN/GPM6B/ADGRG6/MDK/VCAN/COL3A1/CLU/TNFRSF21/NTRK2/QKI/MYRF/IL6/ZEB2/SLC7A5/LDLR/BMP2/IL33/C5AR1/SOX4/CX3CR1",22
"GO:0030278","regulation of ossification","13/635","90/11973",0.144444444444444,2.72351706036745,3.8839692531464,0.000878775699028592,0.012768967167304,0.00770148310250539,"PTN/GPM6B/ADGRG6/TFAP2A/MDK/KL/S1PR1/GREM1/SMAD6/GDF10/BMP2/ZBTB16/ALOX5",13
"GO:0051216","cartilage development","15/635","113/11973",0.132743362831858,2.50289178454463,3.79862636357558,0.000900287759925116,0.01303750052336,0.00786344648427524,"OGN/ADGRG6/MDK/HYAL1/COL3A1/HYAL2/TIMP1/TGFBR2/GHR/GREM1/SULF1/EFEMP1/CHI3L1/BMP2/ZBTB16",15
"GO:0002237","response to molecule of bacterial origin","27/635","266/11973",0.101503759398496,1.91386537209165,3.56699270400582,0.000908916192112004,0.0131182836989051,0.00791217010093709,"SLPI/EDNRB/MIF/IRAK3/MMP9/CD36/PLSCR4/NR4A1/IL6/EDN1/SCGB1A1/SMAD6/CXCL13/LCN2/SLC7A5/NQO1/FOS/CXCL2/ZFP36/CD55/EFNB2/FGFR2/INAVA/SASH1/CD24/HPGD/CX3CR1",27
"GO:0070372","regulation of ERK1 and ERK2 cascade","24/635","226/11973",0.106194690265487,2.0023134276357,3.59994838549461,0.000919861168502678,0.0132318491161539,0.00798066602002833,"AGER/ANGPT1/ARRB1/CEACAM1/MIF/KLF4/CD36/FERMT2/MARCO/FBLN1/F2RL1/RAMP3/ATF3/GAS6/SEMA6A/FGFR4/DUSP1/CHI3L1/BMP2/RRAS/FGFR2/C5AR1/TEK/CCN2",24
"GO:0043491","phosphatidylinositol 3-kinase/protein kinase B signal transduction","26/635","253/11973",0.102766798418972,1.93768012200056,3.56741106141308,0.000936510975910237,0.0134135903218586,0.00809028152819155,"PIK3R1/ANGPT1/HBEGF/PROS1/CEACAM1/KLF4/ENG/RGCC/DCN/FERMT2/F2RL1/HYAL2/NTRK2/CEP55/EDN1/FGR/RAMP3/GAS6/PECAM1/CHI3L1/RRAS/GDF15/PIP5K1B/SEMA5A/TEK/CX3CR1",26
"GO:0150116","regulation of cell-substrate junction organization","11/635","69/11973",0.159420289855072,3.00588839438548,3.95445686204935,0.000939515057771595,0.0134135903218586,0.00809028152819155,"PIK3R1/GPM6B/SLK/FERMT2/GREM1/LIMCH1/DLC1/MACF1/FAM107A/ARHGAP6/TEK",11
"GO:0002697","regulation of immune effector process","29/635","294/11973",0.0986394557823129,1.85985858910493,3.532643888423,0.000941851726854519,0.0134135903218586,0.00809028152819155,"AGER/SERPING1/CEACAM1/MIF/IRAK3/GATA2/NR4A3/CLU/F2RL1/GPI/PGC/IL6/FGR/C4BPA/VSIG4/FCN3/HSPD1/SLC7A5/TYROBP/CD55/INAVA/IL33/A2M/CFB/HLA-E/RBP4/DNASE1L3/CADM1/CX3CR1",29
"GO:0032355","response to estradiol","14/635","102/11973",0.137254901960784,2.58795738767948,3.81151179344573,0.00094774879930732,0.0134530283360422,0.0081140681975323,"EZH2/SOCS2/CRYAB/IGFBP2/GPI/GHR/RAMP3/CAT/DUSP1/PTCH1/SRD5A1/SLC6A4/COL1A1/HPGD",14
"GO:0055017","cardiac muscle tissue growth","9/635","49/11973",0.183673469387755,3.46318495902298,4.08870776183901,0.00095593991379422,0.0135076105181042,0.00814698893006616,"CDK1/MEIS1/EDN1/TBX2/S1PR1/FGFR2/RBP4/TGFBR3/CCNB1",9
"GO:0045596","negative regulation of cell differentiation","40/635","451/11973",0.0886917960088692,1.67229428915621,3.44417926658641,0.000957875193680954,0.0135076105181042,0.00814698893006616,"ID3/PTN/CEACAM5/EDNRB/CEACAM1/SPP1/MMP9/MDK/FERMT2/CDH1/MEIS1/CDKN2A/QKI/IL6/SEMA3G/COL5A1/WWTR1/GREM1/SMAD6/MEIS2/COL5A2/HOXA5/PTCH1/EFEMP1/LDLR/CAV1/ABCG1/BMP2/SLC6A4/SOSTDC1/ZFP36/CRIM1/ZBTB16/DSP/SEMA5A/SOX4/HEY1/RCAN1/DSG2/TBX3",40
"GO:0007346","regulation of mitotic cell cycle","35/635","379/11973",0.0923482849604222,1.74123782020651,3.47026402115356,0.000973508557180343,0.013683203609257,0.00825289626044861,"FHL1/DLGAP5/ADAMTS1/CDK1/KLF4/BIRC5/ZWINT/CKS1B/RGCC/NUSAP1/TAL1/BUB1/NDC80/RRM2/UBE2C/TTK/CDKN2A/RCC1/TRIP13/EDN1/GMNN/NEK2/MAD2L1/MEIS2/CDKN1C/DUSP1/KANK2/AURKA/CENPF/CDC20/UBD/FAM107A/BUB1B/CAV2/CCNB1",35
"GO:0030111","regulation of Wnt signaling pathway","24/635","227/11973",0.105726872246696,1.99349266363731,3.57630529078746,0.000978660655851327,0.0137108126410963,0.00826954838973992,"WIF1/GPC3/IGFBP2/MDK/RECK/CDH3/EGR1/LGR4/TPBG/WWTR1/SCEL/GREM1/SULF1/FOLR1/ZEB2/CAV1/BMP2/SOSTDC1/FGFR2/DKK3/COL1A1/MACF1/SEMA5A/SOX4",24
"GO:0060021","roof of mouth development","7/635","31/11973",0.225806451612903,4.25760731521463,4.29776866841662,0.000982919072852452,0.0137257627673325,0.00827856541853165,"TFAP2A/CLDN5/TCF21/TGFBR2/LRRC32/FOXF2/TGFBR3",7
"GO:0090068","positive regulation of cell cycle process","21/635","188/11973",0.111702127659574,2.10615681018596,3.61770224238356,0.000990611917227853,0.013788420245945,0.00831635669064138,"ECT2/DLGAP5/ADAMTS1/CDK1/EZH2/BIRC5/FEN1/RGCC/NUSAP1/BUB1/NDC80/RRM2/UBE2C/RCC1/EDN1/TBX2/MAD2L1/KAT2B/AURKA/CDC20/CCNB1",21
"GO:0007015","actin filament organization","33/635","351/11973",0.094017094017094,1.77270341207349,3.47718616567845,0.000995309992563875,0.0138091234774749,0.00832884365107492,"MARCKSL1/PIK3R1/EMP2/KANK3/MYL9/ARRB1/RGCC/FERMT2/WASF3/F2RL1/PLA2G1B/SPTBN1/CYRIA/GMFG/CXCL12/DIAPH2/S1PR1/SORBS1/ZEB2/LIMCH1/KANK2/DLC1/SYNPO/PTGER4/NEBL/FAM107A/CNN1/ARHGAP6/SEMA5A/NEDD9/SLIT2/CCN2/LMOD1",33
"GO:0001774","microglial cell activation","8/635","40/11973",0.2,3.77102362204724,4.15429558211571,0.00101764282780817,0.0139836479309997,0.00843410644266835,"AGER/CLU/IL6/LDLR/TYROBP/IL33/C5AR1/CX3CR1",8
"GO:0002269","leukocyte activation involved in inflammatory response","8/635","40/11973",0.2,3.77102362204724,4.15429558211571,0.00101764282780817,0.0139836479309997,0.00843410644266835,"AGER/CLU/IL6/LDLR/TYROBP/IL33/C5AR1/CX3CR1",8
"GO:0002686","negative regulation of leukocyte migration","8/635","40/11973",0.2,3.77102362204724,4.15429558211571,0.00101764282780817,0.0139836479309997,0.00843410644266835,"MIF/CXCL12/GREM1/DUSP1/PTGER4/GDF15/IL33/SLIT2",8
"GO:0060828","regulation of canonical Wnt signaling pathway","20/635","176/11973",0.113636363636364,2.14262705798139,3.61390755328586,0.00104681519377973,0.01429318142364,0.00862079867329234,"GPC3/IGFBP2/MDK/RECK/CDH3/EGR1/LGR4/TPBG/WWTR1/SCEL/GREM1/FOLR1/ZEB2/CAV1/BMP2/FGFR2/DKK3/COL1A1/SEMA5A/SOX4",20
"GO:1901654","response to ketone","20/635","176/11973",0.113636363636364,2.14262705798139,3.61390755328586,0.00104681519377973,0.01429318142364,0.00862079867329234,"SPP1/KLF9/AQP1/GPI/EDN1/GHR/TBX2/GAS6/DUSP1/SRD5A1/CAV1/FOS/POSTN/CLDN4/STK39/PTGER4/FOSB/SLIT2/FBP1/TGFBR3",20
"GO:0010885","regulation of cholesterol storage","5/635","16/11973",0.3125,5.89222440944882,4.63401288788651,0.00110597387898994,0.0150056582130464,0.00905052238411769,"CD36/ABCG1/CES1/LPL/MSR1",5
"GO:0048745","smooth muscle tissue development","5/635","16/11973",0.3125,5.89222440944882,4.63401288788651,0.00110597387898994,0.0150056582130464,0.00905052238411769,"ENG/MYLK/COL3A1/PTCH1/ITGA8",5
"GO:0062197","cellular response to chemical stress","26/635","256/11973",0.1015625,1.91497293307087,3.50204727922806,0.00111334876716044,0.0150582171306825,0.00908222280363925,"ECT2/CDK1/KLF4/GPR37/MYLK/CAPN3/CD36/FBLN5/AQP1/IL6/EDN1/GPX3/CAT/KLF2/LCN2/KAT2B/NQO1/CAV1/FOS/STK39/GDF15/SLC2A1/ALOX5/NET1/FBP1/EDNRA",26
"GO:0006939","smooth muscle contraction","11/635","71/11973",0.154929577464789,2.92121548186758,3.84235307210452,0.00119840888393106,0.0160976525448441,0.00970914855052418,"EDNRB/MYLK/MYH11/EDN1/ADRB2/SULF1/CAV1/DOCK4/CNN1/NMU/EDNRA",11
"GO:0007613","memory","11/635","71/11973",0.154929577464789,2.92121548186758,3.84235307210452,0.00119840888393106,0.0160976525448441,0.00970914855052418,"PTN/FEN1/MDK/EGR1/CAMK2N1/LCN2/KAT2B/SLC1A1/LDLR/FOS/SLC6A4",11
"GO:1900744","regulation of p38MAPK cascade","7/635","32/11973",0.21875,4.12455708661417,4.18837052027002,0.00120142907856196,0.0160976525448441,0.00970914855052418,"AGER/PER1/GADD45B/DUSP1/BMP2/STK39/SASH1",7
"GO:0006979","response to oxidative stress","32/635","341/11973",0.093841642228739,1.76939524788141,3.41115522699044,0.00121745582803721,0.0162617314173542,0.00980811118763943,"DUOX1/ECT2/CDK1/KLF4/GCLC/GPR37/CRYAB/HBB/CD36/FBLN5/HBA2/HYAL1/SESN1/AQP1/HYAL2/IL6/EDN1/GPX3/SCGB1A1/CAT/HBA1/KLF2/LCN2/DUSP1/KAT2B/NQO1/FOS/COL1A1/PRDX4/ALOX5/NET1/EDNRA",32
"GO:0032956","regulation of actin cytoskeleton organization","27/635","272/11973",0.0992647058823529,1.87164775358962,3.44124796816619,0.00126913442419199,0.0168383734503496,0.0101559074357714,"PIK3R1/ECT2/KANK3/GPM6B/RGCC/FERMT2/WASF3/F2RL1/EDN1/SPTBN1/CYRIA/GMFG/CXCL12/S1PR1/LIMCH1/KANK2/ARHGAP44/DLC1/SYNPO/PTGER4/FAM107A/ARHGAP6/SEMA5A/NEDD9/SLIT2/CCN2/LMOD1",27
"GO:0120161","regulation of cold-induced thermogenesis","17/635","141/11973",0.120567375886525,2.27331211258167,3.59929411757222,0.00126941276885203,0.0168383734503496,0.0101559074357714,"LEPR/CD36/EPAS1/ACADL/FABP4/FABP5/LGR4/TRPV2/QKI/ZNF423/ADRB2/LAMA4/LCN2/ID1/CAV1/NPR3/ALDH1A1",17
"GO:0003279","cardiac septum development","10/635","61/11973",0.163934426229508,3.09100296889118,3.87462088419979,0.0012723718603496,0.0168383734503496,0.0101559074357714,"ENG/TGFBR2/GATA6/TBX2/SMAD6/FGFR2/SOX4/SLIT2/HEY1/TGFBR3",10
"GO:0071375","cellular response to peptide hormone stimulus","28/635","286/11973",0.0979020979020979,1.84595561918397,3.42673929299628,0.00128362856093661,0.0168672815650857,0.0101733430947599,"PIK3R1/PDK4/CEACAM1/PID1/KLF4/SOCS2/GCLC/NR4A2/AGTR1/NR4A3/ADCY9/NR4A1/AGTR2/PLA2G1B/EDN1/GHR/AKT3/SORBS1/KLF2/KAT2B/CA2/SRD5A1/CAV1/FOS/GDF15/CAV2/FBP1/EDNRA",28
"GO:0010875","positive regulation of cholesterol efflux","6/635","24/11973",0.25,4.71377952755905,4.30980825349129,0.00128632140277798,0.0168672815650857,0.0101733430947599,"PTCH1/CAV1/ABCG1/CES1/ABCA3/ABCA8",6
"GO:0060043","regulation of cardiac muscle cell proliferation","6/635","24/11973",0.25,4.71377952755905,4.30980825349129,0.00128632140277798,0.0168672815650857,0.0101733430947599,"CDK1/TBX2/FGFR2/RBP4/TGFBR3/CCNB1",6
"GO:0045930","negative regulation of mitotic cell cycle","20/635","179/11973",0.111731843575419,2.10671710728896,3.53048659914268,0.00129041821687097,0.0168695706710093,0.0101747237475848,"FHL1/CDK1/KLF4/BIRC5/ZWINT/RGCC/BUB1/NDC80/TTK/TRIP13/GMNN/MAD2L1/CDKN1C/DUSP1/KANK2/CENPF/CDC20/FAM107A/BUB1B/CCNB1",20
"GO:0090066","regulation of anatomical structure size","33/635","357/11973",0.092436974789916,1.74291007741679,3.37243855968919,0.00132402009686087,0.0171895722384728,0.0103677296996172,"KANK3/EDNRB/SPP1/GCLC/NPR1/AQP4/AGTR1/HBB/CDH1/F2RL1/AQP1/AGTR2/SVEP1/TRPV2/EDN1/SPTBN1/CYRIA/SEMA3G/CXCL12/ADRB2/PECAM1/KLF2/KAT2B/KANK2/CAV1/SLC6A4/STK39/DOCK4/MACF1/SEMA5A/SLIT2/LMOD1/EDNRA",33
"GO:0050000","chromosome localization","13/635","94/11973",0.138297872340426,2.60762271737309,3.70305455772721,0.00132688630159799,0.0171895722384728,0.0103677296996172,"ECT2/DLGAP5/CDK1/CENPA/BIRC5/ZWINT/NDC80/TTK/H3-3B/NEK2/KAT2B/CENPF/CCNB1",13
"GO:0150115","cell-substrate junction organization","13/635","94/11973",0.138297872340426,2.60762271737309,3.70305455772721,0.00132688630159799,0.0171895722384728,0.0103677296996172,"PIK3R1/GPM6B/SLK/FERMT2/SORBS1/GREM1/LIMCH1/DST/DLC1/MACF1/FAM107A/ARHGAP6/TEK",13
"GO:0048736","appendage development","11/635","72/11973",0.152777777777778,2.88064304461942,3.78776374773041,0.00134833141333103,0.0173627946369364,0.0104722071688803,"TFAP2A/FERMT2/COL3A1/TBX2/GREM1/COMP/PTCH1/KAT2B/FGFR2/ZBTB16/TBX3",11
"GO:0060173","limb development","11/635","72/11973",0.152777777777778,2.88064304461942,3.78776374773041,0.00134833141333103,0.0173627946369364,0.0104722071688803,"TFAP2A/FERMT2/COL3A1/TBX2/GREM1/COMP/PTCH1/KAT2B/FGFR2/ZBTB16/TBX3",11
"GO:0106106","cold-induced thermogenesis","17/635","142/11973",0.119718309859155,2.25730287235222,3.56677195450518,0.00137295192818238,0.0175904193037068,0.0106094968573787,"LEPR/CD36/EPAS1/ACADL/FABP4/FABP5/LGR4/TRPV2/QKI/ZNF423/ADRB2/LAMA4/LCN2/ID1/CAV1/NPR3/ALDH1A1",17
"GO:0030900","forebrain development","22/635","206/11973",0.106796116504854,2.01365339041358,3.47289938370026,0.00137418760428865,0.0175904193037068,0.0106094968573787,"NRGN/EZH2/MDK/CDH1/COL3A1/AQP1/FEZ1/NTRK2/NDNF/SEMA3G/CXCL12/SRD5A1/FOS/TYROBP/TACC1/BMP2/DLC1/PCDH9/FGFR2/SLC2A1/SEMA5A/SLIT2",22
"GO:0055002","striated muscle cell development","14/635","106/11973",0.132075471698113,2.49029861833309,3.6471846440894,0.0013869914155466,0.0177016322797209,0.0106765739235446,"CDK1/MYL9/KRT19/CAPN3/MYH11/MEIS1/EDN1/FHL2/KRT8/NEBL/CAV2/CCNB1/TBX3/LMOD1",14
"GO:0034614","cellular response to reactive oxygen species","15/635","118/11973",0.127118644067797,2.39683704791138,3.60859347981347,0.00140951820635559,0.0178897327907683,0.0107900249872386,"ECT2/CDK1/KLF4/GPR37/CD36/FBLN5/AQP1/IL6/EDN1/CAT/KLF2/LCN2/NQO1/FOS/NET1",15
"GO:0031670","cellular response to nutrient","8/635","42/11973",0.19047619047619,3.59145106861642,3.98135795438894,0.00142252699708039,0.0178897327907683,0.0107900249872386,"CYP24A1/GAS6/FOLR1/KAT2B/KANK2/POSTN/COL1A1/LPL",8
"GO:0055008","cardiac muscle tissue morphogenesis","8/635","42/11973",0.19047619047619,3.59145106861642,3.98135795438894,0.00142252699708039,0.0178897327907683,0.0107900249872386,"ENG/S1PR1/BMP2/TNNC1/FGFR2/DSP/TGFBR3/EDNRA",8
"GO:0060420","regulation of heart growth","8/635","42/11973",0.19047619047619,3.59145106861642,3.98135795438894,0.00142252699708039,0.0178897327907683,0.0107900249872386,"CDK1/EDN1/TBX2/ACACB/FGFR2/RBP4/TGFBR3/CCNB1",8
"GO:1905330","regulation of morphogenesis of an epithelium","8/635","42/11973",0.19047619047619,3.59145106861642,3.98135795438894,0.00142252699708039,0.0178897327907683,0.0107900249872386,"MMRN2/MDK/AGTR2/LGR4/TBX2/GREM1/SULF1/LCN2",8
"GO:0051893","regulation of focal adhesion assembly","10/635","62/11973",0.161290322580645,3.04114808229616,3.81327596513986,0.00144657290543157,0.0180863664716895,0.0109086227525203,"GPM6B/SLK/FERMT2/GREM1/LIMCH1/DLC1/MACF1/FAM107A/ARHGAP6/TEK",10
"GO:0090109","regulation of cell-substrate junction assembly","10/635","62/11973",0.161290322580645,3.04114808229616,3.81327596513986,0.00144657290543157,0.0180863664716895,0.0109086227525203,"GPM6B/SLK/FERMT2/GREM1/LIMCH1/DLC1/MACF1/FAM107A/ARHGAP6/TEK",10
"GO:0001659","temperature homeostasis","20/635","181/11973",0.110497237569061,2.08343846521947,3.47577610167474,0.00147843300783032,0.0184166688677103,0.0111078415529402,"EDNRB/LEPR/CD36/EPAS1/ACADL/EGR1/FABP4/FABP5/LGR4/TRPV2/QKI/ZNF423/ADRB2/LAMA4/LCN2/ID1/CAV1/NPR3/NMU/ALDH1A1",20
"GO:0007204","positive regulation of cytosolic calcium ion concentration","17/635","143/11973",0.118881118881119,2.24151753758053,3.53452042414516,0.00148354369630237,0.0184166688677103,0.0111078415529402,"EDNRB/GATA2/AGTR1/CD36/F2RL1/PLA2G1B/EDN1/CXCL13/CD52/CAV1/CD55/PTGER4/CD24/C5AR1/CX3CR1/NMU/EDNRA",17
"GO:1904705","regulation of vascular associated smooth muscle cell proliferation","9/635","52/11973",0.173076923076923,3.26338582677165,3.87084614992019,0.00148583680471878,0.0184166688677103,0.0111078415529402,"ADAMTS1/RGCC/NR4A3/MMP9/RGS5/EDN1/FGFR2/CNN1/HPGD",9
"GO:0010878","cholesterol storage","5/635","17/11973",0.294117647058824,5.54562297359889,4.43840480152309,0.00149905092024282,0.0184211943084697,0.011110571030202,"CD36/ABCG1/CES1/LPL/MSR1",5
"GO:0016338","calcium-independent cell-cell adhesion","5/635","17/11973",0.294117647058824,5.54562297359889,4.43840480152309,0.00149905092024282,0.0184211943084697,0.011110571030202,"CLDN18/CLDN5/CLDN3/BMP2/CLDN4",5
"GO:0060045","positive regulation of cardiac muscle cell proliferation","5/635","17/11973",0.294117647058824,5.54562297359889,4.43840480152309,0.00149905092024282,0.0184211943084697,0.011110571030202,"CDK1/TBX2/FGFR2/TGFBR3/CCNB1",5
"GO:0048661","positive regulation of smooth muscle cell proliferation","11/635","73/11973",0.150684931506849,2.8411821809945,3.73410652275282,0.00151330629780961,0.0184907113263612,0.0111524995692618,"PIK3R1/HBEGF/ADAMTS1/RGCC/NR4A3/MMP9/IL6/EDN1/S1PR1/FGFR2/HPGD",11
"GO:0055007","cardiac muscle cell differentiation","11/635","73/11973",0.150684931506849,2.8411821809945,3.73410652275282,0.00151330629780961,0.0184907113263612,0.0111524995692618,"CDK1/MYH11/MEIS1/EDN1/GREM1/FHL2/BMP2/EFNB2/NEBL/CCNB1/TBX3",11
"GO:0007420","brain development","37/635","419/11973",0.0883054892601432,1.6650104297822,3.27922545819005,0.00158642927926418,0.0193292700569837,0.0116582684235263,"NRGN/RTN1/EZH2/NR4A2/NFASC/MDK/CDH1/COL3A1/MEIS1/AQP1/AGTR2/FEZ1/NTRK2/TGFBR2/NDNF/SEMA3G/CXCL12/MEIS2/GDF10/PTCH1/SLC1A1/SRD5A1/FOS/TYROBP/TACC1/BMP2/SLC6A4/DLC1/PCDH9/CENPF/FGFR2/SLC2A1/SEMA5A/EML1/SOX4/SLIT2/CX3CR1",37
"GO:0042730","fibrinolysis","6/635","25/11973",0.24,4.52522834645669,4.17553031819959,0.00161763342206788,0.0196537891195309,0.0118539990604605,"SERPING1/PROS1/CPB2/THBD/FAP/PLAU",6
"GO:0043410","positive regulation of MAPK cascade","33/635","362/11973",0.0911602209944751,1.71883673380606,3.28663688833276,0.00166652782553943,0.02004821959838,0.0120918961141664,"AGER/JCAD/ANGPT1/EZH2/ARRB1/MIF/GPR37/CD36/FERMT2/MARCO/F2RL1/PLA2G1B/NTRK2/IL6/EDN1/GHR/RAMP3/GAS6/ADRB2/FGFR4/PECAM1/GADD45B/CHI3L1/BMP2/STK39/GDF15/FGFR2/INAVA/SASH1/C5AR1/CAV2/TEK/CCN2",33
"GO:0014855","striated muscle cell proliferation","8/635","43/11973",0.186046511627907,3.50792895074162,3.89880240411548,0.00166800102502519,0.02004821959838,0.0120918961141664,"ANGPT1/CDK1/TBX2/FOS/FGFR2/RBP4/TGFBR3/CCNB1",8
"GO:0061005","cell differentiation involved in kidney development","8/635","43/11973",0.186046511627907,3.50792895074162,3.89880240411548,0.00166800102502519,0.02004821959838,0.0120918961141664,"CD34/PODXL/MMP9/TCF21/EDN1/GREM1/CD24/EDNRA",8
"GO:0045931","positive regulation of mitotic cell cycle","12/635","85/11973",0.141176470588235,2.66189902732747,3.63882934764035,0.00167806534652797,0.02004821959838,0.0120918961141664,"DLGAP5/ADAMTS1/CDK1/BIRC5/RGCC/TAL1/RRM2/UBE2C/MEIS2/AURKA/CDC20/CCNB1",12
"GO:0051310","metaphase chromosome alignment","12/635","85/11973",0.141176470588235,2.66189902732747,3.63882934764035,0.00167806534652797,0.02004821959838,0.0120918961141664,"ECT2/CDK1/CENPA/BIRC5/ZWINT/NDC80/TTK/H3-3B/NEK2/KAT2B/CENPF/CCNB1",12
"GO:0110020","regulation of actomyosin structure organization","12/635","85/11973",0.141176470588235,2.66189902732747,3.63882934764035,0.00167806534652797,0.02004821959838,0.0120918961141664,"PIK3R1/ECT2/RGCC/FERMT2/EDN1/S1PR1/LIMCH1/DLC1/SYNPO/PTGER4/ARHGAP6/CCN2",12
"GO:0048640","negative regulation of developmental growth","9/635","53/11973",0.169811320754717,3.2018125092854,3.8017375490873,0.00170734036696432,0.020257030122027,0.0122178382282326,"SPP1/WWC2/CDH1/SEMA3G/PTCH1/SLC6A4/GDF15/RBP4/SEMA5A",9
"GO:1990874","vascular associated smooth muscle cell proliferation","9/635","53/11973",0.169811320754717,3.2018125092854,3.8017375490873,0.00170734036696432,0.020257030122027,0.0122178382282326,"ADAMTS1/RGCC/NR4A3/MMP9/RGS5/EDN1/FGFR2/CNN1/HPGD",9
"GO:0051301","cell division","42/635","495/11973",0.0848484848484849,1.59982820329277,3.2255097695367,0.00170967261899461,0.020257030122027,0.0122178382282326,"CCNB2/ECT2/EPB41L2/ASPM/CDK1/PTN/SFN/CENPA/BIRC5/ZWINT/VEGFD/CKS1B/NUSAP1/TAL1/MDK/BUB1/NDC80/UBE2C/KIF4A/CDKN2A/RCC1/CEP55/SPTBN1/KIF11/WWTR1/CAT/NEK2/MAD2L1/KIF2A/PTCH1/AURKA/TACC1/UBE2S/CENPF/FGFR2/PRC1/CDC20/TPX2/NEDD9/BUB1B/MYH10/CCNB1",42
"GO:0007610","behavior","31/635","334/11973",0.092814371257485,1.75002593238719,3.28998311641251,0.00171799968486277,0.020299771001634,0.0122436169899576,"AGER/NRGN/PTN/EDNRB/FEN1/LEPR/NR4A3/CLDN5/MDK/WFS1/EGR1/AGTR2/GPI/NTRK2/CXCL12/CAMK2N1/LCN2/BCHE/KAT2B/SLC1A1/LDLR/FOS/SRPX2/SLC6A4/MME/GDF15/NEDD9/PTGDS/FOSB/CX3CR1/NMU",31
"GO:0007059","chromosome segregation","30/635","320/11973",0.09375,1.76766732283465,3.29405738616909,0.00173585641110189,0.0204545710250663,0.0123369831760485,"ECT2/DLGAP5/CDK1/CENPA/BIRC5/ZWINT/CENPU/NUSAP1/BUB1/NDC80/SRPK1/UBE2C/TTK/KIF4A/RCC1/TRIP13/KIF11/H3-3B/NEK2/MAD2L1/KIF2A/DUSP1/KAT2B/CENPF/PRC1/CDC20/TPX2/BUB1B/TOP2A/CCNB1",30
"GO:0010639","negative regulation of organelle organization","27/635","278/11973",0.0971223021582734,1.83125247833229,3.31861772474307,0.00174689128051569,0.0205235450683223,0.0123785842250361,"PIK3R1/KANK3/BIRC5/ZWINT/CDH5/BUB1/NDC80/CLU/TTK/FEZ1/TRIP13/SPTBN1/GMFG/S1PR1/MAD2L1/DUSP1/KAT2B/KANK2/DLC1/CENPF/CDC20/TPX2/ARHGAP6/BUB1B/SLIT2/CCNB1/LMOD1",27
"GO:2000027","regulation of animal organ morphogenesis","7/635","34/11973",0.205882352941176,3.88193608151922,3.98237192143474,0.00175125343875245,0.0205235450683223,0.0123785842250361,"CD34/AGTR2/LGR4/EDN1/GREM1/SULF1/BMP2",7
"GO:0030308","negative regulation of cell growth","16/635","133/11973",0.120300751879699,2.26828488544195,3.48071749835775,0.00178439356857247,0.0208550998326907,0.0125785583797098,"FHL1/SPP1/NPR1/CRYAB/HYAL1/CDH1/SESN1/AGTR2/CDKN2A/HYAL2/ENO1/SEMA3G/SEMA5A/SLIT2/FBP1/WFDC1",16
"GO:0043065","positive regulation of apoptotic process","35/635","393/11973",0.089058524173028,1.67920899200577,3.24001792404744,0.00182120948449873,0.0212277018775855,0.0128032898176654,"ECT2/ID3/RGCC/PMAIP1/TFAP2A/MNDA/PHLDA2/FAP/TNFSF10/CLU/AGTR2/PLA2G1B/CDKN2A/HYAL2/IL6/ATF3/RPS6KA2/ADRB2/PERP/GADD45B/LCN2/HOXA5/DUSP1/HSPD1/IGFBP3/CAV1/BMP2/DLC1/MELK/UBD/HPGD/SOX4/SLIT2/TOP2A/NET1",35
"GO:0042476","odontogenesis","10/635","64/11973",0.15625,2.94611220472441,3.69421532868755,0.00185311171439072,0.0215411715772824,0.0129923561347552,"ID3/CD34/COL1A2/TFAP2A/AQP1/EDN1/BMP2/TMT1A/FGFR2/COL1A1",10
"GO:0007044","cell-substrate junction assembly","12/635","86/11973",0.13953488372093,2.63094671305622,3.59215325041513,0.00185854064080736,0.0215460466202492,0.0129952964713181,"GPM6B/SLK/FERMT2/SORBS1/GREM1/LIMCH1/DST/DLC1/MACF1/FAM107A/ARHGAP6/TEK",12
"GO:0044772","mitotic cell cycle phase transition","31/635","336/11973",0.0922619047619048,1.73960911136108,3.25426836644588,0.00188695593762876,0.0218123872570917,0.0131559373350056,"CCNB2/FHL1/DLGAP5/ADAMTS1/CDK1/KLF4/BIRC5/ZWINT/RGCC/BUB1/NDC80/RRM2/UBE2C/TTK/CDKN2A/RCC1/TRIP13/NEK2/MAD2L1/CDKN3/DUSP1/KANK2/AURKA/UBE2S/CENPF/MELK/CDC20/UBD/FAM107A/BUB1B/CCNB1",31
"GO:0003096","renal sodium ion transport","4/635","11/11973",0.363636363636364,6.85640658554044,4.59862138161486,0.00191701520185553,0.0218123872570917,0.0131559373350056,"EDNRB/EDN1/STK39/EDNRA",4
"GO:0044771","meiotic cell cycle phase transition","4/635","11/11973",0.363636363636364,6.85640658554044,4.59862138161486,0.00191701520185553,0.0218123872570917,0.0131559373350056,"ZWINT/NDC80/TTK/CDC20",4
"GO:0051231","spindle elongation","4/635","11/11973",0.363636363636364,6.85640658554044,4.59862138161486,0.00191701520185553,0.0218123872570917,0.0131559373350056,"BIRC5/KIF4A/KIF11/PRC1",4
"GO:0070294","renal sodium ion absorption","4/635","11/11973",0.363636363636364,6.85640658554044,4.59862138161486,0.00191701520185553,0.0218123872570917,0.0131559373350056,"EDNRB/EDN1/STK39/EDNRA",4
"GO:0106014","regulation of inflammatory response to wounding","4/635","11/11973",0.363636363636364,6.85640658554044,4.59862138161486,0.00191701520185553,0.0218123872570917,0.0131559373350056,"MDK/IL33/ALOX5/DSG2",4
"GO:1900272","negative regulation of long-term synaptic potentiation","4/635","11/11973",0.363636363636364,6.85640658554044,4.59862138161486,0.00191701520185553,0.0218123872570917,0.0131559373350056,"AGER/PTN/TYROBP/FAM107A",4
"GO:0051017","actin filament bundle assembly","16/635","134/11973",0.119402985074627,2.25135738629686,3.44729334323414,0.001929625104711,0.0218979355550449,0.0132075349906737,"PIK3R1/MYL9/ARRB1/RGCC/FERMT2/S1PR1/SORBS1/ZEB2/LIMCH1/DLC1/SYNPO/PTGER4/FAM107A/ARHGAP6/NEDD9/CCN2",16
"GO:0033688","regulation of osteoblast proliferation","5/635","18/11973",0.277777777777778,5.23753280839895,4.25771440036537,0.00198598917896657,0.022419263671221,0.0135219691672978,"FBLN5/GREM1/BMP2/FGFR2/NPR3",5
"GO:0061042","vascular wound healing","5/635","18/11973",0.277777777777778,5.23753280839895,4.25771440036537,0.00198598917896657,0.022419263671221,0.0135219691672978,"MCAM/CD34/GATA2/NDNF/ALOX5",5
"GO:0006691","leukotriene metabolic process","6/635","26/11973",0.230769230769231,4.3511811023622,4.04815498136049,0.00200997112987905,0.0224542489080774,0.0135430701856461,"PLA2G1B/ALOX5AP/GGTLC1/PLA2G4A/DPEP2/ALOX5",6
"GO:0030449","regulation of complement activation","6/635","26/11973",0.230769230769231,4.3511811023622,4.04815498136049,0.00200997112987905,0.0224542489080774,0.0135430701856461,"SERPING1/CLU/C4BPA/VSIG4/CD55/A2M",6
"GO:0035025","positive regulation of Rho protein signal transduction","6/635","26/11973",0.230769230769231,4.3511811023622,4.04815498136049,0.00200997112987905,0.0224542489080774,0.0135430701856461,"ARRB1/FERMT2/COL3A1/F2RL1/TEK/NET1",6
"GO:0071295","cellular response to vitamin","6/635","26/11973",0.230769230769231,4.3511811023622,4.04815498136049,0.00200997112987905,0.0224542489080774,0.0135430701856461,"CYP24A1/GAS6/FOLR1/KANK2/POSTN/COL1A1",6
"GO:0006909","phagocytosis","21/635","199/11973",0.105527638190955,1.98973608198473,3.3318536434716,0.00202693475015626,0.0225850941979846,0.0136219882982906,"AGER/CD93/GATA2/LEPR/COLEC12/CD36/SRPX/CD302/MARCO/F2RL1/SFTPD/FGR/GAS6/C4BPA/PECAM1/ANXA3/FCN3/LDLR/TYROBP/CFB/MSR1",21
"GO:0032526","response to retinoic acid","12/635","87/11973",0.137931034482759,2.60070594623948,3.5461353836892,0.00205463961668534,0.0228346382205779,0.0137724984412138,"KLF4/IGFBP2/AQP1/GATA6/TBX2/TIE1/DUSP1/PTCH1/SLC6A4/FGFR2/COL1A1/RBP4",12
"GO:0061572","actin filament bundle organization","16/635","135/11973",0.118518518518519,2.23468066491689,3.4141638057356,0.00208461258019869,0.0231080379057592,0.0139373969038746,"PIK3R1/MYL9/ARRB1/RGCC/FERMT2/S1PR1/SORBS1/ZEB2/LIMCH1/DLC1/SYNPO/PTGER4/FAM107A/ARHGAP6/NEDD9/CCN2",16
"GO:1904707","positive regulation of vascular associated smooth muscle cell proliferation","7/635","35/11973",0.2,3.77102362204724,3.88517381736317,0.00209066312226382,0.0231155323620995,0.013941917115111,"ADAMTS1/RGCC/NR4A3/MMP9/EDN1/FGFR2/HPGD",7
"GO:0001819","positive regulation of cytokine production","36/635","411/11973",0.0875912408759124,1.65154319213748,3.1808971726119,0.00209721813907643,0.0231285518363275,0.0139497696892039,"AGER/DUOX1/GAPDH/CD34/MIF/IRAK3/RGCC/POU2AF1/IL1RL1/NR4A3/CD36/MDK/CLU/F2RL1/EGR1/MMP12/PLA2G1B/HYAL2/IL6/SPTBN1/FGR/SULF1/HSPD1/CHI3L1/SLC7A5/KPNA2/TYROBP/IGHD/CD55/PTGER4/INAVA/IL33/HLA-E/LPL/C5AR1/CADM1",36
"GO:1901989","positive regulation of cell cycle phase transition","11/635","76/11973",0.144736842105263,2.72903025279735,3.57843100370368,0.00210987976710153,0.0232086774381168,0.013998096696406,"DLGAP5/ADAMTS1/CDK1/EZH2/BIRC5/RGCC/RRM2/UBE2C/TBX2/CDC20/CCNB1",11
"GO:1905952","regulation of lipid localization","15/635","123/11973",0.121951219512195,2.29940464758978,3.42799189737387,0.00214106906641763,0.0234916787108731,0.0141687862667967,"MIF/SPP1/AGTR1/CD36/IL6/EDN1/ACACB/PTCH1/CAV1/ABCG1/CES1/LPL/ABCA3/ABCA8/MSR1",15
"GO:0110053","regulation of actin filament organization","21/635","200/11973",0.105,1.9797874015748,3.3067797320523,0.00215544384484437,0.0235892213146963,0.0142276181758522,"PIK3R1/KANK3/RGCC/FERMT2/WASF3/F2RL1/SPTBN1/CYRIA/GMFG/CXCL12/S1PR1/LIMCH1/KANK2/DLC1/SYNPO/PTGER4/ARHGAP6/SEMA5A/SLIT2/CCN2/LMOD1",21
"GO:0043627","response to estrogen","9/635","55/11973",0.163636363636364,3.0853829634932,3.66832213049433,0.00222945096516347,0.0243372299522033,0.0146787725884847,"CLDN18/KRT19/IGFBP2/SMAD6/SRD5A1/CAV1/MME/CD24/RCAN1",9
"GO:0050679","positive regulation of epithelial cell proliferation","16/635","136/11973",0.117647058823529,2.21824918943956,3.38132372612652,0.00224985629099727,0.0244711057302108,0.0147595185116788,"JCAD/PTN/GATA2/AGTR1/NR4A3/MDK/CDH3/NR4A1/MMP12/CXCL12/AKT3/NME1/FGFR2/SEMA5A/C5AR1/TEK",16
"GO:0038066","p38MAPK cascade","8/635","45/11973",0.177777777777778,3.35202099737533,3.74080979458614,0.00225878376537868,0.0244711057302108,0.0147595185116788,"AGER/PER1/GADD45B/DUSP1/BMP2/ZFP36/STK39/SASH1",8
"GO:0043030","regulation of macrophage activation","8/635","45/11973",0.177777777777778,3.35202099737533,3.74080979458614,0.00225878376537868,0.0244711057302108,0.0147595185116788,"MIF/IL1RL1/IL6/VSIG4/PLA2G4A/HSPD1/LDLR/IL33",8
"GO:2001251","negative regulation of chromosome organization","12/635","88/11973",0.136363636363636,2.57115246957767,3.50075780565433,0.0022673552181695,0.02450224822449,0.0147783018157878,"BIRC5/ZWINT/BUB1/NDC80/TTK/TRIP13/MAD2L1/DUSP1/CENPF/CDC20/BUB1B/CCNB1",12
"GO:0007517","muscle organ development","21/635","201/11973",0.104477611940299,1.96993771300975,3.28185008244193,0.00229078487824705,0.0246845663879744,0.0148882653106388,"DES/FHL1/HBEGF/ID3/ENG/MYLK/CAPN3/COL3A1/TCF21/S1PR1/CAV1/DMD/BMP2/CENPF/TNNC1/FGFR2/DSP/CAV2/TGFBR3/RCAN1/EDNRA",21
"GO:0051896","regulation of phosphatidylinositol 3-kinase/protein kinase B signal transduction","23/635","228/11973",0.100877192982456,1.9020513883133,3.25442436425218,0.00229570484891648,0.0246845663879744,0.0148882653106388,"ANGPT1/HBEGF/PROS1/CEACAM1/KLF4/ENG/DCN/FERMT2/F2RL1/HYAL2/NTRK2/CEP55/FGR/RAMP3/GAS6/PECAM1/CHI3L1/RRAS/GDF15/PIP5K1B/SEMA5A/TEK/CX3CR1",23
"GO:0045444","fat cell differentiation","17/635","149/11973",0.114093959731544,2.15125508640279,3.3464510445599,0.00231712581486794,0.0248527634158279,0.0149897117746271,"ADIRF/KLF4/NR4A2/GATA2/NR4A3/FERMT2/NR4A1/IL6/WWTR1/SMAD6/GDF10/GRK5/BMP2/ZFP36/LPL/ZBTB16/ALOX5",17
"GO:0003231","cardiac ventricle development","11/635","77/11973",0.142857142857143,2.69358830146232,3.52821238677128,0.00234662964079091,0.0250759665982059,0.015124334686174,"FOXF1/ENG/TGFBR2/TNNC1/FGFR2/DSP/SOX4/SLIT2/HEY1/TGFBR3/EDNRA",11
"GO:0032635","interleukin-6 production","14/635","112/11973",0.125,2.35688976377953,3.4142468311,0.00235542676253782,0.0250759665982059,0.015124334686174,"AGER/ARRB1/IRAK3/POU2AF1/F2RL1/HYAL2/IL6/GAS6/KLF2/HSPD1/TYROBP/INAVA/IL33/LPL",14
"GO:0032675","regulation of interleukin-6 production","14/635","112/11973",0.125,2.35688976377953,3.4142468311,0.00235542676253782,0.0250759665982059,0.015124334686174,"AGER/ARRB1/IRAK3/POU2AF1/F2RL1/HYAL2/IL6/GAS6/KLF2/HSPD1/TYROBP/INAVA/IL33/LPL",14
"GO:0007584","response to nutrient","16/635","137/11973",0.116788321167883,2.20205758951664,3.34876807373696,0.00242587233879559,0.0257621652571847,0.0155382089884449,"SPP1/GCLC/IGFBP2/CYP24A1/GAS6/CAT/SHMT2/KL/BCHE/FOLR1/KAT2B/KANK2/POSTN/SLC6A4/COL1A1/LPL",16
"GO:0043068","positive regulation of programmed cell death","36/635","415/11973",0.0867469879518072,1.63562470353856,3.11878517676847,0.0024700497928212,0.0260394784379071,0.0157054678393333,"ECT2/ID3/RGCC/PMAIP1/TFAP2A/MNDA/PHLDA2/FAP/TNFSF10/CLU/F2RL1/AGTR2/PLA2G1B/CDKN2A/HYAL2/IL6/ATF3/RPS6KA2/ADRB2/PERP/GADD45B/LCN2/HOXA5/DUSP1/HSPD1/IGFBP3/CAV1/BMP2/DLC1/MELK/UBD/HPGD/SOX4/SLIT2/TOP2A/NET1",36
"GO:0003081","regulation of systemic arterial blood pressure by renin-angiotensin","6/635","27/11973",0.222222222222222,4.19002624671916,3.92705400378903,0.00247014815221254,0.0260394784379071,0.0157054678393333,"EDNRB/AGTR1/F2RL1/AGTR2/MME/CPA3",6
"GO:0090231","regulation of spindle checkpoint","6/635","27/11973",0.222222222222222,4.19002624671916,3.92705400378903,0.00247014815221254,0.0260394784379071,0.0157054678393333,"BIRC5/ZWINT/NDC80/MAD2L1/DUSP1/CCNB1",6
"GO:0043535","regulation of blood vessel endothelial cell migration","12/635","89/11973",0.134831460674157,2.54226311598691,3.4560032681481,0.00249771551423678,0.0262657076448224,0.0158419158692736,"JCAD/ANGPT1/MMRN2/KLF4/GATA2/RGCC/AGTR2/STARD13/AKT3/GREM1/SRPX2/TGFBR3",12
"GO:0007052","mitotic spindle organization","14/635","113/11973",0.123893805309735,2.33603233224166,3.37688161718194,0.00256120399523053,0.0266647587701268,0.0160825998226662,"DLGAP5/BIRC5/NDC80/TTK/KIF4A/RCC1/KIF11/KIF2A/AURKA/TACC1/PRC1/TPX2/EML1/CCNB1",14
"GO:0090101","negative regulation of transmembrane receptor protein serine/threonine kinase signaling pathway","13/635","101/11973",0.128712871287129,2.42689639042644,3.40794967283553,0.0025625533662584,0.0266647587701268,0.0160825998226662,"ENG/CDH3/LRRC32/GREM1/SMAD6/CAV1/BMP2/SOSTDC1/CHRDL1/GDF15/DKK3/CRIM1/TGFBR3",13
"GO:0001975","response to amphetamine","5/635","19/11973",0.263157894736842,4.96187318690427,4.08999460835018,0.00257906060180719,0.0266647587701268,0.0160825998226662,"RGS17/EDN1/SLC1A1/FOSB/EDNRA",5
"GO:0002043","blood vessel endothelial cell proliferation involved in sprouting angiogenesis","5/635","19/11973",0.263157894736842,4.96187318690427,4.08999460835018,0.00257906060180719,0.0266647587701268,0.0160825998226662,"JCAD/MMRN2/GATA2/AGTR1/SEMA5A",5
"GO:0035886","vascular associated smooth muscle cell differentiation","5/635","19/11973",0.263157894736842,4.96187318690427,4.08999460835018,0.00257906060180719,0.0266647587701268,0.0160825998226662,"ENG/GATA6/QKI/RAMP2/EDNRA",5
"GO:0045217","cell-cell junction maintenance","5/635","19/11973",0.263157894736842,4.96187318690427,4.08999460835018,0.00257906060180719,0.0266647587701268,0.0160825998226662,"FERMT2/F2RL1/CLDN3/INAVA/DSP",5
"GO:0098801","regulation of renal system process","5/635","19/11973",0.263157894736842,4.96187318690427,4.08999460835018,0.00257906060180719,0.0266647587701268,0.0160825998226662,"EMP2/NPR1/AGTR1/F2RL1/GAS6",5
"GO:0048041","focal adhesion assembly","11/635","78/11973",0.141025641025641,2.65905511811024,3.47878735835899,0.00260444316944402,0.0267270680291571,0.0161201810693923,"GPM6B/SLK/FERMT2/SORBS1/GREM1/LIMCH1/DLC1/MACF1/FAM107A/ARHGAP6/TEK",11
"GO:0070167","regulation of biomineral tissue development","11/635","78/11973",0.141025641025641,2.65905511811024,3.47878735835899,0.00260444316944402,0.0267270680291571,0.0161201810693923,"PTN/GPM6B/ADGRG6/TFAP2A/GAS6/KL/S1PR1/GREM1/BMP2/ALOX5/HEY1",11
"GO:0030195","negative regulation of blood coagulation","8/635","46/11973",0.173913043478261,3.27915097569326,3.66512162739332,0.00260994386706486,0.0267270680291571,0.0161201810693923,"SERPING1/PROS1/CPB2/CEACAM1/THBD/FAP/EDN1/PLAU",8
"GO:1900047","negative regulation of hemostasis","8/635","46/11973",0.173913043478261,3.27915097569326,3.66512162739332,0.00260994386706486,0.0267270680291571,0.0161201810693923,"SERPING1/PROS1/CPB2/CEACAM1/THBD/FAP/EDN1/PLAU",8
"GO:1901990","regulation of mitotic cell cycle phase transition","25/635","258/11973",0.0968992248062016,1.82704632851126,3.17812178266916,0.00262388573799801,0.0268060155798799,0.0161677975461135,"FHL1/DLGAP5/ADAMTS1/CDK1/KLF4/BIRC5/ZWINT/RGCC/BUB1/NDC80/RRM2/UBE2C/TTK/CDKN2A/TRIP13/MAD2L1/DUSP1/KANK2/AURKA/CENPF/CDC20/UBD/FAM107A/BUB1B/CCNB1",25
"GO:0009792","embryo development ending in birth or egg hatching","20/635","190/11973",0.105263157894737,1.98474927476171,3.23799759370645,0.00263967250246998,0.0269033920216194,0.0162265292360625,"EMP2/FOXF1/TFAP2A/COL3A1/RAI2/TGFBR2/EDN1/TBX2/SCEL/SULF1/FOLR1/PTCH1/BMP2/DLC1/FGFR2/COL1A1/RBP4/DSP/HEY1/EDNRA",20
"GO:1902904","negative regulation of supramolecular fiber organization","15/635","126/11973",0.119047619047619,2.24465691788526,3.32378348824948,0.00271482705799985,0.027436699906405,0.0165481888980614,"PIK3R1/KANK3/CRYAB/CDH5/CLU/SPTBN1/GMFG/S1PR1/KANK2/LDLR/DLC1/TPX2/ARHGAP6/SLIT2/LMOD1",15
"GO:0006002","fructose 6-phosphate metabolic process","4/635","12/11973",0.333333333333333,6.28503937007874,4.33468053016932,0.00275579036493071,0.027436699906405,0.0165481888980614,"GPI/GFPT1/PFKP/FBP1",4
"GO:0030889","negative regulation of B cell proliferation","4/635","12/11973",0.333333333333333,6.28503937007874,4.33468053016932,0.00275579036493071,0.027436699906405,0.0165481888980614,"MNDA/TNFRSF21/CDKN2A/TYROBP",4
"GO:0042045","epithelial fluid transport","4/635","12/11973",0.333333333333333,6.28503937007874,4.33468053016932,0.00275579036493071,0.027436699906405,0.0165481888980614,"EDNRB/CLDN18/AQP1/EDN1",4
"GO:0044857","plasma membrane raft organization","4/635","12/11973",0.333333333333333,6.28503937007874,4.33468053016932,0.00275579036493071,0.027436699906405,0.0165481888980614,"EMP2/COLEC12/CAV1/CAV2",4
"GO:0051447","negative regulation of meiotic cell cycle","4/635","12/11973",0.333333333333333,6.28503937007874,4.33468053016932,0.00275579036493071,0.027436699906405,0.0165481888980614,"ZWINT/TTK/TRIP13/DUSP1",4
"GO:0070141","response to UV-A","4/635","12/11973",0.333333333333333,6.28503937007874,4.33468053016932,0.00275579036493071,0.027436699906405,0.0165481888980614,"MMP9/TIMP1/MMP1/MME",4
"GO:0071493","cellular response to UV-B","4/635","12/11973",0.333333333333333,6.28503937007874,4.33468053016932,0.00275579036493071,0.027436699906405,0.0165481888980614,"MFAP4/HYAL1/HYAL2/MME",4
"GO:0072567","chemokine (C-X-C motif) ligand 2 production","4/635","12/11973",0.333333333333333,6.28503937007874,4.33468053016932,0.00275579036493071,0.027436699906405,0.0165481888980614,"MIF/KLF4/F2RL1/LPL",4
"GO:2000341","regulation of chemokine (C-X-C motif) ligand 2 production","4/635","12/11973",0.333333333333333,6.28503937007874,4.33468053016932,0.00275579036493071,0.027436699906405,0.0165481888980614,"MIF/KLF4/F2RL1/LPL",4
"GO:0055021","regulation of cardiac muscle tissue growth","7/635","37/11973",0.189189189189189,3.56718450734199,3.70109753794115,0.00291994679493189,0.0289370764170554,0.0174531269555229,"CDK1/EDN1/TBX2/FGFR2/RBP4/TGFBR3/CCNB1",7
"GO:0071604","transforming growth factor beta production","7/635","37/11973",0.189189189189189,3.56718450734199,3.70109753794115,0.00291994679493189,0.0289370764170554,0.0174531269555229,"COL3A1/FBLN1/GATA6/LAPTM4B/CHI3L1/TYROBP/CD24",7
"GO:0030510","regulation of BMP signaling pathway","10/635","68/11973",0.147058823529412,2.77281148679944,3.46939943896319,0.00294205465236459,0.0290224244491287,0.0175046038226988,"ENG/CDH5/ZNF423/GREM1/SMAD6/SULF1/CAV1/SOSTDC1/CHRDL1/CRIM1",10
"GO:0150076","neuroinflammatory response","10/635","68/11973",0.147058823529412,2.77281148679944,3.46939943896319,0.00294205465236459,0.0290224244491287,0.0175046038226988,"AGER/MMP9/CLU/IL6/ZEB2/LDLR/TYROBP/IL33/C5AR1/CX3CR1",10
"GO:0009410","response to xenobiotic stimulus","29/635","317/11973",0.0914826498422713,1.72491616781341,3.09559857497826,0.00295031207262904,0.0290372819779806,0.0175135650022443,"ABCC3/IGFBP2/ALDH2/CYP2B6/MDK/CDH1/TGFBR2/GATA6/EDN1/SCGB1A1/GAS6/CAT/FMO2/LCN2/BCHE/PTCH1/SRD5A1/NQO1/FOS/SLC6A4/C1orf115/CENPF/KCNK3/COL1A1/ABCA3/RBP4/FOSB/FBP1/CCNB1",29
"GO:0003044","regulation of systemic arterial blood pressure mediated by a chemical signal","8/635","47/11973",0.170212765957447,3.20938180599765,3.59148692903784,0.00300235888074097,0.0293755765067874,0.0177176041827935,"EDNRB/AGTR1/F2RL1/AGTR2/EDN1/ADRB2/MME/CPA3",8
"GO:0042044","fluid transport","6/635","28/11973",0.214285714285714,4.04038245219348,3.81167748052998,0.00300517406719052,0.0293755765067874,0.0177176041827935,"EDNRB/CLDN18/AQP4/AQP1/HYAL2/EDN1",6
"GO:1904994","regulation of leukocyte adhesion to vascular endothelial cell","6/635","28/11973",0.214285714285714,4.04038245219348,3.81167748052998,0.00300517406719052,0.0293755765067874,0.0177176041827935,"KLF4/MDK/IL6/CXCL12/EFNB2/ALOX5",6
"GO:0042552","myelination","12/635","91/11973",0.131868131868132,2.48638920134983,3.3682975860262,0.00301565485691378,0.0293875420210773,0.0177248210708087,"PTN/GPM6B/NFASC/ADGRG6/PLLP/CLDN5/CLU/TNFRSF21/QKI/MYRF/PMP22/JAM2",12
"GO:0044703","multi-organism reproductive process","16/635","140/11973",0.114285714285714,2.15487064116985,3.2527592229115,0.00302395185213174,0.0293875420210773,0.0177248210708087,"PTN/EMP2/CLIC5/SPP1/IGFBP2/FBLN1/TIMP1/EDN1/SCGB1A1/FOS/MAFF/TPPP3/CLDN4/SLC2A1/HPGD/FOSB",16
"GO:0051338","regulation of transferase activity","23/635","233/11973",0.0987124463519313,1.86123483491602,3.14172009707477,0.00302689633000169,0.0293875420210773,0.0177248210708087,"RFC4/ECT2/ANGPT1/EMP2/GPRC5A/SFN/EZH2/CEACAM1/UBE2C/CDKN2A/FGR/LDB2/GAS6/MAD2L1/CDKN3/UBE2S/ZFP36/ADARB1/EEF1A2/CDC20/SASH1/TPX2/NEDD9",23
"GO:0062012","regulation of small molecule metabolic process","25/635","262/11973",0.0954198473282443,1.79915249143475,3.0951756729979,0.00322009300707704,0.031192837890627,0.0188136683872902,"PDK4/CEACAM1/PID1/PMAIP1/AGTR1/ACADL/EGR1/FABP5/PGK1/ENO1/QKI/EDN1/SORBS1/FGFR4/ACACB/KAT2B/LDLR/CAV1/ABCG1/BMP2/NME1/CES1/GDF15/DKK3/FBP1",25
"GO:0031623","receptor internalization","14/635","116/11973",0.120689655172414,2.27561770295954,3.26711267716777,0.00326906193587187,0.0314517161458599,0.0189698083853151,"ENTREP1/ANGPT1/ARRB1/CEACAM1/SNX1/CD36/CALCRL/GHR/RAMP3/GREM1/CAV1/EFNB2/RAMP2/NEDD4L",14
"GO:1990845","adaptive thermogenesis","17/635","154/11973",0.11038961038961,2.08140914203906,3.19640661813806,0.00328226663125494,0.0314517161458599,0.0189698083853151,"LEPR/CD36/EPAS1/ACADL/FABP4/FABP5/LGR4/TRPV2/QKI/ZNF423/ADRB2/LAMA4/LCN2/ID1/CAV1/NPR3/ALDH1A1",17
"GO:0003181","atrioventricular valve morphogenesis","5/635","20/11973",0.25,4.71377952755905,3.93364031508374,0.0032906933888949,0.0314517161458599,0.0189698083853151,"TGFBR2/SMAD6/BMP2/SOX4/HEY1",5
"GO:0033687","osteoblast proliferation","5/635","20/11973",0.25,4.71377952755905,3.93364031508374,0.0032906933888949,0.0314517161458599,0.0189698083853151,"FBLN5/GREM1/BMP2/FGFR2/NPR3",5
"GO:0048143","astrocyte activation","5/635","20/11973",0.25,4.71377952755905,3.93364031508374,0.0032906933888949,0.0314517161458599,0.0189698083853151,"AGER/IL6/ZEB2/LDLR/C5AR1",5
"GO:0060392","negative regulation of SMAD protein signal transduction","5/635","20/11973",0.25,4.71377952755905,3.93364031508374,0.0032906933888949,0.0314517161458599,0.0189698083853151,"ENG/GREM1/SMAD6/GDF15/TGFBR3",5
"GO:0030177","positive regulation of Wnt signaling pathway","13/635","104/11973",0.125,2.35688976377953,3.28894159491425,0.00332342948583416,0.0316941689990526,0.0191160415557472,"GPC3/RECK/CDH3/LGR4/SCEL/SULF1/ZEB2/BMP2/FGFR2/COL1A1/MACF1/SEMA5A/SOX4",13
"GO:0003197","endocardial cushion development","7/635","38/11973",0.184210526315789,3.47331123083299,3.61377697591031,0.00341883424814131,0.032317376046716,0.0194919230568941,"FOXF1/ENG/TGFBR2/TBX2/BMP2/HEY1/TBX3",7
"GO:0035850","epithelial cell differentiation involved in kidney development","7/635","38/11973",0.184210526315789,3.47331123083299,3.61377697591031,0.00341883424814131,0.032317376046716,0.0194919230568941,"CD34/PODXL/MMP9/EDN1/GREM1/CD24/EDNRA",7
"GO:0042743","hydrogen peroxide metabolic process","7/635","38/11973",0.184210526315789,3.47331123083299,3.61377697591031,0.00341883424814131,0.032317376046716,0.0194919230568941,"DUOX1/HBB/HBA2/GPX3/CAT/HBA1/PRDX4",7
"GO:0046850","regulation of bone remodeling","7/635","38/11973",0.184210526315789,3.47331123083299,3.61377697591031,0.00341883424814131,0.032317376046716,0.0194919230568941,"PDK4/SPP1/LEPR/MDK/IL6/S1PR1/GREM1",7
"GO:0050819","negative regulation of coagulation","8/635","48/11973",0.166666666666667,3.14251968503937,3.51980201889741,0.00343920520444073,0.0324386438252183,0.0195650645831254,"SERPING1/PROS1/CPB2/CEACAM1/THBD/FAP/EDN1/PLAU",8
"GO:0034764","positive regulation of transmembrane transport","16/635","142/11973",0.112676056338028,2.12452035044915,3.1900886703206,0.00348670186134508,0.0328146711283265,0.0197918619335316,"PIK3R1/FHL1/NR4A3/CAPN3/FXYD1/PLA2G1B/EDN1/SORBS1/LCN2/CA2/SLC7A5/CAV1/STK39/FXYD6/KCNN4/EDNRA",16
"GO:0046890","regulation of lipid biosynthetic process","17/635","155/11973",0.109677419354839,2.06798069596139,3.16708157306719,0.00351054102433107,0.0328918204276531,0.0198383938117446,"PDK4/CEACAM1/ACADL/EGR1/FABP5/QKI/EDN1/SORBS1/FGFR4/KAT2B/LDLR/ABCG1/BMP2/NME1/CES1/DKK3/ABCA3",17
"GO:0021782","glial cell development","11/635","81/11973",0.135802469135802,2.56057159521726,3.33503769819074,0.00351784175696825,0.0328918204276531,0.0198383938117446,"AGER/GPM6B/ADGRG6/MDK/CLU/MYRF/IL6/ZEB2/LDLR/C5AR1/SOX4",11
"GO:0033273","response to vitamin","11/635","81/11973",0.135802469135802,2.56057159521726,3.33503769819074,0.00351784175696825,0.0328918204276531,0.0198383938117446,"SPP1/CYP24A1/GAS6/CAT/SHMT2/KL/BCHE/FOLR1/KANK2/POSTN/COL1A1",11
"GO:0030509","BMP signaling pathway","13/635","105/11973",0.123809523809524,2.33444319460067,3.25018410690882,0.00361446506654487,0.0333600287258331,0.0201207892670417,"ENG/CDH5/ZNF423/TMEM100/GREM1/SMAD6/SULF1/CAV1/BMP2/SOSTDC1/CHRDL1/CRIM1/TGFBR3",13
"GO:0007272","ensheathment of neurons","12/635","93/11973",0.129032258064516,2.43291846583693,3.2828929686725,0.00361736216775344,0.0333600287258331,0.0201207892670417,"PTN/GPM6B/NFASC/ADGRG6/PLLP/CLDN5/CLU/TNFRSF21/QKI/MYRF/PMP22/JAM2",12
"GO:0008366","axon ensheathment","12/635","93/11973",0.129032258064516,2.43291846583693,3.2828929686725,0.00361736216775344,0.0333600287258331,0.0201207892670417,"PTN/GPM6B/NFASC/ADGRG6/PLLP/CLDN5/CLU/TNFRSF21/QKI/MYRF/PMP22/JAM2",12
"GO:0032612","interleukin-1 production","12/635","93/11973",0.129032258064516,2.43291846583693,3.2828929686725,0.00361736216775344,0.0333600287258331,0.0201207892670417,"AGER/CEACAM1/CD36/F2RL1/EGR1/IL6/GAS6/TYROBP/IGHD/INAVA/LPL/CX3CR1",12
"GO:0032652","regulation of interleukin-1 production","12/635","93/11973",0.129032258064516,2.43291846583693,3.2828929686725,0.00361736216775344,0.0333600287258331,0.0201207892670417,"AGER/CEACAM1/CD36/F2RL1/EGR1/IL6/GAS6/TYROBP/IGHD/INAVA/LPL/CX3CR1",12
"GO:0007585","respiratory gaseous exchange by respiratory system","6/635","29/11973",0.206896551724138,3.90105891935922,3.70154165663117,0.00362221190768753,0.0333600287258331,0.0201207892670417,"SFTPC/SFTPD/SFTPA2/TNNC1/SFTPB/EDNRA",6
"GO:0060412","ventricular septum morphogenesis","6/635","29/11973",0.206896551724138,3.90105891935922,3.70154165663117,0.00362221190768753,0.0333600287258331,0.0201207892670417,"TGFBR2/FGFR2/SOX4/SLIT2/HEY1/TGFBR3",6
"GO:0001656","metanephros development","9/635","59/11973",0.152542372881356,2.87620445749366,3.4188446072743,0.00365075590249949,0.0334795333404058,0.020192867357442,"ID3/CD34/AQP1/EGR1/AGTR2/LGR4/TCF21/GREM1/PTCH1",9
"GO:0090303","positive regulation of wound healing","9/635","59/11973",0.152542372881356,2.87620445749366,3.4188446072743,0.00365075590249949,0.0334795333404058,0.020192867357442,"DUOX1/HBEGF/THBD/MYLK/CD36/FERMT2/CLDN3/CLDN4/PLAU",9
"GO:0061448","connective tissue development","18/635","169/11973",0.106508875739645,2.00823743185948,3.12387436566506,0.00372098816983667,0.0340510002520585,0.0205375422795457,"OGN/CD34/ADGRG6/MDK/HYAL1/COL3A1/EGR1/HYAL2/TIMP1/TGFBR2/GHR/GREM1/SULF1/EFEMP1/CHI3L1/BMP2/LPL/ZBTB16",18
"GO:0048714","positive regulation of oligodendrocyte differentiation","4/635","13/11973",0.307692307692308,5.80157480314961,4.0991307931522,0.00381515804295558,0.0347648193702372,0.0209680756034135,"PTN/MDK/QKI/MYRF",4
"GO:1900424","regulation of defense response to bacterium","4/635","13/11973",0.307692307692308,5.80157480314961,4.0991307931522,0.00381515804295558,0.0347648193702372,0.0209680756034135,"DUOX1/MMRN2/F2RL1/PGC",4
"GO:0071675","regulation of mononuclear cell migration","14/635","118/11973",0.11864406779661,2.23704791138396,3.19579369255119,0.00382430528466662,0.0347744968908058,0.0209739125094182,"AGER/MIF/MDK/CXCL12/GAS6/GREM1/JAM2/CXCL13/DUSP1/STK39/NEDD9/C5AR1/SLIT2/CX3CR1",14
"GO:0071456","cellular response to hypoxia","15/635","131/11973",0.114503816793893,2.1589829897217,3.15647367579707,0.00394998160097894,0.0357141464555143,0.02154065335463,"RGCC/PMAIP1/AK4/EPAS1/AQP1/PGK1/ENO1/GATA6/EDN1/NDNF/LCN2/FOS/KCNK3/FGFR2/CCNB1",15
"GO:0002444","myeloid leukocyte mediated immunity","12/635","94/11973",0.127659574468085,2.40703635449824,3.24101689351992,0.00395255375792253,0.0357141464555143,0.02154065335463,"GATA2/NR4A3/F2RL1/PLA2G1B/IL6/FGR/ANXA3/TYROBP/HLA-E/DNASE1L3/PTGDS/CX3CR1",12
"GO:0016064","immunoglobulin mediated immune response","12/635","94/11973",0.127659574468085,2.40703635449824,3.24101689351992,0.00395255375792253,0.0357141464555143,0.02154065335463,"C7/C1QB/IGKC/CLU/C4BPA/IGHA1/HSPD1/IGHV1-69/IGHD/CD55/HLA-E/IGHG3",12
"GO:0001990","regulation of systemic arterial blood pressure by hormone","7/635","39/11973",0.179487179487179,3.38425196850394,3.52933942116429,0.00398009047057186,0.0357377225760534,0.0215548730711956,"EDNRB/AGTR1/F2RL1/AGTR2/EDN1/MME/CPA3",7
"GO:0009880","embryonic pattern specification","7/635","39/11973",0.179487179487179,3.38425196850394,3.52933942116429,0.00398009047057186,0.0357377225760534,0.0215548730711956,"MEIS1/SMAD6/MEIS2/PTCH1/CHRDL1/FGFR2/TBX3",7
"GO:0010883","regulation of lipid storage","7/635","39/11973",0.179487179487179,3.38425196850394,3.52933942116429,0.00398009047057186,0.0357377225760534,0.0215548730711956,"CD36/IL6/ACACB/ABCG1/CES1/LPL/MSR1",7
"GO:0044706","multi-multicellular organism process","16/635","144/11973",0.111111111111111,2.09501312335958,3.12844514708031,0.00400625638580581,0.0358977264903142,0.0216513779353611,"PTN/EMP2/CLIC5/SPP1/IGFBP2/FBLN1/TIMP1/EDN1/SCGB1A1/FOS/MAFF/TPPP3/CLDN4/SLC2A1/HPGD/FOSB",16
"GO:0051591","response to cAMP","10/635","71/11973",0.140845070422535,2.65565043806144,3.31123375126697,0.00405341359580067,0.0361695682065118,0.021815336723603,"DUOX1/PER1/CDO1/AQP1/DUSP1/SRD5A1/FOS/COL1A1/FOSB/FBP1",10
"GO:0060395","SMAD protein signal transduction","10/635","71/11973",0.140845070422535,2.65565043806144,3.31123375126697,0.00405341359580067,0.0361695682065118,0.021815336723603,"ENG/TTK/TGFBR2/WWTR1/GREM1/SMAD6/FOS/BMP2/GDF15/TGFBR3",10
"GO:0048732","gland development","21/635","211/11973",0.0995260663507109,1.87657573608986,3.04012944398286,0.0040861798119904,0.0363548827441841,0.0219271074535165,"CDO1/MDK/CDH1/TCF21/GATA6/IL6/EDN1/PERP/SULF1/PTCH1/SRD5A1/SLC7A5/AURKA/CAV1/BMP2/FGFR2/DKK3/ELF3/TGFBR3/TBX3/EDNRA",21
"GO:0030500","regulation of bone mineralization","9/635","60/11973",0.15,2.82826771653543,3.35974901496355,0.00409812758624008,0.0363548827441841,0.0219271074535165,"PTN/GPM6B/ADGRG6/TFAP2A/KL/S1PR1/GREM1/BMP2/ALOX5",9
"GO:0072330","monocarboxylic acid biosynthetic process","19/635","184/11973",0.103260869565217,1.94699589181787,3.063518540537,0.00412346666760675,0.0363548827441841,0.0219271074535165,"PDK4/CEACAM1/MIF/ACADL/PLA2G1B/FABP5/EDN1/SHMT2/PLA2G4A/FGFR4/ACACB/KAT2B/MTHFD2/NME1/CES1/LPL/ALOX5/PTGDS/ALDH1A1",19
"GO:0001991","regulation of systemic arterial blood pressure by circulatory renin-angiotensin","5/635","21/11973",0.238095238095238,4.48931383577053,3.78731456495289,0.00413334984001535,0.0363548827441841,0.0219271074535165,"EDNRB/F2RL1/AGTR2/MME/CPA3",5
"GO:0048713","regulation of oligodendrocyte differentiation","5/635","21/11973",0.238095238095238,4.48931383577053,3.78731456495289,0.00413334984001535,0.0363548827441841,0.0219271074535165,"PTN/MDK/TNFRSF21/QKI/MYRF",5
"GO:0060037","pharyngeal system development","5/635","21/11973",0.238095238095238,4.48931383577053,3.78731456495289,0.00413334984001535,0.0363548827441841,0.0219271074535165,"EDN1/TBX2/FOLR1/PTCH1/EDNRA",5
"GO:1900745","positive regulation of p38MAPK cascade","5/635","21/11973",0.238095238095238,4.48931383577053,3.78731456495289,0.00413334984001535,0.0363548827441841,0.0219271074535165,"AGER/GADD45B/BMP2/STK39/SASH1",5
"GO:0070374","positive regulation of ERK1 and ERK2 cascade","17/635","158/11973",0.107594936708861,2.02871523970896,3.08041226952731,0.00427535533283201,0.0375271495643071,0.0226341492203654,"AGER/ANGPT1/ARRB1/MIF/CD36/FERMT2/MARCO/F2RL1/RAMP3/GAS6/FGFR4/CHI3L1/BMP2/FGFR2/C5AR1/TEK/CCN2",17
"GO:0043270","positive regulation of monoatomic ion transport","16/635","145/11973",0.110344827586207,2.08056475699158,3.09799799503628,0.00428890544332217,0.0375694140768405,0.0226596406657459,"FHL1/MYLK/CAPN3/FXYD1/WFS1/PLA2G1B/TRPV2/EDN1/CXCL12/LCN2/CAV1/SLC6A4/STK39/FXYD6/KCNN4/EDNRA",16
"GO:0002443","leukocyte mediated immunity","28/635","311/11973",0.090032154340836,1.69756690381548,2.94972503121914,0.00431499186557756,0.0376101584372915,0.0226842152456179,"AGER/C7/PIK3R1/EMP2/CEACAM1/C1QB/GATA2/NR4A3/IGKC/CLU/F2RL1/PLA2G1B/IL6/FGR/C4BPA/ANXA3/IGHA1/HSPD1/TYROBP/IGHV1-69/IGHD/CD55/HLA-E/IGHG3/DNASE1L3/PTGDS/CADM1/CX3CR1",28
"GO:0045601","regulation of endothelial cell differentiation","6/635","30/11973",0.2,3.77102362204724,3.59621898674131,0.00432853485851182,0.0376101584372915,0.0226842152456179,"APOLD1/CEACAM1/CLDN5/CDH5/TMEM100/DSG2",6
"GO:0060038","cardiac muscle cell proliferation","6/635","30/11973",0.2,3.77102362204724,3.59621898674131,0.00432853485851182,0.0376101584372915,0.0226842152456179,"CDK1/TBX2/FGFR2/RBP4/TGFBR3/CCNB1",6
"GO:1905332","positive regulation of morphogenesis of an epithelium","6/635","30/11973",0.2,3.77102362204724,3.59621898674131,0.00432853485851182,0.0376101584372915,0.0226842152456179,"MMRN2/MDK/AGTR2/LGR4/GREM1/LCN2",6
"GO:0010596","negative regulation of endothelial cell migration","8/635","50/11973",0.16,3.0168188976378,3.38190281043688,0.00445931595429291,0.038513088191594,0.0232288088806706,"MMRN2/KLF4/RGCC/DCN/AGTR2/STARD13/CXCL13/SLIT2",8
"GO:0045428","regulation of nitric oxide biosynthetic process","8/635","50/11973",0.16,3.0168188976378,3.38190281043688,0.00445931595429291,0.038513088191594,0.0232288088806706,"KLF4/HBB/CD36/CLU/EDN1/KLF2/CAV1/CX3CR1",8
"GO:1904645","response to amyloid-beta","8/635","50/11973",0.16,3.0168188976378,3.38190281043688,0.00445931595429291,0.038513088191594,0.0232288088806706,"AGER/MMP9/CD36/MMP12/RAMP3/ADRB2/LCN2/TYROBP",8
"GO:0007292","female gamete generation","10/635","72/11973",0.138888888888889,2.61876640419948,3.26032349382469,0.00448971717361834,0.038697943013492,0.0233403023373151,"PTN/MDK/NDC80/TRIP13/EDN1/DIAPH2/HPGD/TOP2A/CCNB1/EDNRA",10
"GO:0032732","positive regulation of interleukin-1 production","9/635","61/11973",0.147540983606557,2.78190267200207,3.3018591600622,0.0045872006926442,0.0393018927869775,0.0237045689936796,"AGER/CD36/F2RL1/EGR1/IL6/TYROBP/IGHD/INAVA/LPL",9
"GO:0055006","cardiac cell development","9/635","61/11973",0.147540983606557,2.78190267200207,3.3018591600622,0.0045872006926442,0.0393018927869775,0.0237045689936796,"CDK1/MYH11/MEIS1/EDN1/FHL2/NEBL/TGFBR3/CCNB1/TBX3",9
"GO:1901992","positive regulation of mitotic cell cycle phase transition","9/635","61/11973",0.147540983606557,2.78190267200207,3.3018591600622,0.0045872006926442,0.0393018927869775,0.0237045689936796,"DLGAP5/ADAMTS1/CDK1/BIRC5/RGCC/RRM2/UBE2C/CDC20/CCNB1",9
"GO:0031667","response to nutrient levels","34/635","401/11973",0.084788029925187,1.59868831857364,2.88583003168167,0.00460001734277417,0.0393275969180112,0.023720072199869,"PDK4/SPP1/GCLC/PMAIP1/IGFBP2/SESN1/CYP24A1/GHR/ATF3/GAS6/CAT/SHMT2/KL/LCN2/BCHE/FOLR1/ZEB2/ACACB/KAT2B/SRD5A1/SLC7A5/KANK2/LDLR/CAV1/FOS/POSTN/SLC6A4/ZFP36/STK39/GDF15/COL1A1/FAM107A/LPL/FBP1",34
"GO:1903115","regulation of actin filament-based movement","7/635","40/11973",0.175,3.29964566929134,3.44760967332009,0.00460848845540052,0.0393275969180112,0.023720072199869,"ADRB2/ZEB2/CAV1/TNNC1/ATP2A2/DSP/DSG2",7
"GO:0019217","regulation of fatty acid metabolic process","11/635","84/11973",0.130952380952381,2.46912260967379,3.19762118415979,0.00467139645665446,0.0397854973466749,0.0239962505600901,"PDK4/CEACAM1/ACADL/FABP5/PGK1/EDN1/ACACB/KAT2B/CAV1/NME1/GDF15",11
"GO:0045785","positive regulation of cell adhesion","33/635","387/11973",0.0852713178294574,1.60780076908991,2.87641772384872,0.00477199439889663,0.0405619523906213,0.024464562156671,"AGER/AGR2/EMP2/SFN/IGFBP2/PODXL/NR4A3/CD36/MDK/FERMT2/HYAL1/FBLN1/TGFBR2/IL6/NDNF/CXCL12/CXCL13/HSPD1/CAV1/RRAS/PLPP3/CD55/EFNB2/HLA-E/CD24/ECM2/ZBTB16/ALOX5/NEDD9/IL7R/TEK/SOX4/DSG2",33
"GO:0048562","embryonic organ morphogenesis","14/635","121/11973",0.115702479338843,2.18158391358105,3.09145852152815,0.00479893557528671,0.0407104968625407,0.024554155365383,"SOBP/FOXF1/ENG/TFAP2A/TCF21/TGFBR2/TBX2/FOXF2/FOLR1/EFEMP1/FGFR2/RBP4/TBX3/EDNRA",14
"GO:0007162","negative regulation of cell adhesion","23/635","242/11973",0.0950413223140496,1.79201535758443,2.94561348160919,0.00483861642571056,0.0409022325963863,0.0246697989797029,"ANGPT1/CEACAM1/KLF4/RGCC/PODXL/MDK/CDH1/TNFRSF21/FBLN1/MMP12/CDKN2A/SFTPD/CXCL12/SEMA6A/VSIG4/DUSP1/BMP2/DLC1/HLA-E/FAM107A/EPCAM/ARHGAP6/SEMA5A",23
"GO:0097305","response to alcohol","22/635","228/11973",0.0964912280701754,1.8193535018649,2.95606662098315,0.00484055717078834,0.0409022325963863,0.0246697989797029,"CDK1/CLDN18/CDO1/CLDN5/KLF9/CDH1/TGFBR2/GHR/CLDN3/CAT/PTCH1/FOS/STK39/CES1/PTGER4/FGFR2/RBP4/HPGD/FOSB/SLIT2/FBP1/TGFBR3",22
"GO:0045216","cell-cell junction organization","17/635","160/11973",0.10625,2.0033562992126,3.02368859159459,0.00485752030108263,0.0409650878724635,0.0247077095515032,"ECT2/CLDN18/CLDN5/CDH5/FERMT2/LIMS2/CDH1/CDH3/F2RL1/CLDN3/PECAM1/CAV1/EFNB2/INAVA/RAMP2/DSP/DSG2",17
"GO:0071453","cellular response to oxygen levels","16/635","147/11973",0.108843537414966,2.0522577534951,3.03783271606867,0.00490321519518181,0.0412695275038688,0.0248913294673727,"RGCC/PMAIP1/AK4/EPAS1/AQP1/PGK1/ENO1/GATA6/EDN1/NDNF/LCN2/CAV1/FOS/KCNK3/FGFR2/CCNB1",16
"GO:0032602","chemokine production","10/635","73/11973",0.136986301369863,2.58289289181318,3.21026932215152,0.00496216334438164,0.0414859151598653,0.0250218416579369,"AGER/MIF/KLF4/IL1RL1/ACKR1/F2RL1/EGR1/IL6/IL33/LPL",10
"GO:0032642","regulation of chemokine production","10/635","73/11973",0.136986301369863,2.58289289181318,3.21026932215152,0.00496216334438164,0.0414859151598653,0.0250218416579369,"AGER/MIF/KLF4/IL1RL1/ACKR1/F2RL1/EGR1/IL6/IL33/LPL",10
"GO:1902903","regulation of supramolecular fiber organization","27/635","300/11973",0.09,1.69696062992126,2.89320775996031,0.00503782964468456,0.0414859151598653,0.0250218416579369,"PIK3R1/KANK3/RGCC/CRYAB/CDH5/FERMT2/WASF3/CLU/F2RL1/EDN1/SPTBN1/CYRIA/GMFG/CXCL12/S1PR1/LIMCH1/KANK2/LDLR/DLC1/SYNPO/PTGER4/TPX2/ARHGAP6/SEMA5A/SLIT2/CCN2/LMOD1",27
"GO:0032496","response to lipopolysaccharide","24/635","257/11973",0.0933852140077821,1.76078923986642,2.91771744573633,0.00504930758663809,0.0414859151598653,0.0250218416579369,"SLPI/EDNRB/MIF/IRAK3/MMP9/CD36/PLSCR4/NR4A1/IL6/EDN1/SCGB1A1/SMAD6/CXCL13/LCN2/SLC7A5/NQO1/FOS/ZFP36/CD55/EFNB2/FGFR2/SASH1/HPGD/CX3CR1",24
"GO:0006690","icosanoid metabolic process","12/635","97/11973",0.123711340206186,2.33259193116324,3.11853011545786,0.00511025288742004,0.0414859151598653,0.0250218416579369,"MIF/CYP2B6/PLA2G1B/FABP5/ALOX5AP/EDN1/GGTLC1/PLA2G4A/DPEP2/HPGD/ALOX5/PTGDS",12
"GO:0003171","atrioventricular valve development","5/635","22/11973",0.227272727272727,4.28525411596278,3.64989335966852,0.00511941017513671,0.0414859151598653,0.0250218416579369,"TGFBR2/SMAD6/BMP2/SOX4/HEY1",5
"GO:0003272","endocardial cushion formation","5/635","22/11973",0.227272727272727,4.28525411596278,3.64989335966852,0.00511941017513671,0.0414859151598653,0.0250218416579369,"ENG/TGFBR2/TBX2/BMP2/TBX3",5
"GO:0022612","gland morphogenesis","5/635","22/11973",0.227272727272727,4.28525411596278,3.64989335966852,0.00511941017513671,0.0414859151598653,0.0250218416579369,"PERP/SULF1/CAV1/FGFR2/ELF3",5
"GO:0036296","response to increased oxygen levels","5/635","22/11973",0.227272727272727,4.28525411596278,3.64989335966852,0.00511941017513671,0.0414859151598653,0.0250218416579369,"CAT/LCN2/SLC7A5/CAV1/COL1A1",5
"GO:0060055","angiogenesis involved in wound healing","5/635","22/11973",0.227272727272727,4.28525411596278,3.64989335966852,0.00511941017513671,0.0414859151598653,0.0250218416579369,"MCAM/CD34/GATA2/NDNF/ALOX5",5
"GO:0090594","inflammatory response to wounding","5/635","22/11973",0.227272727272727,4.28525411596278,3.64989335966852,0.00511941017513671,0.0414859151598653,0.0250218416579369,"MDK/IL6/IL33/ALOX5/DSG2",5
"GO:0015670","carbon dioxide transport","4/635","14/11973",0.285714285714286,5.38717660292463,3.88690290699964,0.00511967721951469,0.0414859151598653,0.0250218416579369,"HBB/HBA2/AQP1/HBA1",4
"GO:0042447","hormone catabolic process","4/635","14/11973",0.285714285714286,5.38717660292463,3.88690290699964,0.00511967721951469,0.0414859151598653,0.0250218416579369,"SPP1/HSD17B6/SRD5A1/MME",4
"GO:0045662","negative regulation of myoblast differentiation","4/635","14/11973",0.285714285714286,5.38717660292463,3.88690290699964,0.00511967721951469,0.0414859151598653,0.0250218416579369,"ID3/SOSTDC1/SOX4/TBX3",4
"GO:1903054","negative regulation of extracellular matrix organization","4/635","14/11973",0.285714285714286,5.38717660292463,3.88690290699964,0.00511967721951469,0.0414859151598653,0.0250218416579369,"RECK/FAP/TIMP3/TGFBR3",4
"GO:0061045","negative regulation of wound healing","9/635","62/11973",0.145161290322581,2.73703327406655,3.24512821587879,0.00512051484518974,0.0414859151598653,0.0250218416579369,"SERPING1/PROS1/CPB2/CEACAM1/THBD/FAP/EDN1/ALOX5/PLAU",9
"GO:0003203","endocardial cushion morphogenesis","6/635","31/11973",0.193548387096774,3.6493776987554,3.49532996544198,0.00513148264707007,0.0414859151598653,0.0250218416579369,"ENG/TGFBR2/TBX2/BMP2/HEY1/TBX3",6
"GO:0032373","positive regulation of sterol transport","6/635","31/11973",0.193548387096774,3.6493776987554,3.49532996544198,0.00513148264707007,0.0414859151598653,0.0250218416579369,"PTCH1/CAV1/ABCG1/CES1/ABCA3/ABCA8",6
"GO:0032376","positive regulation of cholesterol transport","6/635","31/11973",0.193548387096774,3.6493776987554,3.49532996544198,0.00513148264707007,0.0414859151598653,0.0250218416579369,"PTCH1/CAV1/ABCG1/CES1/ABCA3/ABCA8",6
"GO:0045429","positive regulation of nitric oxide biosynthetic process","6/635","31/11973",0.193548387096774,3.6493776987554,3.49532996544198,0.00513148264707007,0.0414859151598653,0.0250218416579369,"KLF4/HBB/CD36/CLU/EDN1/KLF2",6
"GO:2000242","negative regulation of reproductive process","6/635","31/11973",0.193548387096774,3.6493776987554,3.49532996544198,0.00513148264707007,0.0414859151598653,0.0250218416579369,"ZWINT/TTK/TIMP1/TRIP13/SULF1/DUSP1",6
"GO:0036294","cellular response to decreased oxygen levels","15/635","135/11973",0.111111111111111,2.09501312335958,3.02795231091712,0.00523970136799472,0.0422813425586215,0.0255015962528486,"RGCC/PMAIP1/AK4/EPAS1/AQP1/PGK1/ENO1/GATA6/EDN1/NDNF/LCN2/FOS/KCNK3/FGFR2/CCNB1",15
"GO:0015850","organic hydroxy compound transport","20/635","202/11973",0.099009900990099,1.86684337725111,2.94043531991609,0.0053016129735396,0.0425204178190042,0.0256457922597723,"CEACAM1/SLC16A3/ABCC3/SPP1/GPM6B/AGTR1/CD36/CLU/AQP1/CXCL12/PTCH1/LDLR/CAV1/ABCG1/SLC6A4/CES1/ABCA3/RBP4/ABCA8/MSR1",20
"GO:0014015","positive regulation of gliogenesis","7/635","41/11973",0.170731707317073,3.2191665066257,3.3684273541191,0.00530887337103122,0.0425204178190042,0.0256457922597723,"PTN/MDK/QKI/MYRF/IL6/SLC7A5/BMP2",7
"GO:0048477","oogenesis","7/635","41/11973",0.170731707317073,3.2191665066257,3.3684273541191,0.00530887337103122,0.0425204178190042,0.0256457922597723,"PTN/MDK/TRIP13/EDN1/DIAPH2/CCNB1/EDNRA",7
"GO:0048708","astrocyte differentiation","7/635","41/11973",0.170731707317073,3.2191665066257,3.3684273541191,0.00530887337103122,0.0425204178190042,0.0256457922597723,"AGER/QKI/IL6/ZEB2/LDLR/BMP2/C5AR1",7
"GO:0032755","positive regulation of interleukin-6 production","10/635","74/11973",0.135135135135135,2.54798893381571,3.16104348088346,0.00547274453135773,0.0437514390880476,0.026388271222882,"AGER/POU2AF1/F2RL1/HYAL2/IL6/HSPD1/TYROBP/INAVA/IL33/LPL",10
"GO:0019724","B cell mediated immunity","12/635","98/11973",0.122448979591837,2.30878997268199,3.07870571650027,0.00555112989409171,0.0442957507875482,0.0267165677327935,"C7/C1QB/IGKC/CLU/C4BPA/IGHA1/HSPD1/IGHV1-69/IGHD/CD55/HLA-E/IGHG3",12
"GO:0001890","placenta development","8/635","52/11973",0.153846153846154,2.9007874015748,3.25072972896411,0.0056972306891351,0.0452935105248984,0.0273183571850555,"PTN/SPP1/ADGRG6/PHLDA2/TPPP3/MME/FGFR2/HEY1",8
"GO:0070542","response to fatty acid","8/635","52/11973",0.153846153846154,2.9007874015748,3.25072972896411,0.0056972306891351,0.0452935105248984,0.0273183571850555,"PDK4/PID1/CD36/EDN1/CAT/LDLR/LPL/CCNB1",8
"GO:0010876","lipid localization","30/635","347/11973",0.0864553314121038,1.63012548503483,2.81889314322269,0.00572892388579093,0.0454614421269129,0.0274196435599318,"APOLD1/CEACAM1/MIF/ABCC3/SPP1/AGTR1/CD36/SLCO2A1/CRABP2/CLU/PLSCR4/FABP4/PLA2G1B/FABP5/IL6/EDN1/PLA2G4A/ACACB/PTCH1/LDLR/SLC27A3/CAV1/ABCG1/CES1/SLC2A1/LPL/ABCA3/RBP4/ABCA8/MSR1",30
"GO:0010948","negative regulation of cell cycle process","22/635","232/11973",0.0948275862068965,1.78798533803964,2.86821415990683,0.00593431197178166,0.0470045594670956,0.0283503603489162,"RFC4/FHL1/CDK1/KLF4/BIRC5/ZWINT/RGCC/BUB1/NDC80/TTK/TRIP13/GMNN/NEK2/MAD2L1/DUSP1/KAT2B/KANK2/CENPF/CDC20/FAM107A/BUB1B/CCNB1",22
"GO:0002683","negative regulation of immune system process","34/635","408/11973",0.0833333333333333,1.57125984251969,2.77838834959227,0.0059870020101919,0.0473347346430797,0.028549502417761,"SERPING1/SFN/CEACAM1/MIF/IRAK3/IL1RL1/MNDA/MDK/COL3A1/CLU/TNFRSF21/F2RL1/MMP12/CDKN2A/LGR4/QKI/SFTPD/FGR/CXCL12/TSPAN6/C4BPA/VSIG4/GREM1/DUSP1/LDLR/TYROBP/CD55/PTGER4/GDF15/IL33/A2M/HLA-E/SLIT2/CX3CR1",34
"GO:0002702","positive regulation of production of molecular mediator of immune response","12/635","99/11973",0.121212121212121,2.28546886184681,3.03936337987257,0.00602169571308637,0.047421194782025,0.0286016500417937,"MIF/NR4A3/F2RL1/GPI/PGC/IL6/SLC7A5/CD55/INAVA/IL33/HLA-E/RBP4",12
"GO:0010811","positive regulation of cell-substrate adhesion","12/635","99/11973",0.121212121212121,2.28546886184681,3.03936337987257,0.00602169571308637,0.047421194782025,0.0286016500417937,"AGR2/EMP2/CD36/MDK/FERMT2/FBLN1/NDNF/RRAS/PLPP3/ECM2/NEDD9/TEK",12
"GO:0010874","regulation of cholesterol efflux","6/635","32/11973",0.1875,3.53533464566929,3.39853636678066,0.00603841808595655,0.047421194782025,0.0286016500417937,"PTCH1/CAV1/ABCG1/CES1/ABCA3/ABCA8",6
"GO:0006584","catecholamine metabolic process","7/635","42/11973",0.166666666666667,3.14251968503937,3.29164532325923,0.00608614264582139,0.047421194782025,0.0286016500417937,"NPR1/ALDH2/MAOA/KL/SLC1A1/HPRT1/EDNRA",7
"GO:0009712","catechol-containing compound metabolic process","7/635","42/11973",0.166666666666667,3.14251968503937,3.29164532325923,0.00608614264582139,0.047421194782025,0.0286016500417937,"NPR1/ALDH2/MAOA/KL/SLC1A1/HPRT1/EDNRA",7
"GO:0042311","vasodilation","7/635","42/11973",0.166666666666667,3.14251968503937,3.29164532325923,0.00608614264582139,0.047421194782025,0.0286016500417937,"EDNRB/F2RL1/AGTR2/ADRB2/PECAM1/KLF2/KAT2B",7
"GO:0048009","insulin-like growth factor receptor signaling pathway","7/635","42/11973",0.166666666666667,3.14251968503937,3.29164532325923,0.00608614264582139,0.047421194782025,0.0286016500417937,"PIK3R1/IGFBP2/CDH3/GHR/IGFBP3/BMP2/CRIM1",7
"GO:0048662","negative regulation of smooth muscle cell proliferation","7/635","42/11973",0.166666666666667,3.14251968503937,3.29164532325923,0.00608614264582139,0.047421194782025,0.0286016500417937,"OGN/KLF4/NPR1/RGS5/IGFBP3/BMP2/CNN1",7
"GO:0022411","cellular component disassembly","32/635","379/11973",0.0844327176781003,1.59198886418881,2.77152298535663,0.00624203865235731,0.0484010486845824,0.0291926397572966,"PIK3R1/CDK1/HMGA1/C1QB/ENG/IRAK3/MMP9/RECK/FAP/MMP11/TIMP3/F2RL1/MMP12/IL6/SPTBN1/MMP1/ADRB2/FGFR4/KIF2A/AURKA/NME1/ATP2A2/TPSAB1/TPX2/SEMA5A/DNASE1L3/PLAU/MMP7/NEDD9/TOP2A/CX3CR1/LMOD1",32
"GO:0010463","mesenchymal cell proliferation","5/635","23/11973",0.217391304347826,4.09893871961657,3.52042376497494,0.00626106340353225,0.0484010486845824,0.0291926397572966,"GPC3/TGFBR2/TBX2/BMP2/FGFR2",5
"GO:0033622","integrin activation","5/635","23/11973",0.217391304347826,4.09893871961657,3.52042376497494,0.00626106340353225,0.0484010486845824,0.0291926397572966,"FERMT2/CXCL12/RASIP1/CXCL13/PTGER4",5
"GO:0034698","response to gonadotropin","5/635","23/11973",0.217391304347826,4.09893871961657,3.52042376497494,0.00626106340353225,0.0484010486845824,0.0291926397572966,"GCLC/EDN1/SRD5A1/TGFBR3/EDNRA",5
"GO:0071772","response to BMP","13/635","112/11973",0.116071428571429,2.18854049493813,2.99064133785882,0.00627941994094327,0.0484010486845824,0.0291926397572966,"ENG/CDH5/ZNF423/TMEM100/GREM1/SMAD6/SULF1/CAV1/BMP2/SOSTDC1/CHRDL1/CRIM1/TGFBR3",13
"GO:0071773","cellular response to BMP stimulus","13/635","112/11973",0.116071428571429,2.18854049493813,2.99064133785882,0.00627941994094327,0.0484010486845824,0.0291926397572966,"ENG/CDH5/ZNF423/TMEM100/GREM1/SMAD6/SULF1/CAV1/BMP2/SOSTDC1/CHRDL1/CRIM1/TGFBR3",13
"GO:0006809","nitric oxide biosynthetic process","9/635","64/11973",0.140625,2.65150098425197,3.13496839316629,0.00633025524708005,0.0487055953804853,0.0293763242481163,"KLF4/HBB/CD36/CLU/EDN1/KLF2/NQO1/CAV1/CX3CR1",9
"GO:0031400","negative regulation of protein modification process","16/635","151/11973",0.105960264900662,1.9978933096939,2.9203109539996,0.00634706035407787,0.0487476903265874,0.02940171342109,"CDK1/GPRC5A/SFN/ARRB1/CEACAM1/CAPN3/FXYD1/FRY/FBLN1/CDKN2A/MAD2L1/IGFBP3/CAV1/ADARB1/IL7R/SLIT2",16
"GO:0032722","positive regulation of chemokine production","8/635","53/11973",0.150943396226415,2.84605556380924,3.18747337706465,0.00640654452418767,0.0490294448372441,0.0295716510185829,"AGER/MIF/IL1RL1/F2RL1/EGR1/IL6/IL33/LPL",8
"GO:0080164","regulation of nitric oxide metabolic process","8/635","53/11973",0.150943396226415,2.84605556380924,3.18747337706465,0.00640654452418767,0.0490294448372441,0.0295716510185829,"KLF4/HBB/CD36/CLU/EDN1/KLF2/CAV1/CX3CR1",8
