"","GSM254625","GSM254626","GSM254627","GSM254628","GSM254629","GSM254630","GSM254631","GSM254632","GSM254633","GSM254634","GSM254635","GSM254636","GSM254637","GSM254638","GSM254639","GSM254640","GSM254641","GSM254642","GSM254643","GSM254644","GSM254645","GSM254646","GSM254647","GSM254648","GSM254649","GSM254650","GSM254651","GSM254652","GSM254653","GSM254654","GSM254655","GSM254656","GSM254657","GSM254658","GSM254659","GSM254660","GSM254661","GSM254662","GSM254663","GSM254664","GSM254665","GSM254666","GSM254667","GSM254668","GSM254669","GSM254670","GSM254671","GSM254672","GSM254673","GSM254674","GSM254675","GSM254676","GSM254677","GSM254678","GSM254679","GSM254680","GSM254681","GSM254682","GSM254683","GSM254684","GSM254685","GSM254686","GSM254687","GSM254688","GSM254689","GSM254690","GSM254691","GSM254692","GSM254693","GSM254694","GSM254695","GSM254696","GSM254697","GSM254698","GSM254699","GSM254700","GSM254701","GSM254702","GSM254703","GSM254704","GSM254705","GSM254706","GSM254707","GSM254708","GSM254709","GSM254710","GSM254711","GSM254712","GSM254713","GSM254714","GSM254715","GSM254716","GSM254717","GSM254718","GSM254719","GSM254720","GSM254721","GSM254722","GSM254723","GSM254724","GSM254725","GSM254726","GSM254727","GSM254728","GSM254729","GSM254730","GSM254731"
"GSM254625",1,0.585216726501119,0.605687566606615,0.572985989635452,0.673852998495641,0.698722817483152,0.778825095394265,0.746075437221158,0.71475332913051,0.671457392516434,0.630732810817993,0.709835695118503,0.761661722631924,0.598206688516808,0.71754239290735,0.615002065230033,0.730660473115581,0.412441593187633,0.525533767183256,0.590953359944779,0.695531940960486,0.550690932175805,0.671570896453414,0.68990937898341,0.563523508114084,0.728306011621709,0.631878871907057,0.70610490405299,0.549942282038379,0.722839620524826,0.580075227544269,0.736221336830285,0.75283940208364,0.548307073626609,0.822356008467104,0.568562541780699,0.728864854374983,0.61894122051386,0.637526854527066,0.763173882491105,0.558832062987342,0.760653247276354,0.694498400866086,0.79583509268751,0.588278273076682,0.755822419414522,0.630226904720206,0.554709091254248,0.583093138332226,0.801051047800488,0.688490604607709,0.630342562417239,0.701932334563558,0.533767579568225,0.637008355303834,0.792168803874698,0.547250487249874,0.630682735787908,0.622322030543605,0.715934598611458,0.558668505159439,0.776069084250668,0.782609784534918,0.730456985248109,0.555454326003835,0.710930675084437,0.608216739205861,0.644394038450037,0.58032610905549,0.704318176060642,0.730382455611561,0.720961125645025,0.5276763281668,0.666238235037306,0.586641189412216,0.541575728124424,0.722112359750704,0.568265012347441,0.618145246556961,0.574884276791138,0.633968613387245,0.685324488925139,0.704231967324139,0.686853590745651,0.728647251987646,0.756664229634758,0.612852562871055,0.605626248069776,0.58141484018533,0.638012589051076,0.56219550079252,0.729576637939372,0.659141410679762,0.665177250561333,0.547399213010881,0.679915388527467,0.47212068710572,0.613727770506026,0.673571534047805,0.502429156235836,0.682604264344091,0.78548558384651,0.61854582613951,0.739654129680681,0.810158882724491,0.605576296818892,0.594076013839221
"GSM254626",0.585216726501119,1,0.296357548544524,0.944362020860131,0.542653218536641,0.469503837800731,0.469462033280727,0.740445406240687,0.309577892425568,0.92095780267735,0.885194287963796,0.327004895705863,0.577625877442416,0.8445620192802,0.47631581356118,0.913960163587872,0.435154182505652,0.145342425421322,0.940969818610495,0.912493852506563,0.521113444656388,0.926425906177168,0.324637642930338,0.709509278674513,0.934127132340496,0.457558642367862,0.873236907008593,0.4064354474225,0.921796973596357,0.673428066607593,0.960275472934992,0.679496611075858,0.422510027489916,0.90693550777982,0.523679363672849,0.940631872054427,0.518978057251292,0.952656713042611,0.282542494236688,0.433577816058758,0.923912698125825,0.439581267409927,0.847913693247937,0.321976751904453,0.960557531178141,0.458198357490628,0.949016734920449,0.304557049434698,0.963757438267141,0.410034977234562,0.383308676361109,0.928365479155891,0.863160277830993,0.198421593564069,0.91912584111677,0.39852102002264,0.893285647059777,0.191881500054055,0.905677287291202,0.414517962565516,0.940238919909457,0.44239165223541,0.46048975044866,0.259548112871855,0.912582817910459,0.275283121250214,0.898492145817467,0.283478916845655,0.947891471568832,0.703809031608879,0.82663239950912,0.315884120257454,0.197691404810424,0.392351681065825,0.947796900780714,0.216169882818153,0.469775069832993,0.936270516637198,0.890409994658205,0.402756683655602,0.432125224219421,0.883918425857123,0.349843255841792,0.899550764516937,0.507297813366846,0.770003103087,0.911441679424935,0.889590778594522,0.938626226799746,0.413253474983111,0.952848226116883,0.356408826590415,0.931375458212275,0.438617410946037,0.947146758876193,0.438956467108544,0.254652670110718,0.369796931667428,0.559578190893965,0.320091137492955,0.884051228326133,0.665811336289912,0.939296824726881,0.380619070202623,0.686267522052111,0.952676906100492,0.951156868041988
"GSM254627",0.605687566606615,0.296357548544524,1,0.24801231555627,0.58029249799194,0.727891621582195,0.687065092901083,0.503083570981239,0.700428811893862,0.414575107761437,0.412272458750213,0.709565737850338,0.630910084639972,0.434817917484528,0.699513549996711,0.309968687107224,0.668094678680738,0.725799551342741,0.269268789139901,0.298220642005162,0.683617815450351,0.257798712257961,0.737540245251517,0.537363788612766,0.258122599805972,0.672029422886646,0.305281814841092,0.625304627059279,0.228755280106322,0.522028372664438,0.310983030256276,0.556739396289121,0.670318296034534,0.212650334691662,0.672954691326991,0.285717114254308,0.611385659974904,0.347361267166578,0.758966117506182,0.680492332797109,0.341950094052055,0.662203789623075,0.426952648337033,0.656445922168982,0.332759346704186,0.66016635384005,0.348486811002056,0.704917352937894,0.308211801226826,0.698723147149067,0.693784773512371,0.344926093640014,0.415735839515713,0.576196642805529,0.355963216526287,0.68076172417331,0.21667991201684,0.618275637745758,0.330937251257588,0.650715370478272,0.293370579950517,0.590799438460527,0.708668469598344,0.688805320826403,0.272311857893059,0.678845067082153,0.363212302884699,0.709909605207704,0.283757423322768,0.551003186709795,0.464017773913851,0.713699794595946,0.855216618786362,0.725025099270379,0.300151807740879,0.618901731628564,0.60058864716654,0.304597741323391,0.373485846854599,0.591564072848091,0.644461423125414,0.378770182628338,0.635130398817853,0.418894924615151,0.621364028891011,0.486743116239137,0.316629640994003,0.339292642033172,0.291837833145915,0.57642055848179,0.326105923344565,0.55282493613064,0.368745729111727,0.630300545160465,0.279597609659383,0.658834021446761,0.492944487784992,0.681755988558887,0.51083302387609,0.56746796067541,0.43092382843661,0.578300992814923,0.293280701172414,0.67085458228645,0.640280254124202,0.294424871876557,0.29548184582555
"GSM254628",0.572985989635452,0.944362020860131,0.24801231555627,1,0.489822131929097,0.438930449202692,0.444901476788075,0.720196730792193,0.260868603666154,0.896690242609441,0.819655624843982,0.282115688365025,0.560957760739594,0.774418066249512,0.400947810677011,0.940039308860044,0.426178801030861,0.0813283688945205,0.912663868736666,0.949504780486185,0.488729637313837,0.915848320697844,0.30597817736906,0.701296181341859,0.919587243787954,0.440383753514753,0.910845885663289,0.360458096268373,0.925577752346473,0.66638904993717,0.943173233452296,0.626908811086581,0.356607858212636,0.937460674034579,0.486263947513968,0.936187956611455,0.433821296968009,0.903096010544259,0.255104630795732,0.436149104716576,0.881619464435877,0.404016755926546,0.843714262888352,0.289038546060583,0.909970356501548,0.418090287779879,0.927412696968439,0.247574844731754,0.930175330701255,0.391612386015025,0.368699714704668,0.934703084614529,0.888450064792223,0.177547102053556,0.919708356779482,0.377109177457682,0.921160329581175,0.166288310356976,0.913694745148169,0.38632936377501,0.929012832351311,0.441145678334822,0.420665091047493,0.237701395325498,0.914405351131398,0.236283095396599,0.876384397401399,0.246675462932075,0.936798582552886,0.689859455661674,0.830146045832776,0.24190483922057,0.121397135763941,0.348979559888466,0.918572519184626,0.20472698481819,0.436423839495556,0.926131798474735,0.881319787179195,0.408389782661282,0.38259123901431,0.898191703177066,0.312455551206186,0.87055503830835,0.489523160835719,0.737335615748013,0.910998884518947,0.898403334084705,0.931722312369287,0.397168406064898,0.90514659778811,0.3348454613762,0.931447528519745,0.408799923126573,0.922771642468417,0.422773639156124,0.27695646973926,0.308340903464131,0.538803879091682,0.331747735289293,0.840198480851426,0.624473438094199,0.93864584616962,0.302612621902598,0.663316111491514,0.94989459301309,0.954321360765132
"GSM254629",0.673852998495641,0.542653218536641,0.58029249799194,0.489822131929097,1,0.649444752023587,0.638202775010328,0.632519355660802,0.669605500834306,0.652965692355986,0.658282038063267,0.673289192416964,0.648398428564923,0.646677389179408,0.720695243548418,0.572888063436058,0.676686586359713,0.402588402513418,0.524396332797297,0.533311268113162,0.672524874656551,0.550048841814946,0.554099241249435,0.726453758839367,0.56699411792292,0.567120729850339,0.581409794962125,0.668360714739533,0.545185769731697,0.71374907677695,0.550031939810809,0.694111787797069,0.639278173614961,0.514850480963477,0.812706660790931,0.572423834339866,0.789078562917744,0.577862416360225,0.55095962417689,0.616944679767989,0.631768028624308,0.669214025330613,0.638781135221805,0.614274083155576,0.554020348637305,0.694585397398577,0.590844128110471,0.52226733335027,0.546246626567584,0.691283748679369,0.579093896755696,0.573313905994654,0.612855324898627,0.449903587780382,0.604066238852163,0.675802338399032,0.540848033314428,0.443943362617771,0.570190725863759,0.599894051841612,0.551643051687426,0.68912378048764,0.670586242846202,0.545661064747749,0.551605139910794,0.607795989307756,0.639111598376946,0.510351507187795,0.554991669597961,0.733547746941647,0.677937592824247,0.57650703244008,0.509070369523458,0.595471949312874,0.544153303042269,0.45394463422753,0.755891965796726,0.566013967461765,0.579046211051328,0.541070288102172,0.600361813319982,0.596814317735243,0.605830947030064,0.628740402729424,0.630427516205086,0.661153374131152,0.573607797260147,0.575186771703432,0.558633181597341,0.571355097429964,0.548533513450687,0.588578531485343,0.572920531596461,0.632417793753601,0.563606741363778,0.657315532491987,0.41578488269865,0.510424635774471,0.555244017371108,0.454935295445679,0.642983818599417,0.694021332006599,0.544299456166191,0.702539223174747,0.730769117917401,0.538733561234869,0.525336051811269
"GSM254630",0.698722817483152,0.469503837800731,0.727891621582195,0.438930449202692,0.649444752023587,1,0.655977371407642,0.644724864260606,0.689367433529823,0.590171646424325,0.603482076604255,0.688508149827165,0.650747696840102,0.587619844718591,0.81125806323082,0.527656880018544,0.731463703607283,0.683327519893106,0.405936814727168,0.490918826175574,0.788682652432314,0.452563790826343,0.66908032747464,0.68825999154658,0.481770011795829,0.651680862967512,0.533733865605294,0.671101552570968,0.456590883555637,0.667820963591931,0.483248133927166,0.723818682660446,0.748025960789023,0.413474767076053,0.767045866643843,0.45881910024828,0.734431336605546,0.525697501717986,0.66496160427223,0.658021664948891,0.488734666965187,0.759196026108745,0.624730116236994,0.637961435157792,0.490182484325066,0.750018298531469,0.554038298190024,0.654445609142179,0.465385310298298,0.728368508815107,0.721211729183937,0.523043648419994,0.643601174488458,0.599519256103839,0.556440231440776,0.693866277947254,0.427248196674526,0.673875161418984,0.532955580053777,0.785980449495733,0.454411914859979,0.703199497358338,0.768547525191304,0.721254555005743,0.446968717901957,0.609192909650842,0.548329663810243,0.667033098094811,0.476938590693612,0.675125269782507,0.656011013974146,0.673994589070037,0.684774080623579,0.716780208182046,0.499191181066819,0.570563884764258,0.64241393922365,0.500246410263021,0.567701190070556,0.609305529417176,0.709250336563544,0.596624806839602,0.6421414413886,0.617626496868018,0.702974937569777,0.687062800525468,0.504310416308701,0.521188400393644,0.487347915674164,0.650677862928485,0.476788116193271,0.669837012965776,0.581792575257509,0.7457410040983,0.460553938775825,0.682179751196726,0.591044383715399,0.755067444424515,0.665332053062346,0.502598187610203,0.642153927113827,0.718301855896226,0.502598204285209,0.706818374473874,0.757836173283585,0.497691547714248,0.495622278094246
"GSM254631",0.778825095394265,0.469462033280727,0.687065092901083,0.444901476788075,0.638202775010328,0.655977371407642,1,0.711366772020203,0.779587445016562,0.591480302739127,0.554455141155398,0.728116523600072,0.773138911699007,0.558656320199038,0.673344276639491,0.481939771465122,0.737108715165303,0.480878628514932,0.431714308191321,0.469575501645691,0.66714701335919,0.43892823257679,0.677288692157593,0.622398012657976,0.450072721255359,0.760300899941662,0.499301242258139,0.633515711733619,0.419297101113685,0.641910112388298,0.477249548150447,0.683643273858295,0.731644412152017,0.398643454865355,0.757154109398073,0.45029401657342,0.683179396084276,0.51818514303862,0.665197651558623,0.834487220867437,0.492002091691602,0.740342766718986,0.61320606035232,0.813807001642928,0.486475729751603,0.707904889307746,0.527501739329928,0.65786105980992,0.470376111200202,0.74929292426049,0.694949639678781,0.52850173813493,0.606631670658875,0.601226715293263,0.541943101032974,0.81509097848766,0.404454262321057,0.609362290029409,0.524975317026611,0.734710300217537,0.467814701189563,0.722345137584671,0.75707732142867,0.736768568513974,0.464101430317779,0.72452643793921,0.53092085767978,0.661038072785477,0.457825715515289,0.645031451831263,0.661701753608712,0.743329775339174,0.599874803309536,0.688368208039212,0.482364827223954,0.642715310055648,0.686248545859348,0.457087435393034,0.529095329803675,0.595684122081011,0.626077606206675,0.576526095695843,0.679163414733969,0.578597938647009,0.692227549045965,0.662441605739175,0.518111191628527,0.511506391493594,0.48866615236028,0.599474319595234,0.479017941682888,0.651230198675213,0.550908042692365,0.624635319812543,0.436428727179157,0.679491891944272,0.493026577886292,0.637323463223335,0.599856249910679,0.551578229820174,0.601677806945611,0.681366060880089,0.495751245009771,0.685166464463811,0.716246875243194,0.483429462261901,0.471443914382765
"GSM254632",0.746075437221158,0.740445406240687,0.503083570981239,0.720196730792193,0.632519355660802,0.644724864260606,0.711366772020203,1,0.578834876381604,0.812562514860833,0.712763138775193,0.633824409473145,0.720919884342169,0.722732906777612,0.645673051603577,0.734554620220892,0.693942421498622,0.273217675953857,0.705233819785523,0.713581966823227,0.682967246379138,0.711040351948601,0.558011393408003,0.719248841875092,0.716548862781305,0.630381830226725,0.727111143013372,0.575927224239376,0.689094748402572,0.75627930665118,0.720675986748039,0.722674423662641,0.629441959665591,0.700655887161446,0.70138007197912,0.718573397286141,0.702283017947787,0.757199670933893,0.577765114247901,0.648364678902814,0.758705825680812,0.63626307090929,0.768323984051167,0.605596328739802,0.735005940998717,0.68161867893608,0.763257572873132,0.542712991934896,0.726869224811856,0.635872608506925,0.627204122481213,0.777691825713148,0.808563664788584,0.450662730596657,0.766561474614402,0.670327897953318,0.679824752552243,0.433331746056922,0.742883742393114,0.653119021285226,0.769534757970481,0.647716382928407,0.675966319166029,0.568295288799837,0.724810569199712,0.482149531416391,0.75689398038152,0.572396984967495,0.73161477860005,0.759496889169056,0.850236972586406,0.539287568056169,0.390291400918014,0.51006837290533,0.760096972462179,0.465687276097382,0.625753950761661,0.684164762785444,0.755094376626452,0.569953820270321,0.610027140341332,0.763058449306023,0.568014122829296,0.77456307582051,0.698283703006794,0.815440640432619,0.761280270558935,0.744411837542894,0.756097731238924,0.575847172062606,0.718795543779342,0.542827120108697,0.787577410958755,0.621671933888743,0.678389899494123,0.629177807150771,0.513567130482608,0.500868611554091,0.603254486192582,0.497442877852742,0.774254263816539,0.777431923992175,0.768919837334848,0.567831417952716,0.775979681035085,0.739860528496915,0.745702203323325
"GSM254633",0.71475332913051,0.309577892425568,0.700428811893862,0.260868603666154,0.669605500834306,0.689367433529823,0.779587445016562,0.578834876381604,1,0.44893026502413,0.41901899627136,0.823245169749895,0.70206983101598,0.431404721563614,0.720191830274784,0.32634142827766,0.733366873559064,0.557583894233365,0.280392712504019,0.310275637808218,0.613082595464748,0.28972685156376,0.709549359699117,0.562528350001951,0.299926816042906,0.672518232172882,0.350538547794614,0.697702815694773,0.253042554656821,0.594177730941356,0.307031904600958,0.605145110902458,0.769536759315416,0.240461297960708,0.798797267529941,0.302005750910147,0.716214545977348,0.383470424985755,0.735682798629165,0.756150582932404,0.347919424440132,0.730704221716341,0.467632207639995,0.796678756252907,0.331869024719423,0.700301914200826,0.37456308850258,0.670103826578858,0.311860322601171,0.797681243366069,0.73255377181981,0.371595195176869,0.456968463934561,0.643298336069452,0.394651701140263,0.834113942751222,0.262089214413504,0.707774443772286,0.379142400157639,0.690140834220391,0.312028305716174,0.735294567842403,0.776701161660087,0.805308363817453,0.321934169766376,0.74843159144277,0.380870480785854,0.67631991591238,0.290682781818301,0.604641418786561,0.490317752643873,0.776586497354438,0.645804488327343,0.674409295663392,0.324130372941577,0.660426714810532,0.707996465063969,0.296367526372423,0.382038200495338,0.579949933450437,0.627769184355216,0.403198753189632,0.778970875507295,0.443131663391336,0.667721101987876,0.545768657318286,0.355804705947024,0.356419330635896,0.330914063117188,0.632017514968715,0.324949732891927,0.701739482710178,0.376211659061312,0.718911129315366,0.275334022238251,0.667764371674678,0.533737024367444,0.627253032238952,0.543652430829062,0.538470904227574,0.454328284534052,0.668711476655359,0.340570402122411,0.723497843796734,0.690200815856,0.321215057943377,0.311916458873696
"GSM254634",0.671457392516434,0.92095780267735,0.414575107761437,0.896690242609441,0.652965692355986,0.590171646424325,0.591480302739127,0.812562514860833,0.44893026502413,1,0.890203797785809,0.468993639729605,0.648991772017218,0.862173024865022,0.593521652888062,0.901928676450891,0.55196421973399,0.245257786282705,0.88024695379192,0.877147771836047,0.644886504141569,0.899714126938151,0.422422999875028,0.768172846026649,0.909317457335426,0.5344917295206,0.882493659542408,0.516537445722609,0.880484772209899,0.741093729742423,0.924686625440981,0.754065718190271,0.537307321973144,0.862249227890528,0.626347792479857,0.910293206920686,0.649806331504886,0.933157838779218,0.40601083283506,0.513710296825111,0.905920373178477,0.572998220191406,0.911852654208477,0.429220059396216,0.918938979193289,0.602066728956775,0.93548497176729,0.424494775466485,0.903501819661805,0.526668984420967,0.48639824879777,0.920252911973805,0.897997417856737,0.331760974748213,0.936570496613763,0.538107194212533,0.853690999518636,0.324645998524252,0.925122968578925,0.551545961359833,0.898235911854385,0.54621739394467,0.577310477020798,0.397490440445705,0.895323794745245,0.418600041277772,0.903360835878419,0.375503752233232,0.909794414061201,0.756929302995156,0.896804943122535,0.425940847103956,0.317487688229727,0.514624969172183,0.910989700413446,0.334301377238314,0.557027492762536,0.892814969127321,0.88807707139947,0.499289103927802,0.559763496146752,0.912640190331549,0.458666828543867,0.930724151110519,0.614715345315321,0.866211865470789,0.898177645220151,0.873022988619066,0.912078546177802,0.487641536584415,0.898701457498009,0.450566002615687,0.924260537048725,0.514170482655239,0.896190367126601,0.564573567165949,0.333277160544862,0.477770363352484,0.612406248447375,0.39621459874379,0.921543926528714,0.732088370590515,0.909051063582053,0.503515746545742,0.758746964831035,0.911184274566098,0.907042498066543
"GSM254635",0.630732810817993,0.885194287963796,0.412272458750213,0.819655624843982,0.658282038063267,0.603482076604255,0.554455141155398,0.712763138775193,0.41901899627136,0.890203797785809,1,0.47318871510133,0.678722050291397,0.922000093492713,0.632906033274953,0.880418388285625,0.512937882122956,0.274550326807636,0.844179835863213,0.826261510794982,0.623017826631297,0.86155852166648,0.433187612417512,0.787633490396262,0.894654082713888,0.564099748524811,0.838791595379121,0.519219719556768,0.881237056403749,0.736750303496574,0.878591275880507,0.783928416253338,0.55740974680104,0.827345775131967,0.650910314087249,0.889186309960045,0.669883472661418,0.913181945515341,0.366837995393503,0.489962918109733,0.882176819406951,0.550944243481277,0.874775182685897,0.437984886316788,0.899355422618655,0.590973845301564,0.908511179649012,0.471241665234902,0.886723712666336,0.52114430907058,0.508540627493784,0.879328793107247,0.843665117897145,0.327542851122458,0.91361201943946,0.513298814778986,0.817725020971999,0.342631708569395,0.85693819030489,0.52430254395078,0.837876693822675,0.587273714543805,0.562012720466248,0.348987716306161,0.849315597830524,0.417050067010961,0.904359651305245,0.389374937082088,0.906082952794664,0.78123189755478,0.848290413299074,0.445756835707361,0.341462125799575,0.566231603592338,0.877036487331464,0.376666272043262,0.579902264449354,0.917446216996423,0.875588159512865,0.48728799012668,0.537980758051678,0.840949702754164,0.428065389882285,0.925262129695875,0.588028501482088,0.796507625982855,0.872181727716771,0.817132486761343,0.886607957096,0.525431599363844,0.908134318837488,0.494780678788313,0.863781346172522,0.532625445611371,0.900364790676518,0.568492528851339,0.327588192626022,0.479315718122663,0.691657879435181,0.44367125983062,0.897643389206253,0.739096702305797,0.864474943349518,0.573567061662454,0.750578637067969,0.891619491943345,0.876641861556218
"GSM254636",0.709835695118503,0.327004895705863,0.709565737850338,0.282115688365025,0.673289192416964,0.688508149827165,0.728116523600072,0.633824409473145,0.823245169749895,0.468993639729605,0.47318871510133,1,0.719965080482654,0.499886030059978,0.768095725151936,0.377013360878243,0.7477146785934,0.549069094355277,0.287358035565359,0.337703882170317,0.684285585984283,0.311298922189871,0.716014117791397,0.605711664628276,0.348469994598292,0.702039620418422,0.417457658825936,0.759059862410208,0.310277653275029,0.610139342291648,0.329949568679373,0.651761429477394,0.760921487255642,0.298044942944581,0.790762272553742,0.356445859195087,0.771209201069884,0.40472046038524,0.751953102476385,0.741901726718834,0.406969362697403,0.716642267862706,0.510957596851428,0.742615833347637,0.356017888609319,0.766798045958677,0.400410912548785,0.690293865925522,0.329370060069801,0.792660380038609,0.757155062456114,0.415320798734966,0.492479365537216,0.721866725677968,0.437044149897095,0.823614438991795,0.303509722686087,0.66708377590651,0.412497237175336,0.729236113816752,0.349160394979213,0.723456513212814,0.763773922117089,0.772037917955527,0.329140192575648,0.73722286979355,0.453965205503321,0.685712076717735,0.346816519003513,0.621715059941377,0.569051765672605,0.759752386670636,0.66097371738293,0.716695648664381,0.346564396315694,0.669102077729294,0.711189260534745,0.343737020054239,0.429223380879564,0.633196518339791,0.687704920058332,0.449498349715194,0.748895986755352,0.465012925403899,0.635013261375167,0.578659344838831,0.386688423347427,0.368133624296214,0.366022742831644,0.662979769536744,0.357301683922941,0.675636566835722,0.396364629801418,0.666753462928287,0.31857878344237,0.677390825402846,0.547165320785067,0.598216839446374,0.535879181439826,0.589974849954197,0.485291634776189,0.671060521103433,0.364766764107532,0.71564096035249,0.708970690234396,0.354919369387234,0.336278911383721
"GSM254637",0.761661722631924,0.577625877442416,0.630910084639972,0.560957760739594,0.648398428564923,0.650747696840102,0.773138911699007,0.720919884342169,0.70206983101598,0.648991772017218,0.678722050291397,0.719965080482654,1,0.761528207285793,0.719342850966912,0.628532411723898,0.720477624607755,0.421387126401812,0.561600706918433,0.5652683069221,0.674934940599419,0.545840191811767,0.736021842249625,0.739901128583969,0.568131883924309,0.812657607596688,0.633100249508613,0.685092271444729,0.558142616067554,0.763801408031323,0.583109071126342,0.731255675080949,0.670155398736214,0.549985020713717,0.791465503448789,0.621364265602427,0.717256239048272,0.613382323830306,0.658849608839706,0.770113028105848,0.632472757164662,0.659364916257283,0.664756708786233,0.748868372368368,0.576428161311069,0.720485243667648,0.642960588755741,0.649990451599212,0.579839111278362,0.769775104666968,0.73190977351343,0.668614499526427,0.669996080144957,0.565903672960823,0.653036825009135,0.81149148268102,0.529455094284367,0.576776082539686,0.637826763097964,0.669277242691473,0.619712129628881,0.761584692114566,0.781521992430187,0.677665714051178,0.598757873863671,0.653842723637243,0.657166005504358,0.633177826810085,0.590422150647087,0.781263666387245,0.701291809662693,0.695659463510671,0.529695771314614,0.663075232605584,0.576939835169076,0.659864444193349,0.708503424680569,0.580765064135761,0.673518270652186,0.68377665570201,0.660879689332947,0.621433955006868,0.671445641370726,0.668286166178119,0.741933040989555,0.650403022407562,0.65447272949264,0.624166735960283,0.631103601583869,0.686812016700663,0.606490280805063,0.613810811992866,0.626048160013312,0.678217500809368,0.574130916652952,0.714744049803467,0.581656335769165,0.55129374556146,0.614841435830603,0.683773857946738,0.642390534444903,0.766835734541887,0.594005095743908,0.683634526720886,0.822922627625426,0.590902273895385,0.602633899407024
"GSM254638",0.598206688516808,0.8445620192802,0.434817917484528,0.774418066249512,0.646677389179408,0.587619844718591,0.558656320199038,0.722732906777612,0.431404721563614,0.862173024865022,0.922000093492713,0.499886030059978,0.761528207285793,1,0.653301688535173,0.835747276300966,0.526172780307937,0.275517686751707,0.820557432493859,0.77188162909326,0.640288249695866,0.805198750205673,0.46951116867393,0.769542827877478,0.829783525091411,0.562888909822378,0.807189817367314,0.558085644946383,0.813680842484538,0.744503636836455,0.848541495611745,0.772035294870774,0.532447412698269,0.779873304654882,0.640755823371521,0.85428806317942,0.675466713484769,0.863756232370192,0.40131491951939,0.501998588696924,0.891480887387697,0.515187921258351,0.844313311318357,0.435598142906731,0.852798811015777,0.630998405117546,0.874778207733082,0.471528389584167,0.837328836352685,0.548827541858538,0.507321069003474,0.88378994764499,0.784940466014013,0.33284551175497,0.868820490473929,0.530703175434832,0.752825216331277,0.332299628434501,0.858939900684222,0.512670424418624,0.85416151931759,0.556876844576057,0.582187206045875,0.375435033335964,0.845900749142714,0.425385421854499,0.912481636255606,0.388112756932402,0.851237808481032,0.771809068783256,0.812820839576681,0.461569041851886,0.344309805252009,0.555807044583576,0.835675424910539,0.382470383457344,0.582970313781781,0.845633968482704,0.846502770580259,0.514550900087824,0.590588259473274,0.799472565674818,0.434682282998625,0.867032275592041,0.606507225477468,0.743445962007461,0.847490417089265,0.804441345955575,0.867339716786916,0.563456218453547,0.866165404328442,0.431681482182796,0.817342361593443,0.532483087749282,0.85675693979328,0.588668868065744,0.370747294895288,0.461915510922151,0.631385281676512,0.512923620209591,0.856125991874012,0.735979262835702,0.810565513423327,0.562073334237871,0.749428657588936,0.834955515779908,0.832957336651363
"GSM254639",0.71754239290735,0.47631581356118,0.699513549996711,0.400947810677011,0.720695243548418,0.81125806323082,0.673344276639491,0.645673051603577,0.720191830274784,0.593521652888062,0.632906033274953,0.768095725151936,0.719342850966912,0.653301688535173,1,0.524997731980349,0.747325385062503,0.561687961729922,0.417774669104404,0.453974229799953,0.742238925935659,0.444119054014498,0.650522812903068,0.680995808109716,0.491351461787356,0.666485624602598,0.528663837464103,0.778140033848452,0.457484545823812,0.704387356083626,0.487253452663432,0.770239708630432,0.792065390867165,0.411465461966088,0.827811319566538,0.484281740980413,0.834818468138771,0.549688606330314,0.690650664484085,0.669829261373232,0.535475428158264,0.770510429487248,0.614424459823473,0.656385194239817,0.521955880808624,0.816922950660876,0.574972987138436,0.646890012471511,0.481936130726987,0.796796978362085,0.728178780850241,0.521895137169591,0.606135567327297,0.593906523119928,0.557490926416542,0.757127095859501,0.395775299814178,0.669033316340057,0.530183275868935,0.747581876534276,0.467338717206132,0.73562359132187,0.761912257746222,0.720620567151436,0.443989057302261,0.657026993541143,0.571338862806867,0.653994070213473,0.485474871121559,0.726345890147427,0.654638532434113,0.760283021903572,0.659776859756088,0.750701874143884,0.507031490944347,0.559931440220421,0.720982203629638,0.500718117783437,0.554804682475798,0.583203915959221,0.683890846628796,0.568999062389835,0.684877431193848,0.619362186107618,0.674701045880591,0.675250238465536,0.514502473972957,0.497141191423463,0.487660782195731,0.64897624374269,0.509930610951657,0.713649389394724,0.558216528368729,0.767684585150853,0.471902898861955,0.693275178971107,0.479613692506511,0.689343557826516,0.623635404819456,0.487275504135223,0.661000246002906,0.76712527196639,0.508706819815503,0.774871711651814,0.79768951969736,0.483795104718227,0.477842415216387
"GSM254640",0.615002065230033,0.913960163587872,0.309968687107224,0.940039308860044,0.572888063436058,0.527656880018544,0.481939771465122,0.734554620220892,0.32634142827766,0.901928676450891,0.880418388285625,0.377013360878243,0.628532411723898,0.835747276300966,0.524997731980349,1,0.49621261593305,0.153812307656206,0.883149097841966,0.917883483751577,0.549199356647173,0.901201531781258,0.35347375471305,0.777429406610901,0.941631807930496,0.522141192631839,0.929230152368315,0.455126797506722,0.941248687229022,0.728135323190938,0.925522743867625,0.704275297937983,0.437758877457296,0.930936712253002,0.58572158822833,0.941839560275678,0.55399135310904,0.896459899390295,0.307118924129304,0.461997297187129,0.903188153719441,0.476840545189196,0.865603793701367,0.358586097623223,0.901233274596919,0.50251262889362,0.93258101575553,0.335933700446859,0.908744806498191,0.462555853036931,0.433917089457542,0.926208580462758,0.907306863459704,0.247421582162951,0.919423649902167,0.463192883235948,0.924482327080424,0.250979322075039,0.908191529494794,0.459782650425847,0.899097858338887,0.538861068955416,0.503006075591884,0.310278868557639,0.892226665965626,0.296384459569669,0.910007875666725,0.333784981715218,0.94863922824944,0.75866837264143,0.869399921516998,0.326180615305957,0.185951584842968,0.439661401839879,0.926567306636823,0.277736482942392,0.521325190778808,0.935787443110986,0.88900273164126,0.451837711986874,0.443831217916661,0.897546785471606,0.370969220786,0.893353328879394,0.526991412665566,0.768168391604732,0.914540338326801,0.882916664935786,0.925393560435496,0.455782917013597,0.891054444989309,0.438836466916138,0.930095168176007,0.499376048090873,0.923309356234987,0.482760078403573,0.314935293553182,0.364572087787186,0.593355832773946,0.377827856265475,0.866861345598899,0.68266608847762,0.921977319120425,0.418442350381385,0.719614789633753,0.938936177534371,0.943696109165997
"GSM254641",0.730660473115581,0.435154182505652,0.668094678680738,0.426178801030861,0.676686586359713,0.731463703607283,0.737108715165303,0.693942421498622,0.733366873559064,0.55196421973399,0.512937882122956,0.7477146785934,0.720477624607755,0.526172780307937,0.747325385062503,0.49621261593305,1,0.460468535291533,0.387311750128612,0.470341496036456,0.753124506024306,0.420021029245456,0.656588937035227,0.714459497462449,0.452843606308369,0.664481405530043,0.525261914386015,0.692340790692738,0.433976962066555,0.693329081605519,0.454706299250642,0.662642890408903,0.693386784157496,0.399581488653579,0.774266761297087,0.451083248742682,0.750556416241066,0.474663593616017,0.746193554649783,0.762443063594998,0.475163049749157,0.805298955786252,0.598699889481674,0.738672999466601,0.439369663366215,0.771172315337011,0.512890460267168,0.576734386642458,0.43018463857652,0.766868540485942,0.750167367896298,0.524894187519305,0.610184652568616,0.644004537094315,0.532076211114073,0.777756444996286,0.401500302493772,0.577520104482795,0.514168685828168,0.724931452713391,0.448671669980786,0.794107025511418,0.759512349700167,0.744056369269989,0.43419727640548,0.720808827941738,0.529573449821149,0.640717914381713,0.443120695852607,0.692904594097147,0.653413187331387,0.688986340926249,0.571059352263146,0.657513453205248,0.464440910792927,0.590391364561633,0.727067013017911,0.4393219669466,0.545163710487631,0.697645466446236,0.656323926758601,0.569075350662013,0.699348771820722,0.55349731230266,0.710976259742449,0.648589751239868,0.51015782995828,0.494459620596341,0.466985720286816,0.628120477842477,0.427805988859132,0.689799673318335,0.530806789021685,0.667519616601094,0.40956544263271,0.716074548700947,0.518702828483829,0.608852806033422,0.565151116927615,0.556357842918904,0.598530724226947,0.706692853015297,0.49156133019105,0.680236212537392,0.810715222166516,0.474586863330734,0.473334161534202
"GSM254642",0.412441593187633,0.145342425421322,0.725799551342741,0.0813283688945205,0.402588402513418,0.683327519893106,0.480878628514932,0.273217675953857,0.557583894233365,0.245257786282705,0.274550326807636,0.549069094355277,0.421387126401812,0.275517686751707,0.561687961729922,0.153812307656206,0.460468535291533,1,0.0772352673529744,0.135622704007331,0.517106456224612,0.0880982111157744,0.571373024465094,0.349043320571047,0.115906554265605,0.514954639244145,0.159230648942162,0.512730220541496,0.0719965457832096,0.324852646410807,0.131519031706848,0.439429801982565,0.56034946516979,0.045465766635875,0.532726166580716,0.126868026569893,0.454942752183632,0.187366734117855,0.604604662370378,0.49604415255937,0.165272915483254,0.520773902506213,0.285266853015385,0.468212210266867,0.159120545076754,0.486473203960772,0.177134723449681,0.632151288450802,0.135172900996415,0.530086956754008,0.520684936582583,0.151786910587022,0.24074890996701,0.532395648999245,0.184756671463984,0.522537483131783,0.0861482651960108,0.600313193948513,0.180745063651005,0.603554689424793,0.113276617291163,0.453639341327847,0.545023868080578,0.593659361755507,0.0994222838754266,0.54542587140257,0.191237527333455,0.585570726751541,0.122277565162008,0.339873223253485,0.304023264136658,0.598838630379683,0.751454405207113,0.627561221772449,0.115580092260946,0.450361169228471,0.405977931543829,0.156324117460534,0.193032095879817,0.416767520269358,0.501099338475136,0.233457154397276,0.482407068791709,0.270059827863673,0.447129502950264,0.352577044325534,0.110587824269523,0.180718352291023,0.110324763889806,0.42726591514507,0.177272125673651,0.481364549787177,0.196680555580561,0.525654277620571,0.129549110864694,0.485805610277871,0.451076263238402,0.705182651732805,0.417730546101167,0.378304767959642,0.284245901664001,0.363903319460118,0.105350431221756,0.550148910402825,0.451030108295852,0.122230607316339,0.109944131445243
"GSM254643",0.525533767183256,0.940969818610495,0.269268789139901,0.912663868736666,0.524396332797297,0.405936814727168,0.431714308191321,0.705233819785523,0.280392712504019,0.88024695379192,0.844179835863213,0.287358035565359,0.561600706918433,0.820557432493859,0.417774669104404,0.883149097841966,0.387311750128612,0.0772352673529744,1,0.872143138817133,0.489710466648487,0.91831685160934,0.298499008635551,0.676439644807887,0.892026146651176,0.408733923573895,0.820023298736431,0.353141110084331,0.909597996631482,0.674631926336825,0.947892183457369,0.606377440398203,0.369215449487484,0.902285626103411,0.481160200024779,0.916132427728037,0.490857568199983,0.91138937468614,0.260895085385999,0.417432801164708,0.914419464927887,0.355210101696999,0.790203086928104,0.299422102530791,0.93677074990526,0.406317878836571,0.913602190400911,0.290355149087904,0.939117974804346,0.372527215977255,0.325676952042835,0.897909965460267,0.806621543340906,0.139162935557529,0.875214461807604,0.381787392779265,0.883476400284298,0.120165037829836,0.858255969381844,0.352572241252432,0.939904814144952,0.394054074454186,0.429128925932737,0.211859569766189,0.908871022424741,0.226647539276551,0.861406763902121,0.228634040466815,0.924808732409759,0.698732342446398,0.770738382931816,0.237063193349018,0.142161069387424,0.308556718301446,0.921813205118631,0.213574119420805,0.46792033434959,0.913211972159741,0.852537114097745,0.372452159542954,0.383519641342793,0.815574393524583,0.306221392129679,0.847618708590602,0.489486342725579,0.697638457642593,0.896502840407647,0.907228175524498,0.931911246690234,0.388880339945855,0.921546082857365,0.258038226062489,0.89395786480044,0.400305609874831,0.937626494479376,0.389886049783257,0.259798814980811,0.307327873041574,0.486032778080148,0.334930959015339,0.806222893776551,0.637591281478389,0.890362500859379,0.323923287112625,0.631966330036811,0.901645489719625,0.924977801364327
"GSM254644",0.590953359944779,0.912493852506563,0.298220642005162,0.949504780486185,0.533311268113162,0.490918826175574,0.469575501645691,0.713581966823227,0.310275637808218,0.877147771836047,0.826261510794982,0.337703882170317,0.5652683069221,0.77188162909326,0.453974229799953,0.917883483751577,0.470341496036456,0.135622704007331,0.872143138817133,1,0.556201640751242,0.880724096563779,0.335129316354112,0.720822883848404,0.901198525350424,0.473263610995335,0.898189257800479,0.397472171842656,0.900526293580411,0.646775804720232,0.921127562170371,0.670885689172255,0.431429896357975,0.894303935035197,0.538021895120328,0.895643179455031,0.488491100832589,0.887696534143562,0.282526800114837,0.456865508981736,0.848133569126763,0.475339389670071,0.862010217630794,0.340527233165182,0.881761800567969,0.463756655765562,0.902793350364731,0.292888239116924,0.901846995854677,0.439837237728428,0.430805803020672,0.917294663847699,0.905654124943038,0.245263622266082,0.915619206483763,0.404835124466572,0.894087359797743,0.216852118973443,0.896115872972779,0.438476252572744,0.899460873217754,0.486595503580954,0.456886775877846,0.296629492422914,0.875019821957935,0.302517260060556,0.877531759370296,0.300501810498127,0.901928566025095,0.680110164052363,0.833683893036711,0.295266328664108,0.189658877043977,0.419942434775859,0.891099010539683,0.249234023856164,0.456571921394064,0.919757708776011,0.85552154642679,0.427924014895141,0.434405440632439,0.898946638159193,0.356306470594543,0.857505956697552,0.506318727317933,0.751710432113485,0.887985820955298,0.892151083796553,0.915000212113908,0.427802771336516,0.898038980331929,0.399604232076738,0.911320139903734,0.434038992830917,0.900367763963077,0.469158055736387,0.300434574087837,0.367166685386872,0.595536895187848,0.352486142838917,0.858438437956283,0.638404878785332,0.921007286904031,0.381969633660837,0.699536861953034,0.946250255900252,0.92946104490892
"GSM254645",0.695531940960486,0.521113444656388,0.683617815450351,0.488729637313837,0.672524874656551,0.788682652432314,0.66714701335919,0.682967246379138,0.613082595464748,0.644886504141569,0.623017826631297,0.684285585984283,0.674934940599419,0.640288249695866,0.742238925935659,0.549199356647173,0.753124506024306,0.517106456224612,0.489710466648487,0.556201640751242,1,0.498399556127467,0.625344872634136,0.678170473434829,0.510346868592244,0.633881174068642,0.564796611138221,0.67244085640174,0.485508220245474,0.670269646527516,0.534019714202716,0.742260163133051,0.716687598164677,0.453216352778882,0.728879534164898,0.521350065404444,0.761430481172489,0.558941887111103,0.675137438384078,0.665891075403803,0.568352571996223,0.738886694627104,0.67664515457815,0.627724918407704,0.542014805614433,0.794750514202307,0.589787504255016,0.566285472283796,0.521142498997332,0.732188445072553,0.665217405220525,0.598006923709116,0.669936364533683,0.63555272254337,0.604563682031451,0.681338100300744,0.481010577628802,0.515457844525322,0.574261081337745,0.727842541693489,0.539230947060384,0.668955383586543,0.770910073912468,0.693145746724336,0.522213293074284,0.672008349297178,0.621759045431624,0.590888131978013,0.521547409724235,0.661358545847501,0.713197814076901,0.654222036057115,0.628119472126073,0.695046913087234,0.528494957624406,0.51841587216857,0.644227559790789,0.534557692354423,0.604169129180397,0.682774960252854,0.766623082808216,0.642163241540273,0.646033676658292,0.644760979416039,0.694135958591571,0.716151934052863,0.565440080435536,0.610021850905435,0.548250898149572,0.685233575376385,0.544700584360518,0.571415144303388,0.604953586637418,0.578665587008043,0.502305246658129,0.707605636540192,0.537347913059318,0.64719447147602,0.609879504337424,0.557050549902151,0.697854731300378,0.720080743821692,0.535616416172731,0.711459259421099,0.779810623735812,0.536905238329443,0.532186756280213
"GSM254646",0.550690932175805,0.926425906177168,0.257798712257961,0.915848320697844,0.550048841814946,0.452563790826343,0.43892823257679,0.711040351948601,0.28972685156376,0.899714126938151,0.86155852166648,0.311298922189871,0.545840191811767,0.805198750205673,0.444119054014498,0.901201531781258,0.420021029245456,0.0880982111157744,0.91831685160934,0.880724096563779,0.498399556127467,1,0.308493407574846,0.736317256787647,0.928596891953386,0.426588860532469,0.883264270205508,0.377853840177585,0.926364929901706,0.686466573514714,0.929804509477022,0.621484587774306,0.385343150103828,0.913842516078919,0.501707498034285,0.909390896210896,0.516231452412094,0.925409381843938,0.26587133016125,0.410227544002294,0.909929565722321,0.410397468811534,0.838364020237267,0.316596161152297,0.9301498573235,0.441820522055793,0.918025843400524,0.274295491579914,0.924031319369367,0.401047543027688,0.369406672229744,0.908316192166051,0.842159471759839,0.170249454140428,0.905142551859044,0.402325869685452,0.896529839715013,0.172921236053112,0.892752811082809,0.379913029976568,0.896891938750522,0.459365644941727,0.448900025772651,0.222850568676911,0.926797385222624,0.24514623088873,0.869073216004564,0.263609755795938,0.93543765357739,0.723335957977407,0.796840215991723,0.261964578689148,0.152397498931557,0.33537755010747,0.935509949974145,0.220888637185201,0.478176575225614,0.909757801202086,0.886611297890576,0.405344686644038,0.422283904762499,0.87108419954804,0.347964138270951,0.907312155964715,0.525698242940044,0.782323140520362,0.924538960989817,0.866397612550001,0.929497571655714,0.426522865192482,0.89358128048977,0.333116469020933,0.912123408101783,0.400881843195563,0.921207472209845,0.440596203992644,0.263889649332883,0.297292285138907,0.582295692331339,0.363033332397774,0.842118369058889,0.673922276440944,0.924032865993953,0.369568117512795,0.668046089689408,0.91790159026243,0.92890792214736
"GSM254647",0.671570896453414,0.324637642930338,0.737540245251517,0.30597817736906,0.554099241249435,0.66908032747464,0.677288692157593,0.558011393408003,0.709549359699117,0.422422999875028,0.433187612417512,0.716014117791397,0.736021842249625,0.46951116867393,0.650522812903068,0.35347375471305,0.656588937035227,0.571373024465094,0.298499008635551,0.335129316354112,0.625344872634136,0.308493407574846,1,0.581053082749173,0.288102149140954,0.731394453107435,0.369382563101668,0.627427109160545,0.281395471035936,0.565921606586861,0.338973450315524,0.586981059767232,0.680268099967354,0.288579698612637,0.702908149521749,0.328355850598537,0.617258989280502,0.39413162268243,0.713505214571532,0.705283509699915,0.351573181174549,0.615368961465248,0.475140096617462,0.720186270813229,0.353734675532381,0.707976344422842,0.384712654329609,0.690495954916761,0.351866923910931,0.744476463672962,0.724557113295991,0.413560203257457,0.457956752651331,0.622968942134238,0.408067707982416,0.696758686849011,0.275059703964263,0.651550294574533,0.374412814093938,0.666689414568609,0.345830518706208,0.649932630864709,0.793774034041591,0.738938835181194,0.331874925350719,0.679039963288496,0.396891486630905,0.669742783148162,0.333541694412672,0.595593129833149,0.492953033953403,0.727093223596276,0.702550024276909,0.716583526506362,0.33450322707056,0.690813793366598,0.634226167054923,0.336406140638315,0.456395026864434,0.669270567908331,0.746033210320241,0.428034924254048,0.693455253375567,0.474040324958108,0.661713988255939,0.515076843404465,0.383275482541866,0.375271526915237,0.345956201531553,0.667896265945564,0.345216005904073,0.562618696848231,0.407969234406961,0.651620038410673,0.308192274314857,0.68970891582197,0.653269890205014,0.625125058867625,0.579313678584546,0.686035405417823,0.440078955880834,0.654677205639475,0.355014303505982,0.682711006810117,0.686000720017627,0.345709311055824,0.35222116864763
"GSM254648",0.68990937898341,0.709509278674513,0.537363788612766,0.701296181341859,0.726453758839367,0.68825999154658,0.622398012657976,0.719248841875092,0.562528350001951,0.768172846026649,0.787633490396262,0.605711664628276,0.739901128583969,0.769542827877478,0.680995808109716,0.777429406610901,0.714459497462449,0.349043320571047,0.676439644807887,0.720822883848404,0.678170473434829,0.736317256787647,0.581053082749173,1,0.765586821242763,0.646945300103339,0.760464525813526,0.635119258750267,0.743043575565215,0.855738475001867,0.727714781246428,0.700457334374207,0.594505903018814,0.705569160665644,0.734964994435596,0.746137130116318,0.743637405875399,0.731198733850717,0.544660738063325,0.646815588156455,0.767770486332067,0.645216684275538,0.75016933583982,0.582654723701392,0.707402158979155,0.661523060968466,0.76582911766978,0.519578628297817,0.704943634684512,0.632902639972929,0.644620482594665,0.75160057766816,0.763473313791121,0.445437198547534,0.767180091275417,0.665749983127353,0.69700953671073,0.402645886436612,0.746036044305312,0.558240721448951,0.707497861379828,0.712189737674864,0.696982178929849,0.508547250435619,0.718976945655545,0.52182691441591,0.762760260758275,0.503642900506834,0.749352671652946,0.849739239104189,0.803163747639707,0.509939981333119,0.432584184652793,0.581448618670535,0.73624366755107,0.484386678711001,0.742035246799654,0.749552155081241,0.794125699516791,0.628467973709379,0.610229253376348,0.743605473645347,0.591689946001123,0.797606494222515,0.740021767953975,0.753845540911645,0.760604083459356,0.739548022138556,0.740290883431073,0.668437185731279,0.703232110816701,0.583161597753615,0.74981468947832,0.656969627635081,0.730740785879027,0.668811880813393,0.502878909647212,0.497032841406966,0.663199115796981,0.571134887481741,0.754574454219186,0.801060842199783,0.728166336549904,0.652698159817598,0.81292138941036,0.727957010984815,0.737313013423689
"GSM254649",0.563523508114084,0.934127132340496,0.258122599805972,0.919587243787954,0.56699411792292,0.481770011795829,0.450072721255359,0.716548862781305,0.299926816042906,0.909317457335426,0.894654082713888,0.348469994598292,0.568131883924309,0.829783525091411,0.491351461787356,0.941631807930496,0.452843606308369,0.115906554265605,0.892026146651176,0.901198525350424,0.510346868592244,0.928596891953386,0.288102149140954,0.765586821242763,1,0.451476207993989,0.918258534785276,0.416116088574103,0.958024693274854,0.695419491791953,0.934714390149687,0.680481849855741,0.411340443457948,0.9287798707311,0.539327906289416,0.940991653815389,0.552427973819773,0.931509626183757,0.242074581568821,0.39608082594208,0.915949407839551,0.449772617842331,0.861143618056472,0.323794900877726,0.920728650489471,0.461461867622136,0.934980720694327,0.308694627363654,0.909723867366119,0.391033210806708,0.36666396074052,0.903558139582242,0.866170761155418,0.199523564723154,0.92320521513963,0.421896480312395,0.919589197820397,0.207403025949396,0.913386880695509,0.415958427183246,0.879964043310932,0.494324462436088,0.4581474504775,0.245605269326855,0.901938186246807,0.265664969597814,0.912116202798479,0.291472124329606,0.957674659455126,0.723599581882601,0.856963248606496,0.274775274937808,0.157478329168023,0.391698708083471,0.940640154597285,0.24568855195859,0.488937448259915,0.946152805994863,0.874103930010484,0.388300718490078,0.414087251650006,0.889634946006789,0.341883329503191,0.894495618777729,0.494788567827266,0.795623291043982,0.904212859986574,0.851005586738131,0.920783313638253,0.402852947755706,0.901293601139337,0.409529363052749,0.916767333246611,0.437649645519965,0.945520515234521,0.440462962442799,0.236802660874463,0.319970500062693,0.574353557221708,0.315030558850862,0.874616880684156,0.645275134018144,0.938251872669933,0.410985112727608,0.67093703093069,0.939215695226772,0.9353497917628
"GSM254650",0.728306011621709,0.457558642367862,0.672029422886646,0.440383753514753,0.567120729850339,0.651680862967512,0.760300899941662,0.630381830226725,0.672518232172882,0.5344917295206,0.564099748524811,0.702039620418422,0.812657607596688,0.562888909822378,0.666485624602598,0.522141192631839,0.664481405530043,0.514954639244145,0.408733923573895,0.473263610995335,0.633881174068642,0.426588860532469,0.731394453107435,0.646945300103339,0.451476207993989,1,0.533152387538927,0.628111027642023,0.432304976730249,0.641399644696434,0.440087359823852,0.681007494386144,0.71450146176075,0.444272715404223,0.738638178063309,0.473002605571793,0.681358785826145,0.488985185372403,0.6987516311601,0.732833274348659,0.490967448200236,0.672530125762105,0.566611872707478,0.687101742281128,0.474442192722306,0.643223631216943,0.504455554340415,0.678123361605686,0.461902811621797,0.711304352114772,0.747471940579107,0.517673189625705,0.570008898738986,0.578262923866811,0.519964738297486,0.790777438168486,0.45346917482267,0.597023619320217,0.490418705361287,0.681555949835919,0.460588434826664,0.724625542026225,0.781885804441082,0.685963389957461,0.437456971656696,0.620172277601948,0.518147150480763,0.710533873946539,0.488373735151046,0.658854923946446,0.620891270035131,0.719967590393714,0.600715030519778,0.706681084163534,0.446347011517586,0.636565057673976,0.625430939367198,0.472553750103324,0.551626920200361,0.637440317324563,0.680454558433722,0.543206457992991,0.69094452377059,0.580922696743922,0.707291087588365,0.621939594206396,0.496228533311881,0.498112747222271,0.465118887240922,0.60871982257997,0.475294493527573,0.66392389252069,0.532918237485368,0.645954175697645,0.445504936757995,0.638558768141784,0.559256260498767,0.617980403112291,0.598999815115549,0.642445709032146,0.538735976805562,0.680354832382889,0.477477688535938,0.654354859174808,0.732140969103275,0.467694965260291,0.47014053967193
"GSM254651",0.631878871907057,0.873236907008593,0.305281814841092,0.910845885663289,0.581409794962125,0.533733865605294,0.499301242258139,0.727111143013372,0.350538547794614,0.882493659542408,0.838791595379121,0.417457658825936,0.633100249508613,0.807189817367314,0.528663837464103,0.929230152368315,0.525261914386015,0.159230648942162,0.820023298736431,0.898189257800479,0.564796611138221,0.883264270205508,0.369382563101668,0.760464525813526,0.918258534785276,0.533152387538927,1,0.480153933838273,0.919430385201788,0.694250542949513,0.891431877189776,0.721774892163827,0.449584725329476,0.916996777729338,0.603104524070907,0.897994401168918,0.564395272814357,0.865145735596757,0.309211261667505,0.477279136186932,0.876788885180181,0.495484192996205,0.890751057800904,0.379426321769602,0.865585267207481,0.531420906703149,0.898602972246054,0.322585667413536,0.854899047435351,0.479989387746585,0.463413068046062,0.914549242263825,0.87555894192228,0.278993694059288,0.91045681419518,0.489570606964265,0.889464744332707,0.291404816416065,0.912208559471093,0.499256900369671,0.849626888544904,0.562658414465877,0.518813871430389,0.337179077168973,0.850520125894401,0.354987241118126,0.901486699725391,0.34513778265218,0.910202901197161,0.726866067193932,0.872901547481295,0.343216797078219,0.201333641597038,0.48032271434219,0.872199438201062,0.319492612823365,0.503699004307058,0.893045320883201,0.847257902300583,0.46994585677247,0.469681013976274,0.933128346256661,0.384356939042748,0.881764433922133,0.523237672099221,0.798709738444456,0.90477507819739,0.811623330241622,0.873636047248695,0.430621738821243,0.827694270046487,0.477052180003923,0.902182732737812,0.482384394950978,0.887015229916698,0.512857302661323,0.290333313414789,0.372851064785981,0.582491131507454,0.369290336478201,0.871711623258573,0.655845031880692,0.915885045789319,0.422519329906707,0.718532350976302,0.918110751899221,0.895190495361873
"GSM254652",0.70610490405299,0.4064354474225,0.625304627059279,0.360458096268373,0.668360714739533,0.671101552570968,0.633515711733619,0.575927224239376,0.697702815694773,0.516537445722609,0.519219719556768,0.759059862410208,0.685092271444729,0.558085644946383,0.778140033848452,0.455126797506722,0.692340790692738,0.512730220541496,0.353141110084331,0.397472171842656,0.67244085640174,0.377853840177585,0.627427109160545,0.635119258750267,0.416116088574103,0.628111027642023,0.480153933838273,1,0.381209828624333,0.615639696815025,0.419237728707805,0.650326341768333,0.756337145464212,0.350494795778694,0.770483400013595,0.410070816592698,0.76644221753232,0.466816748739052,0.645160308824734,0.655535194534077,0.48650732374378,0.71160897045612,0.539523931951177,0.680392717108914,0.449668189216782,0.735957416644116,0.475039549414998,0.549733779312093,0.400718143049762,0.747790948036493,0.650275796460556,0.476221104614047,0.524716637037368,0.580731917978205,0.47503839151905,0.745020418232456,0.36006633172005,0.593951558522763,0.477547024123148,0.641107339223409,0.401618590297859,0.680282789312816,0.731854863026915,0.709535837676874,0.405424285820499,0.678923574070516,0.50957345499273,0.577819833731236,0.42938562736182,0.639871058747492,0.588603768445035,0.733929709496547,0.576582194009301,0.661500756973706,0.424638866667187,0.50601815828866,0.706122590505835,0.417931850520604,0.474006883557663,0.538943622977889,0.618400101237527,0.512547109670415,0.729422339248281,0.518092218617869,0.602407586866754,0.590408057424631,0.440974747557789,0.422732521543597,0.418913235456718,0.635130393691179,0.422037422351765,0.685982869416124,0.458838633299051,0.686408086194663,0.398103856411332,0.654606652018565,0.426283376299894,0.564488145760073,0.540378659172155,0.453705162300657,0.57088224631946,0.722274961071127,0.42895974746866,0.763680517154474,0.724181584888042,0.417922960764094,0.406720050760544
"GSM254653",0.549942282038379,0.921796973596357,0.228755280106322,0.925577752346473,0.545185769731697,0.456590883555637,0.419297101113685,0.689094748402572,0.253042554656821,0.880484772209899,0.881237056403749,0.310277653275029,0.558142616067554,0.813680842484538,0.457484545823812,0.941248687229022,0.433976962066555,0.0719965457832096,0.909597996631482,0.900526293580411,0.485508220245474,0.926364929901706,0.281395471035936,0.743043575565215,0.958024693274854,0.432304976730249,0.919430385201788,0.381209828624333,1,0.698526410620681,0.940287642307259,0.657129754351544,0.359520938244641,0.946282497766645,0.531551851670438,0.940853902538659,0.508949686098285,0.902895706652682,0.216581794588176,0.400457635188342,0.900988810445762,0.396828739131309,0.835010897354735,0.298325920792873,0.90805732508086,0.434160252397435,0.928094524295018,0.275354089628887,0.917573703276179,0.378545599171603,0.359685558629318,0.908397772485796,0.859351722148032,0.155048308571858,0.911383973528748,0.388416158537369,0.912457809734917,0.156673216379135,0.883351664957274,0.384366999148272,0.881603096052245,0.475916333867915,0.426377322022169,0.199175165053636,0.879048250499183,0.233707749471248,0.899453226609186,0.247543832814325,0.956883784378779,0.742576439285733,0.844418725864676,0.22433569636156,0.125919581184572,0.361338655253594,0.930690479558202,0.245113665003733,0.487765011741893,0.959210451985116,0.868503039071962,0.383336527729974,0.370433953547752,0.875839303578146,0.284824726289354,0.873836296046613,0.478666638022494,0.743097661985168,0.922802233089543,0.867695598440906,0.927334441131597,0.379327960716003,0.876030356102403,0.363418804845894,0.920531681541369,0.425614464016449,0.962090521530189,0.419646603337166,0.235950247637,0.295884009551301,0.538621893442017,0.316126729541769,0.852544499391316,0.627322665143803,0.930778516502845,0.367893232599277,0.655878948890988,0.937289070406612,0.943974917604269
"GSM254654",0.722839620524826,0.673428066607593,0.522028372664438,0.66638904993717,0.71374907677695,0.667820963591931,0.641910112388298,0.75627930665118,0.594177730941356,0.741093729742423,0.736750303496574,0.610139342291648,0.763801408031323,0.744503636836455,0.704387356083626,0.728135323190938,0.693329081605519,0.324852646410807,0.674631926336825,0.646775804720232,0.670269646527516,0.686466573514714,0.565921606586861,0.855738475001867,0.695419491791953,0.641399644696434,0.694250542949513,0.615639696815025,0.698526410620681,1,0.68036326366646,0.674417332507519,0.605696943000499,0.686890560585532,0.762172509058353,0.728908449291277,0.751104751028301,0.695392569344873,0.620425685682717,0.688174876627603,0.737839884161651,0.620703756401317,0.697463835200846,0.607560866289202,0.666165384915233,0.666528600900196,0.729911072123914,0.546488642715653,0.67896749996669,0.666584741900946,0.637606606667822,0.735368204577606,0.737231892903519,0.391417723948455,0.718084720980806,0.717242082633684,0.666521937308578,0.411262092391665,0.704806985302139,0.571178325819756,0.687879945912017,0.711785949780127,0.696127938183874,0.530711202447106,0.701445949540324,0.504541989282413,0.728978430738398,0.541671162418837,0.710354653819965,0.880901905237516,0.783655364802013,0.492375389418608,0.419083650127789,0.52528324694087,0.715310871456863,0.475213594563666,0.755428527242046,0.696016906847333,0.758599827149274,0.594186460378828,0.592729482722167,0.689338809258117,0.585994807351382,0.746237745198289,0.790512041846478,0.740141267323531,0.736121037152535,0.745719971323737,0.723246171783488,0.65499678178808,0.664723708698768,0.546385715724033,0.736173535717509,0.701121931298775,0.695801639349652,0.619151793567783,0.535089648478273,0.49974025484712,0.608074085713843,0.551410256523768,0.711670995147418,0.83630199599645,0.708426669621432,0.648273509877626,0.796144394437825,0.675998863463255,0.705089005357342
"GSM254655",0.580075227544269,0.960275472934992,0.310983030256276,0.943173233452296,0.550031939810809,0.483248133927166,0.477249548150447,0.720675986748039,0.307031904600958,0.924686625440981,0.878591275880507,0.329949568679373,0.583109071126342,0.848541495611745,0.487253452663432,0.925522743867625,0.454706299250642,0.131519031706848,0.947892183457369,0.921127562170371,0.534019714202716,0.929804509477022,0.338973450315524,0.727714781246428,0.934714390149687,0.440087359823852,0.891431877189776,0.419237728707805,0.940287642307259,0.68036326366646,1,0.682164749721205,0.406416984680362,0.909237577287639,0.529714431113282,0.933405240414534,0.519469133510116,0.948614985527097,0.274924130451714,0.434804399125394,0.915597474823227,0.441300080264281,0.867330488640353,0.334067832588812,0.953478359552705,0.474626479773353,0.95984258304238,0.309464440942014,0.958748236186345,0.429534796306584,0.384637991884382,0.936369169950508,0.871320179521666,0.203732468649502,0.92951683845542,0.401722686915995,0.88216818997292,0.198304382176696,0.919933967021875,0.426845111779293,0.933745013384828,0.450374740494312,0.461670063044945,0.268274228625335,0.910038826459478,0.295227245890133,0.906488360351067,0.256972827227067,0.946708265571095,0.717715875900087,0.84494466841151,0.312291934453715,0.202720353561289,0.419193496097442,0.953470613687598,0.239758987397847,0.490364721261587,0.952759112788805,0.885478014380769,0.41652619772337,0.449668696128123,0.905865687371897,0.34163457620018,0.898112661225248,0.50663097487532,0.772576228047447,0.929430689533322,0.897938009162481,0.949880959779474,0.405130916682099,0.93203040559641,0.349589430498574,0.941646146140861,0.435303469280484,0.959300973628615,0.454725007835064,0.250465952059164,0.381277862506118,0.556090568456924,0.340610049874341,0.894563939379633,0.65709692913479,0.94078943889766,0.382171479387677,0.693676905456906,0.955201014268337,0.958937213086109
"GSM254656",0.736221336830285,0.679496611075858,0.556739396289121,0.626908811086581,0.694111787797069,0.723818682660446,0.683643273858295,0.722674423662641,0.605145110902458,0.754065718190271,0.783928416253338,0.651761429477394,0.731255675080949,0.772035294870774,0.770239708630432,0.704275297937983,0.662642890408903,0.439429801982565,0.606377440398203,0.670885689172255,0.742260163133051,0.621484587774306,0.586981059767232,0.700457334374207,0.680481849855741,0.681007494386144,0.721774892163827,0.650326341768333,0.657129754351544,0.674417332507519,0.682164749721205,1,0.737754665544528,0.611921684637318,0.770006999618635,0.664556182118539,0.774876330271224,0.707360237856102,0.521148354364824,0.617185018738901,0.683587642859994,0.729830638137288,0.79260023858082,0.596347161231379,0.677558398140195,0.803889582900693,0.72381154687705,0.57646405947513,0.670412029416156,0.71482146204093,0.678440523918177,0.709212294748954,0.763353654432506,0.545986391138652,0.745544258576929,0.660217044015703,0.613545382189084,0.58624474684652,0.706829629578449,0.72491825980709,0.65765896314153,0.699885972437823,0.723062792355829,0.620417145177914,0.620895123357074,0.624500036787143,0.746444553988726,0.629396467160622,0.685021622560245,0.706138345832332,0.80078358289822,0.674300949064395,0.527590882851893,0.759485324084604,0.657404927444236,0.547496040446579,0.631909528698223,0.696682763937899,0.690097921664837,0.56164131504938,0.679116292667629,0.758169682068749,0.563281581193186,0.776608643877498,0.645843153454756,0.78456408149009,0.697671877674441,0.670113742795031,0.683194792101466,0.586983971481576,0.68586499480953,0.680181012197528,0.727721329521294,0.604337459391786,0.680754260133557,0.67421680676605,0.403288778332587,0.677346379138828,0.657368499411532,0.481660382287873,0.811212330154589,0.732753904798491,0.684612072072059,0.697057812851453,0.778955565624226,0.696694378186085,0.668116599760863
"GSM254657",0.75283940208364,0.422510027489916,0.670318296034534,0.356607858212636,0.639278173614961,0.748025960789023,0.731644412152017,0.629441959665591,0.769536759315416,0.537307321973144,0.55740974680104,0.760921487255642,0.670155398736214,0.532447412698269,0.792065390867165,0.437758877457296,0.693386784157496,0.56034946516979,0.369215449487484,0.431429896357975,0.716687598164677,0.385343150103828,0.680268099967354,0.594505903018814,0.411340443457948,0.71450146176075,0.449584725329476,0.756337145464212,0.359520938244641,0.605696943000499,0.406416984680362,0.737754665544528,1,0.331628358526581,0.776884716103587,0.372679187179661,0.79743338959643,0.482863825481905,0.6794909101414,0.697553002122783,0.435734626595003,0.802165175967496,0.58632382189231,0.764707736005579,0.445675184563011,0.773049782503251,0.476392264881297,0.670606696052805,0.423390319715465,0.764591720413498,0.761029553093146,0.461795389034957,0.573472808105638,0.707763745036382,0.493324756653744,0.742546133310331,0.378294036273217,0.732386515899273,0.460275077107305,0.737172248778411,0.3850280670581,0.713152641439652,0.812895903124201,0.786514905131506,0.411747918216298,0.733588934003684,0.491446593789725,0.724466556815869,0.412080518541168,0.579306641111506,0.595809675525447,0.810910978937673,0.65200728298319,0.736506116551303,0.433349443650877,0.622575220519428,0.67806100427336,0.417247785374821,0.50639154776987,0.565671481363553,0.712339612540514,0.542149010843619,0.729575787687843,0.577075732533978,0.65702089123954,0.678165007001691,0.441510103837684,0.468018226943724,0.418145557737752,0.701082962255341,0.448923929872972,0.760446664710349,0.508004647416505,0.687895487609132,0.387702808968259,0.693777958793577,0.481929220289548,0.681160335145268,0.683987525481186,0.54576577943678,0.597879245565358,0.758787574147458,0.455119926950018,0.778715295598157,0.709980037264327,0.432503570414868,0.410169452092341
"GSM254658",0.548307073626609,0.90693550777982,0.212650334691662,0.937460674034579,0.514850480963477,0.413474767076053,0.398643454865355,0.700655887161446,0.240461297960708,0.862249227890528,0.827345775131967,0.298044942944581,0.549985020713717,0.779873304654882,0.411465461966088,0.930936712253002,0.399581488653579,0.045465766635875,0.902285626103411,0.894303935035197,0.453216352778882,0.913842516078919,0.288579698612637,0.705569160665644,0.9287798707311,0.444272715404223,0.916996777729338,0.350494795778694,0.946282497766645,0.686890560585532,0.909237577287639,0.611921684637318,0.331628358526581,1,0.512021076164801,0.945770022375996,0.467586456843188,0.879010272299311,0.219104441919552,0.392618478199627,0.894747685354201,0.358287654467256,0.815306076739623,0.277457229211394,0.888686813303894,0.400986023639932,0.900341810809016,0.251150132615325,0.905108511956674,0.375708103459365,0.326812814248944,0.90733686564841,0.836781321860832,0.121078301730551,0.886310903475066,0.387320366834669,0.930196536890427,0.126022164183255,0.86484913373128,0.366393134836586,0.895473664688095,0.45567945271545,0.41144110060794,0.184258119208023,0.879660257257422,0.19678960168443,0.879555149502393,0.235226732976236,0.946161496386006,0.724550812868692,0.817970313901656,0.201792417767123,0.0779524248224059,0.31563896381284,0.907915986967089,0.208695388272968,0.461606836406867,0.92183780104844,0.846828771549116,0.372851041687935,0.354475558452924,0.850919121426197,0.284519296824652,0.846958008733458,0.464671068554707,0.713265121746112,0.902078033604865,0.856927224593184,0.903982319527972,0.356822725938096,0.859997314901333,0.32146136253676,0.895840334704304,0.414332050364142,0.925722076428463,0.395138314440083,0.271304595861663,0.244758332717991,0.510911615590842,0.335211941596678,0.803113064769327,0.613274249704663,0.923508992328502,0.320576566769592,0.636733014258966,0.92361459660133,0.933372007871271
"GSM254659",0.822356008467104,0.523679363672849,0.672954691326991,0.486263947513968,0.812706660790931,0.767045866643843,0.757154109398073,0.70138007197912,0.798797267529941,0.626347792479857,0.650910314087249,0.790762272553742,0.791465503448789,0.640755823371521,0.827811319566538,0.58572158822833,0.774266761297087,0.532726166580716,0.481160200024779,0.538021895120328,0.728879534164898,0.501707498034285,0.702908149521749,0.734964994435596,0.539327906289416,0.738638178063309,0.603104524070907,0.770483400013595,0.531551851670438,0.762172509058353,0.529714431113282,0.770006999618635,0.776884716103587,0.512021076164801,1,0.544564482630891,0.823120490561949,0.575798048476282,0.70359711721183,0.757304833172714,0.576800542438973,0.764821321548883,0.650902737698652,0.77276661268714,0.543671344267917,0.780843729641613,0.586790220529477,0.653418654912289,0.539906697624808,0.831581644170087,0.755837060805338,0.58758142030135,0.673391987820826,0.59955694597765,0.600342698832002,0.85075813427464,0.505714653352121,0.642053552774862,0.56756106128896,0.724451413941786,0.513957441713938,0.860562737735737,0.813050475040296,0.714314179061424,0.519666069331069,0.715914751456198,0.626207731175154,0.712661360725904,0.552300832962183,0.807107283474579,0.720110260928514,0.748343894989628,0.61994809613148,0.745183404714602,0.543114437103777,0.624334495069672,0.810706983087704,0.560572607185275,0.58730032293178,0.621518549196567,0.681989278803634,0.620082108939738,0.739815595831376,0.638762160436237,0.72125983083028,0.692818582617114,0.56473673248991,0.559391433272414,0.54687937252899,0.663911976915414,0.525286123215436,0.787749710504006,0.602014571212529,0.793592885956946,0.538227722183956,0.699369467256928,0.522693776344966,0.63565865768602,0.688922166034041,0.559069447453008,0.660365776132317,0.803052110302645,0.561070551528491,0.820483205746819,0.829790452265638,0.545701589379979,0.538862763171792
"GSM254660",0.568562541780699,0.940631872054427,0.285717114254308,0.936187956611455,0.572423834339866,0.45881910024828,0.45029401657342,0.718573397286141,0.302005750910147,0.910293206920686,0.889186309960045,0.356445859195087,0.621364265602427,0.85428806317942,0.484281740980413,0.941839560275678,0.451083248742682,0.126868026569893,0.916132427728037,0.895643179455031,0.521350065404444,0.909390896210896,0.328355850598537,0.746137130116318,0.940991653815389,0.473002605571793,0.897994401168918,0.410070816592698,0.940853902538659,0.728908449291277,0.933405240414534,0.664556182118539,0.372679187179661,0.945770022375996,0.544564482630891,1,0.527603657180612,0.919142733356389,0.296083654756549,0.428317404421607,0.923305733087536,0.408225627573348,0.853379203693434,0.310790736882193,0.909361259964609,0.461452368996955,0.935019118911451,0.320402422801542,0.930035196388849,0.430638715395892,0.373530149622107,0.928004257110974,0.856701467151234,0.19870835280905,0.92680153747233,0.441175613920572,0.922513766458042,0.19019866498011,0.902677954331109,0.394264358068424,0.922138668729172,0.479487314861342,0.451131734697831,0.241064661823383,0.902175657777841,0.273608945572623,0.906176127420499,0.267833811985126,0.94666122090887,0.763023283729515,0.848538452170543,0.27426999954477,0.166165813693238,0.386147105358722,0.912635977031121,0.254917390009784,0.511689788995361,0.944043189605581,0.891261960620676,0.440792053571984,0.402481996910358,0.857860589074284,0.340793158322789,0.886266854368606,0.518010917852505,0.734808381202121,0.920005895713679,0.887168869567442,0.933754985202276,0.423128691538057,0.921592209731162,0.340562361401737,0.904163557788281,0.45498491566698,0.944365421849417,0.474161389258163,0.303835611475125,0.320596959673155,0.533716133911716,0.376684799768583,0.852290024817057,0.644447417963336,0.91701332722445,0.387029010506488,0.692036633580833,0.931732872268532,0.940817075720293
"GSM254661",0.728864854374983,0.518978057251292,0.611385659974904,0.433821296968009,0.789078562917744,0.734431336605546,0.683179396084276,0.702283017947787,0.716214545977348,0.649806331504886,0.669883472661418,0.771209201069884,0.717256239048272,0.675466713484769,0.834818468138771,0.55399135310904,0.750556416241066,0.454942752183632,0.490857568199983,0.488491100832589,0.761430481172489,0.516231452412094,0.617258989280502,0.743637405875399,0.552427973819773,0.681358785826145,0.564395272814357,0.76644221753232,0.508949686098285,0.751104751028301,0.519469133510116,0.774876330271224,0.79743338959643,0.467586456843188,0.823120490561949,0.527603657180612,1,0.577212570734424,0.682750845463937,0.662932316434841,0.610351472695319,0.78352081415895,0.670346336681854,0.694999513188493,0.549366437415419,0.824310356934712,0.58341691228346,0.632120606601347,0.516361242787565,0.736509885244912,0.683910788004502,0.570863392714084,0.619721121990412,0.56637660477943,0.597683809248578,0.760199800917154,0.486858641366617,0.60246357930305,0.578888917830611,0.70045166225258,0.519754381350824,0.730489205370172,0.766765071864487,0.68115372026347,0.52314541435529,0.676270703795175,0.632776713961017,0.645445351764305,0.535877420694853,0.732475873655241,0.708531059830202,0.696889956562753,0.599138971499501,0.6974388091481,0.543438526483567,0.547926730309828,0.763369753374128,0.533822714205762,0.573117329462009,0.553792913569586,0.697438909580859,0.608913028764425,0.668959155014806,0.660378196323711,0.744339821104589,0.757084424477406,0.554048759297583,0.559686931440566,0.550592736738664,0.644891243147752,0.536514156719577,0.680332168614874,0.576452578096015,0.695907906624709,0.525376092277399,0.698372987801784,0.458909045558596,0.625336867852684,0.610997010198806,0.497558493859528,0.683940942716448,0.797273159991394,0.533000198292551,0.813539061624215,0.778671452367224,0.518210903100876,0.503783524107207
"GSM254662",0.61894122051386,0.952656713042611,0.347361267166578,0.903096010544259,0.577862416360225,0.525697501717986,0.51818514303862,0.757199670933893,0.383470424985755,0.933157838779218,0.913181945515341,0.40472046038524,0.613382323830306,0.863756232370192,0.549688606330314,0.896459899390295,0.474663593616017,0.187366734117855,0.91138937468614,0.887696534143562,0.558941887111103,0.925409381843938,0.39413162268243,0.731198733850717,0.931509626183757,0.488985185372403,0.865145735596757,0.466816748739052,0.902895706652682,0.695392569344873,0.948614985527097,0.707360237856102,0.482863825481905,0.879010272299311,0.575798048476282,0.919142733356389,0.577212570734424,1,0.34170036053021,0.458622143968475,0.902958240665335,0.499853996983665,0.876526468501294,0.390069549439218,0.961639233130272,0.525648055091659,0.951327448087415,0.371234194563532,0.95330350227825,0.475569805784497,0.435234398279435,0.919201013059941,0.863245993940318,0.263747977346821,0.932940844734357,0.466238794456259,0.863250013426502,0.281289226103539,0.92037969718016,0.465393723479998,0.905941518580972,0.499923839687597,0.50870758925682,0.322601835943741,0.918809153297051,0.342180427295014,0.895865467166939,0.334403606490585,0.933590089576098,0.73556947645878,0.837941497564712,0.384216194143806,0.26528578583746,0.458041384048883,0.942295750710471,0.299745082252955,0.514634619431769,0.931796512190162,0.89235530849356,0.450023800870727,0.501513573986993,0.883708455353653,0.423704950777803,0.916889214939854,0.558790118958779,0.815505551308019,0.889278707441395,0.85226540167752,0.926684887891901,0.472565580658654,0.940256973232313,0.417727418382519,0.915965183175126,0.484880426504755,0.932735696487609,0.495400297420309,0.293108334181412,0.407881656487623,0.636544282692763,0.38150003481894,0.897034106356556,0.7021813097059,0.935302528796984,0.45507469040304,0.720583421425869,0.931814439056987,0.936731146609765
"GSM254663",0.637526854527066,0.282542494236688,0.758966117506182,0.255104630795732,0.55095962417689,0.66496160427223,0.665197651558623,0.577765114247901,0.735682798629165,0.40601083283506,0.366837995393503,0.751953102476385,0.658849608839706,0.40131491951939,0.690650664484085,0.307118924129304,0.746193554649783,0.604604662370378,0.260895085385999,0.282526800114837,0.675137438384078,0.26587133016125,0.713505214571532,0.544660738063325,0.242074581568821,0.6987516311601,0.309211261667505,0.645160308824734,0.216581794588176,0.620425685682717,0.274924130451714,0.521148354364824,0.6794909101414,0.219104441919552,0.70359711721183,0.296083654756549,0.682750845463937,0.34170036053021,1,0.720588130225397,0.340557178732354,0.702586706266185,0.43137144821595,0.688393972355196,0.302415317249625,0.677818550750033,0.333295689264105,0.64571661012273,0.290123123443374,0.732184698945264,0.752562675672242,0.369381200352863,0.414900309979426,0.624824257936646,0.352238291132989,0.765164278562711,0.267678966812007,0.648638259811364,0.349448380784877,0.638687344708244,0.304360135898091,0.629607515795927,0.744098204085537,0.771022525832799,0.310628392555153,0.671089296305945,0.351489201267369,0.719212754452722,0.271480679920419,0.574382468753426,0.474579546401899,0.717182156624197,0.731249785123797,0.628043222201505,0.280485847445681,0.585048596888307,0.653741041561959,0.274048381841025,0.394378212712765,0.608612376353834,0.657702260328305,0.372179291300318,0.723833476180046,0.414634072875934,0.706425182490001,0.514783524358133,0.315572137088592,0.366644429986795,0.301164855861272,0.619074408300092,0.303938391871762,0.574966753606756,0.363365610061555,0.689380191448497,0.237680100843892,0.653467342576209,0.574128698779313,0.636537128166671,0.51141902256704,0.577930111307506,0.412193608108883,0.636986360627128,0.290712606977112,0.660825815181799,0.683272179682528,0.281004065244488,0.281826181158843
"GSM254664",0.763173882491105,0.433577816058758,0.680492332797109,0.436149104716576,0.616944679767989,0.658021664948891,0.834487220867437,0.648364678902814,0.756150582932404,0.513710296825111,0.489962918109733,0.741901726718834,0.770113028105848,0.501998588696924,0.669829261373232,0.461997297187129,0.762443063594998,0.49604415255937,0.417432801164708,0.456865508981736,0.665891075403803,0.410227544002294,0.705283509699915,0.646815588156455,0.39608082594208,0.732833274348659,0.477279136186932,0.655535194534077,0.400457635188342,0.688174876627603,0.434804399125394,0.617185018738901,0.697553002122783,0.392618478199627,0.757304833172714,0.428317404421607,0.662932316434841,0.458622143968475,0.720588130225397,1,0.445771547243252,0.684796822462914,0.55181303508939,0.785993594640034,0.427346306143154,0.705426362238554,0.47498267251515,0.584670300517209,0.447125945604537,0.777672425455277,0.712903742954638,0.500170763005669,0.559104643448553,0.60284691758307,0.49044618253727,0.810583211050001,0.405759542993217,0.60019568286535,0.487347592614697,0.691965663440358,0.454079656524755,0.733115486780223,0.77677109319287,0.748688298155524,0.436963046127958,0.71220435311098,0.476898951156005,0.640124168010351,0.415895141066749,0.654095540184688,0.590040968255432,0.695193265764716,0.584196814010653,0.64755110126904,0.429837697503875,0.589718306272467,0.714109969772375,0.426531371408587,0.502467307997329,0.610061028836731,0.60470870289613,0.521979463853004,0.689472100213425,0.522070608571244,0.72622703788992,0.581635898138905,0.481533821094086,0.511353071029934,0.455183131209215,0.653294556452956,0.434339218098645,0.626240302004632,0.508104541005743,0.634285087676094,0.40388584135139,0.660962856762881,0.54516081278994,0.635097974502905,0.560469598089221,0.57701383940373,0.505852954446267,0.691857653893844,0.454267406847272,0.668694373768606,0.734940273008565,0.446333744576987,0.440986936633547
"GSM254665",0.558832062987342,0.923912698125825,0.341950094052055,0.881619464435877,0.631768028624308,0.488734666965187,0.492002091691602,0.758705825680812,0.347919424440132,0.905920373178477,0.882176819406951,0.406969362697403,0.632472757164662,0.891480887387697,0.535475428158264,0.903188153719441,0.475163049749157,0.165272915483254,0.914419464927887,0.848133569126763,0.568352571996223,0.909929565722321,0.351573181174549,0.767770486332067,0.915949407839551,0.490967448200236,0.876788885180181,0.48650732374378,0.900988810445762,0.737839884161651,0.915597474823227,0.683587642859994,0.435734626595003,0.894747685354201,0.576800542438973,0.923305733087536,0.610351472695319,0.902958240665335,0.340557178732354,0.445771547243252,1,0.436399554902425,0.825950356672639,0.341921131206621,0.923161694948694,0.510457148148869,0.914850126496827,0.364531659399018,0.903334316274882,0.443154372964253,0.39531045042621,0.914737518812617,0.813053804476679,0.20659051629537,0.890942855174557,0.470334338359132,0.876097007081601,0.173705780430131,0.878948778879194,0.418575153352355,0.92780659922344,0.495222168174856,0.4998577703698,0.277269681671534,0.89298975453997,0.280466127213291,0.925820234538021,0.319477870130179,0.931214444686235,0.762755569607579,0.837168540626369,0.327741287016931,0.215540082452956,0.399590274697775,0.914650599946072,0.260827219390132,0.548575897594498,0.899463190442703,0.852367257777977,0.419219290362674,0.480831056691435,0.85453793409805,0.385833406105368,0.868754019590826,0.54849448677,0.754556557223408,0.900177352282103,0.868017114577893,0.910450535673526,0.446791906244905,0.906526725591671,0.365722213474469,0.874236823631025,0.471938806835145,0.917314381669298,0.459999433421336,0.291832242381382,0.344717290175857,0.52568923955889,0.376345190838945,0.864909957810659,0.701790982784225,0.885713592553222,0.435546188543286,0.697046507434877,0.895116885299479,0.904108901122848
"GSM254666",0.760653247276354,0.439581267409927,0.662203789623075,0.404016755926546,0.669214025330613,0.759196026108745,0.740342766718986,0.63626307090929,0.730704221716341,0.572998220191406,0.550944243481277,0.716642267862706,0.659364916257283,0.515187921258351,0.770510429487248,0.476840545189196,0.805298955786252,0.520773902506213,0.355210101696999,0.475339389670071,0.738886694627104,0.410397468811534,0.615368961465248,0.645216684275538,0.449772617842331,0.672530125762105,0.495484192996205,0.71160897045612,0.396828739131309,0.620703756401317,0.441300080264281,0.729830638137288,0.802165175967496,0.358287654467256,0.764821321548883,0.408225627573348,0.78352081415895,0.499853996983665,0.702586706266185,0.684796822462914,0.436399554902425,1,0.624531596523794,0.744868775072666,0.45753233498579,0.761257600838946,0.513078857182963,0.595872164788175,0.42588769545875,0.737718252835219,0.759956070169511,0.486840044194522,0.619622894753468,0.660200485915234,0.533533548155267,0.748415765673358,0.388921929030133,0.706135928404792,0.51403653332206,0.783970304563704,0.405495362381245,0.769327161572226,0.782525510625881,0.786687999659771,0.423597302217177,0.750964254222741,0.505009394736727,0.687871012444036,0.424145592479422,0.612657017798712,0.642576201499374,0.768866353511468,0.635948597502445,0.732550150306538,0.451649733401568,0.577884630039419,0.681054494214257,0.439072470511702,0.516217438398012,0.589195872904315,0.666020661854304,0.588371038134432,0.720404824504556,0.576935769744231,0.701048156424613,0.724685959988755,0.452226703176122,0.470196941425111,0.440108630766241,0.599272531754766,0.448718872307158,0.797887977044066,0.538717694420296,0.681885923637493,0.393038989029446,0.680974900149329,0.437416948792236,0.713557629719578,0.632130421833045,0.446409810787112,0.638741744573058,0.681100313416778,0.479998531502484,0.776530851747419,0.773773441629924,0.47055422884828,0.438736970468747
"GSM254667",0.694498400866086,0.847913693247937,0.426952648337033,0.843714262888352,0.638781135221805,0.624730116236994,0.61320606035232,0.768323984051167,0.467632207639995,0.911852654208477,0.874775182685897,0.510957596851428,0.664756708786233,0.844313311318357,0.614424459823473,0.865603793701367,0.598699889481674,0.285266853015385,0.790203086928104,0.862010217630794,0.67664515457815,0.838364020237267,0.475140096617462,0.75016933583982,0.861143618056472,0.566611872707478,0.890751057800904,0.539523931951177,0.835010897354735,0.697463835200846,0.867330488640353,0.79260023858082,0.58632382189231,0.815306076739623,0.650902737698652,0.853379203693434,0.670346336681854,0.876526468501294,0.43137144821595,0.55181303508939,0.825950356672639,0.624531596523794,1,0.487794388095139,0.848808902310636,0.658953476955548,0.883871609704065,0.412987462640055,0.852260601075243,0.584532373397013,0.531787079240724,0.909674210408794,0.873699644582222,0.394800049339745,0.932292017175374,0.552023986599106,0.832488643733654,0.42171143172465,0.926917818034838,0.612956794910017,0.828852593092605,0.589886157001104,0.609026415311815,0.456771331477692,0.850679642682563,0.503980460407168,0.896397446117998,0.416243136959733,0.853033288104764,0.700294295525138,0.890129041290792,0.473380983343213,0.359955319722412,0.606335630706373,0.832276196686959,0.382129660665709,0.533025510322101,0.850889098965033,0.854195893696365,0.53049378972214,0.614749931662188,0.917132391414662,0.459578560914939,0.927559732267088,0.610699749098841,0.878111105679683,0.874797967865935,0.80911044723374,0.860099381020602,0.499593970804248,0.837460388570705,0.50330738107662,0.88099068759636,0.489615480623571,0.831354890815963,0.636448056631777,0.320104558377986,0.520630339708404,0.642201687176619,0.438223022489297,0.911722696486438,0.707283343141202,0.866935112521822,0.544319098441406,0.781769598834594,0.894404276858117,0.845223810340293
"GSM254668",0.79583509268751,0.321976751904453,0.656445922168982,0.289038546060583,0.614274083155576,0.637961435157792,0.813807001642928,0.605596328739802,0.796678756252907,0.429220059396216,0.437984886316788,0.742615833347637,0.748868372368368,0.435598142906731,0.656385194239817,0.358586097623223,0.738672999466601,0.468212210266867,0.299422102530791,0.340527233165182,0.627724918407704,0.316596161152297,0.720186270813229,0.582654723701392,0.323794900877726,0.687101742281128,0.379426321769602,0.680392717108914,0.298325920792873,0.607560866289202,0.334067832588812,0.596347161231379,0.764707736005579,0.277457229211394,0.77276661268714,0.310790736882193,0.694999513188493,0.390069549439218,0.688393972355196,0.785993594640034,0.341921131206621,0.744868775072666,0.487794388095139,1,0.347010682402702,0.709651117883324,0.38633200458075,0.592557223131773,0.338709061427235,0.773289302490284,0.690878925756217,0.393183053209459,0.48346759479608,0.635901510090373,0.39826240837683,0.812331227493756,0.29416108341324,0.678124707318342,0.376818247672931,0.680338688896489,0.305095808656111,0.774672618569405,0.75767469435826,0.800929819157758,0.342817771476191,0.792604065304544,0.390030135319308,0.684366181031989,0.333004674608318,0.606360418165588,0.519067220926361,0.788633178175401,0.601302543868494,0.627886479877182,0.360235490488581,0.615500649761419,0.73401064714122,0.335289476947441,0.399638057882471,0.578976862520526,0.610996683903559,0.445890718487578,0.735525701942136,0.470359594888967,0.690842181794076,0.581250392210994,0.383557127323378,0.378809887799218,0.345954166864953,0.660503160581298,0.327786921013308,0.736407953121,0.412943376674252,0.64243640100981,0.311183466486003,0.698433877260621,0.492692335351672,0.573371405967292,0.621496812624988,0.546991110015246,0.461648070711348,0.679084723214289,0.371874782888433,0.764700672509707,0.694155531823392,0.356725258876226,0.340104339693457
"GSM254669",0.588278273076682,0.960557531178141,0.332759346704186,0.909970356501548,0.554020348637305,0.490182484325066,0.486475729751603,0.735005940998717,0.331869024719423,0.918938979193289,0.899355422618655,0.356017888609319,0.576428161311069,0.852798811015777,0.521955880808624,0.901233274596919,0.439369663366215,0.159120545076754,0.93677074990526,0.881761800567969,0.542014805614433,0.9301498573235,0.353734675532381,0.707402158979155,0.920728650489471,0.474442192722306,0.865585267207481,0.449668189216782,0.90805732508086,0.666165384915233,0.953478359552705,0.677558398140195,0.445675184563011,0.888686813303894,0.543671344267917,0.909361259964609,0.549366437415419,0.961639233130272,0.302415317249625,0.427346306143154,0.923161694948694,0.45753233498579,0.848808902310636,0.347010682402702,1,0.489242814710376,0.950538880786453,0.338808833441869,0.955722937187176,0.430933154952842,0.396189457669311,0.920392859144272,0.840002398176346,0.218074724969632,0.914395906337262,0.429093434684783,0.868662655269041,0.212147836552776,0.89489602674663,0.437805217940902,0.914890585475136,0.466106995635085,0.478402336002141,0.276817614701449,0.9085779323493,0.293658971398983,0.891934561150721,0.293237503153812,0.952511266900788,0.7202778924586,0.819854491472502,0.354285887750424,0.230083288509341,0.427601572351316,0.949982373121877,0.249467598787041,0.49627868320612,0.931424392640636,0.872257691797403,0.40895173318761,0.465018346772468,0.883967757549394,0.391474030147979,0.906270758104541,0.507914235898199,0.781473919071011,0.894045869943263,0.850916368881449,0.919498213311508,0.42353401353778,0.94251993770504,0.387826632167263,0.916526637947395,0.456890745471305,0.936337008164683,0.444902831622538,0.248753730515142,0.391960255455782,0.588023339765079,0.33343581799416,0.88360085568728,0.685295460579468,0.928297343945576,0.410875144214999,0.702716312690831,0.936358330114439,0.93985265010493
"GSM254670",0.755822419414522,0.458198357490628,0.66016635384005,0.418090287779879,0.694585397398577,0.750018298531469,0.707904889307746,0.68161867893608,0.700301914200826,0.602066728956775,0.590973845301564,0.766798045958677,0.720485243667648,0.630998405117546,0.816922950660876,0.50251262889362,0.771172315337011,0.486473203960772,0.406317878836571,0.463756655765562,0.794750514202307,0.441820522055793,0.707976344422842,0.661523060968466,0.461461867622136,0.643223631216943,0.531420906703149,0.735957416644116,0.434160252397435,0.666528600900196,0.474626479773353,0.803889582900693,0.773049782503251,0.400986023639932,0.780843729641613,0.461452368996955,0.824310356934712,0.525648055091659,0.677818550750033,0.705426362238554,0.510457148148869,0.761257600838946,0.658953476955548,0.709651117883324,0.489242814710376,1,0.553638066787385,0.601067027868927,0.468140615363747,0.801674832128502,0.715622904097323,0.55780485179319,0.609629880072252,0.660863815076318,0.571358191521152,0.71656525668136,0.39158605507745,0.682013736890133,0.555327781449393,0.745912195666049,0.466774762103221,0.733136436004203,0.786767272329899,0.735670208138035,0.468642213040772,0.706648765839861,0.573391174344205,0.633384601204066,0.461520308721581,0.668480941934852,0.667630795653405,0.749577968437154,0.632711774428768,0.749909406028418,0.485305843058809,0.626726513737237,0.680507558905209,0.471485587801105,0.548335847072226,0.625449945091788,0.749729642879742,0.594694922120586,0.677914056790234,0.619525938066087,0.707744483961397,0.694161183693885,0.513608679054895,0.506359992383768,0.489949000673285,0.686696726751074,0.470534655997744,0.662605875721356,0.552129461608031,0.639681094531637,0.447109244741246,0.767503514181273,0.518353607886018,0.654749623275605,0.637109350910326,0.586140864592426,0.661587280629655,0.742731875104786,0.492326249897222,0.772071355418196,0.775163435931127,0.492756164973352,0.478383284008818
"GSM254671",0.630226904720206,0.949016734920449,0.348486811002056,0.927412696968439,0.590844128110471,0.554038298190024,0.527501739329928,0.763257572873132,0.37456308850258,0.93548497176729,0.908511179649012,0.400410912548785,0.642960588755741,0.874778207733082,0.574972987138436,0.93258101575553,0.512890460267168,0.177134723449681,0.913602190400911,0.902793350364731,0.589787504255016,0.918025843400524,0.384712654329609,0.76582911766978,0.934980720694327,0.504455554340415,0.898602972246054,0.475039549414998,0.928094524295018,0.729911072123914,0.95984258304238,0.72381154687705,0.476392264881297,0.900341810809016,0.586790220529477,0.935019118911451,0.58341691228346,0.951327448087415,0.333295689264105,0.47498267251515,0.914850126496827,0.513078857182963,0.883871609704065,0.38633200458075,0.950538880786453,0.553638066787385,1,0.365961933618946,0.939742233915613,0.490370590791579,0.455907631739245,0.940140962040713,0.893866966695033,0.282498973926515,0.94777429666782,0.467332417508693,0.873655827100599,0.275680125623962,0.927291071545672,0.502695096250059,0.916543212498928,0.521778011326378,0.52673017469708,0.342352836795397,0.902836809975257,0.347710302133662,0.90735771305877,0.32058180305656,0.939128213533774,0.762829071656203,0.866955598967196,0.381084207174354,0.250140807819977,0.46669423207852,0.952299284108281,0.302978604511448,0.537289274615106,0.933802140508433,0.906241199611902,0.485077443076007,0.497326939866378,0.90676026940539,0.416707302724691,0.919488068621754,0.562100829460844,0.806336992080877,0.922006157186939,0.884963158440616,0.939895757129659,0.480391565325746,0.930100649877614,0.419699777126675,0.943658404294992,0.501204157967868,0.935035104865671,0.511367152230441,0.319668325521559,0.421143894831698,0.602297651555626,0.378898272879129,0.915847255316474,0.717883172151134,0.944586333805607,0.443629274035323,0.746634625356696,0.950563041721693,0.948072652920561
"GSM254672",0.554709091254248,0.304557049434698,0.704917352937894,0.247574844731754,0.52226733335027,0.654445609142179,0.65786105980992,0.542712991934896,0.670103826578858,0.424494775466485,0.471241665234902,0.690293865925522,0.649990451599212,0.471528389584167,0.646890012471511,0.335933700446859,0.576734386642458,0.632151288450802,0.290355149087904,0.292888239116924,0.566285472283796,0.274295491579914,0.690495954916761,0.519578628297817,0.308694627363654,0.678123361605686,0.322585667413536,0.549733779312093,0.275354089628887,0.546488642715653,0.309464440942014,0.57646405947513,0.670606696052805,0.251150132615325,0.653418654912289,0.320402422801542,0.632120606601347,0.371234194563532,0.64571661012273,0.584670300517209,0.364531659399018,0.595872164788175,0.412987462640055,0.592557223131773,0.338808833441869,0.601067027868927,0.365961933618946,1,0.306487880431658,0.575963413811527,0.700206625810892,0.338375178908416,0.458881487164853,0.642456972729255,0.396282914778167,0.648804521121829,0.256595908220117,0.572963335517903,0.313083206894838,0.677545103306206,0.307967564578742,0.595778548313375,0.683396928425627,0.622463073430738,0.288690433220878,0.588761479987229,0.393150507473785,0.667642022149439,0.323212311688246,0.570321426772119,0.494035643192678,0.660915740477446,0.649605698453921,0.687822490685656,0.323195140069507,0.774652503827871,0.570701010377352,0.327719823041376,0.427456693046064,0.584079680032024,0.602776190749766,0.368669202151037,0.588536508440494,0.425264626130493,0.581572545197329,0.50014605170805,0.342946578292457,0.369475653818138,0.339840447384819,0.571704780001923,0.358754222812903,0.54571277795377,0.376027653104944,0.643180323789787,0.310764070259076,0.557991822317125,0.604571444983589,0.645082316987506,0.565195473660729,0.634308626173557,0.441882953631967,0.566307971799997,0.309170050140586,0.640754839832429,0.572409701614736,0.304673865021963,0.313230754586035
"GSM254673",0.583093138332226,0.963757438267141,0.308211801226826,0.930175330701255,0.546246626567584,0.465385310298298,0.470376111200202,0.726869224811856,0.311860322601171,0.903501819661805,0.886723712666336,0.329370060069801,0.579839111278362,0.837328836352685,0.481936130726987,0.908744806498191,0.43018463857652,0.135172900996415,0.939117974804346,0.901846995854677,0.521142498997332,0.924031319369367,0.351866923910931,0.704943634684512,0.909723867366119,0.461902811621797,0.854899047435351,0.400718143049762,0.917573703276179,0.67896749996669,0.958748236186345,0.670412029416156,0.423390319715465,0.905108511956674,0.539906697624808,0.930035196388849,0.516361242787565,0.95330350227825,0.290123123443374,0.447125945604537,0.903334316274882,0.42588769545875,0.852260601075243,0.338709061427235,0.955722937187176,0.468140615363747,0.939742233915613,0.306487880431658,1,0.449495168998169,0.383805608125026,0.924220695296975,0.849824485722508,0.202208990687128,0.910619080261864,0.406882474288399,0.881491584396029,0.201511343286727,0.896726559770449,0.410715933862974,0.929539125790367,0.464571958098986,0.456802159677733,0.261800971915743,0.915836535478831,0.27487661095224,0.883369075617544,0.277857933780173,0.945796912234414,0.71617578907341,0.819524439602182,0.322277508049537,0.203618981742203,0.407554235177919,0.941003922231908,0.231289361181626,0.492020503095426,0.940454005375485,0.889309194666324,0.411478533742872,0.441780281673188,0.865426036173077,0.363612396919742,0.905388729219829,0.52205436189809,0.757169798345284,0.902947602834739,0.88092674281212,0.930853771926242,0.421579116614698,0.942614571836553,0.358659249102771,0.929134806117832,0.433618053262133,0.947092787685001,0.456717018200474,0.266420041917342,0.36553353863832,0.588670749428865,0.35300040350736,0.857517355994779,0.678467317320458,0.936404269257858,0.395034749657773,0.699328643543872,0.941472179477739,0.944357262183018
"GSM254674",0.801051047800488,0.410034977234562,0.698723147149067,0.391612386015025,0.691283748679369,0.728368508815107,0.74929292426049,0.635872608506925,0.797681243366069,0.526668984420967,0.52114430907058,0.792660380038609,0.769775104666968,0.548827541858538,0.796796978362085,0.462555853036931,0.766868540485942,0.530086956754008,0.372527215977255,0.439837237728428,0.732188445072553,0.401047543027688,0.744476463672962,0.632902639972929,0.391033210806708,0.711304352114772,0.479989387746585,0.747790948036493,0.378545599171603,0.666584741900946,0.429534796306584,0.71482146204093,0.764591720413498,0.375708103459365,0.831581644170087,0.430638715395892,0.736509885244912,0.475569805784497,0.732184698945264,0.777672425455277,0.443154372964253,0.737718252835219,0.584532373397013,0.773289302490284,0.430933154952842,0.801674832128502,0.490370590791579,0.575963413811527,0.449495168998169,1,0.749023973267576,0.509906554889504,0.569597092910808,0.643713047718428,0.498680218188285,0.818619716709087,0.377131704568325,0.70381303553849,0.493374315236305,0.711216760263392,0.434253059798448,0.780839719884524,0.803867831819985,0.801399728032404,0.416253303270773,0.755788839556737,0.49383899342599,0.667927017010939,0.410962384034537,0.685589643419094,0.601879903644069,0.796732647145567,0.638088136101642,0.731031195054845,0.424397509345909,0.589727286029894,0.742452242282391,0.423130208995272,0.512817970960895,0.650425365801221,0.697170888607686,0.520157571889854,0.756120374999949,0.557143014287193,0.714379112848867,0.607534972894622,0.482594514208413,0.485354734362574,0.44818738063286,0.701801871572758,0.438851473008558,0.691375360828957,0.505759827818764,0.691572560815263,0.392805885486028,0.748870578303127,0.544116527723207,0.623238512780042,0.63156434374767,0.596614981837434,0.560079584525619,0.748199738710344,0.458099912414977,0.73374022420257,0.801877140095137,0.448429251090766,0.435189392856147
"GSM254675",0.688490604607709,0.383308676361109,0.693784773512371,0.368699714704668,0.579093896755696,0.721211729183937,0.694949639678781,0.627204122481213,0.73255377181981,0.48639824879777,0.508540627493784,0.757155062456114,0.73190977351343,0.507321069003474,0.728178780850241,0.433917089457542,0.750167367896298,0.520684936582583,0.325676952042835,0.430805803020672,0.665217405220525,0.369406672229744,0.724557113295991,0.644620482594665,0.36666396074052,0.747471940579107,0.463413068046062,0.650275796460556,0.359685558629318,0.637606606667822,0.384637991884382,0.678440523918177,0.761029553093146,0.326812814248944,0.755837060805338,0.373530149622107,0.683910788004502,0.435234398279435,0.752562675672242,0.712903742954638,0.39531045042621,0.759956070169511,0.531787079240724,0.690878925756217,0.396189457669311,0.715622904097323,0.455907631739245,0.700206625810892,0.383805608125026,0.749023973267576,1,0.482277082623163,0.570739106544189,0.710689147800087,0.490978004063979,0.744465164119509,0.330322167130185,0.687243600928377,0.455120667021036,0.69207945921254,0.39000876985257,0.738825562913127,0.808123721869372,0.729291960695822,0.38447452466831,0.694718422886775,0.473369688256716,0.754608647062872,0.378999861207062,0.64221622351507,0.575132688245037,0.751550537462416,0.65672133336097,0.732062331658304,0.396269430362023,0.738820914091061,0.659263573897252,0.393212998668931,0.54306038566284,0.72448725847572,0.684947716740113,0.49920649101986,0.721204790208727,0.525190041519717,0.715165534470486,0.594590702437413,0.452120250828362,0.43546058279353,0.425260949234763,0.688967893257159,0.394438556437353,0.692562315689215,0.477994002601289,0.713567625334562,0.358916190422573,0.710281363113828,0.624901512948092,0.65592007286918,0.645507931639142,0.673421186609008,0.538302157486334,0.712592632734564,0.431406440180917,0.686768233803697,0.726364753341212,0.427285693202874,0.41569480638222
"GSM254676",0.630342562417239,0.928365479155891,0.344926093640014,0.934703084614529,0.573313905994654,0.523043648419994,0.52850173813493,0.777691825713148,0.371595195176869,0.920252911973805,0.879328793107247,0.415320798734966,0.668614499526427,0.88378994764499,0.521895137169591,0.926208580462758,0.524894187519305,0.151786910587022,0.897909965460267,0.917294663847699,0.598006923709116,0.908316192166051,0.413560203257457,0.75160057766816,0.903558139582242,0.517673189625705,0.914549242263825,0.476221104614047,0.908397772485796,0.735368204577606,0.936369169950508,0.709212294748954,0.461795389034957,0.90733686564841,0.58758142030135,0.928004257110974,0.570863392714084,0.919201013059941,0.369381200352863,0.500170763005669,0.914737518812617,0.486840044194522,0.909674210408794,0.393183053209459,0.920392859144272,0.55780485179319,0.940140962040713,0.338375178908416,0.924220695296975,0.509906554889504,0.482277082623163,1,0.888321435487277,0.279632332461146,0.948689138650425,0.480746498140871,0.88467199334495,0.259950494064399,0.949719534777739,0.482997491917852,0.930097067863283,0.521725737739294,0.52926063064844,0.337909153333476,0.926398548368853,0.353664297301339,0.938150779036813,0.327235717858261,0.928709711450136,0.753019001111612,0.863373915177727,0.365497762396123,0.223100003963802,0.453593092482357,0.922479148785367,0.299549077271582,0.517045821187578,0.9129542111759,0.909103441555684,0.499258948199435,0.516227067080336,0.906761762247705,0.409401323342133,0.91103588388323,0.572036862713454,0.789870885370245,0.932685678326147,0.872695277764764,0.941915950268569,0.478017096037594,0.903708890053297,0.392583732144381,0.924292836865592,0.481347500064055,0.910225811896644,0.532223652784692,0.334631065797304,0.383685948951828,0.59221077839021,0.42595969993237,0.895899508549573,0.716480770915721,0.93284313948208,0.430959391031471,0.754067165168129,0.9546691031463,0.941185696913181
"GSM254677",0.701932334563558,0.863160277830993,0.415735839515713,0.888450064792223,0.612855324898627,0.643601174488458,0.606631670658875,0.808563664788584,0.456968463934561,0.897997417856737,0.843665117897145,0.492479365537216,0.669996080144957,0.784940466014013,0.606135567327297,0.907306863459704,0.610184652568616,0.24074890996701,0.806621543340906,0.905654124943038,0.669936364533683,0.842159471759839,0.457956752651331,0.763473313791121,0.866170761155418,0.570008898738986,0.87555894192228,0.524716637037368,0.859351722148032,0.737231892903519,0.871320179521666,0.763353654432506,0.573472808105638,0.836781321860832,0.673391987820826,0.856701467151234,0.619721121990412,0.863245993940318,0.414900309979426,0.559104643448553,0.813053804476679,0.619622894753468,0.873699644582222,0.48346759479608,0.840002398176346,0.609629880072252,0.893866966695033,0.458881487164853,0.849824485722508,0.569597092910808,0.570739106544189,0.888321435487277,1,0.397259291842734,0.909695540629978,0.552021329145106,0.830062984077237,0.374450991152944,0.865302327784703,0.608462839486149,0.84915948256837,0.614518102646247,0.595973137437352,0.444884132043019,0.836017501610869,0.437793048734039,0.861850416326121,0.432933304009311,0.864448257077162,0.770632559351527,0.898184433705553,0.452925407482578,0.315855650864898,0.539291293175912,0.87870532511396,0.39613965692261,0.557494394723296,0.865536730184989,0.896702605175657,0.562484957391336,0.545844514438238,0.894186802101723,0.482099029362063,0.881332048795777,0.612044032362575,0.832136691782786,0.883768381290704,0.866437321889747,0.897094252823731,0.53945706408991,0.847752436755091,0.520147742871875,0.925687727827754,0.567640194936449,0.842069945391567,0.585323064207733,0.419970049857604,0.490098721153445,0.684555715479607,0.442379240270325,0.901990958739499,0.739887799451059,0.901820279672591,0.528183542119628,0.789056595060544,0.897045828886749,0.894843340548065
"GSM254678",0.533767579568225,0.198421593564069,0.576196642805529,0.177547102053556,0.449903587780382,0.599519256103839,0.601226715293263,0.450662730596657,0.643298336069452,0.331760974748213,0.327542851122458,0.721866725677968,0.565903672960823,0.33284551175497,0.593906523119928,0.247421582162951,0.644004537094315,0.532395648999245,0.139162935557529,0.245263622266082,0.63555272254337,0.170249454140428,0.622968942134238,0.445437198547534,0.199523564723154,0.578262923866811,0.278993694059288,0.580731917978205,0.155048308571858,0.391417723948455,0.203732468649502,0.545986391138652,0.707763745036382,0.121078301730551,0.59955694597765,0.19870835280905,0.56637660477943,0.263747977346821,0.624824257936646,0.60284691758307,0.20659051629537,0.660200485915234,0.394800049339745,0.635901510090373,0.218074724969632,0.660863815076318,0.282498973926515,0.642456972729255,0.202208990687128,0.643713047718428,0.710689147800087,0.279632332461146,0.397259291842734,1,0.312730616481045,0.628925044902826,0.173362698178532,0.668297577169013,0.27512230701424,0.676639495561494,0.193059965074193,0.592829942669986,0.723487447982538,0.729034512787225,0.205470739283232,0.704383601467471,0.283297721652067,0.597311112481851,0.19623456224861,0.409219719111258,0.393923030806377,0.748682015326513,0.574917753670768,0.659600056553675,0.206982523728568,0.666548582019764,0.544241264009259,0.210850680245452,0.349882750742137,0.699828166885091,0.651196180047286,0.333748271627974,0.679577474531816,0.34631196018137,0.502962104805232,0.438461022127367,0.248668827070515,0.263663103588795,0.222372896102384,0.676704006212303,0.240225056823458,0.607324117273191,0.297607587402055,0.521661501899608,0.168290318892968,0.62074689407139,0.570127721534522,0.570722634773612,0.529928177413153,0.624393190699942,0.382803753464118,0.50806209464561,0.234540033375141,0.592898209372144,0.556948299677916,0.238986338123027,0.207194145697776
"GSM254679",0.637008355303834,0.91912584111677,0.355963216526287,0.919708356779482,0.604066238852163,0.556440231440776,0.541943101032974,0.766561474614402,0.394651701140263,0.936570496613763,0.91361201943946,0.437044149897095,0.653036825009135,0.868820490473929,0.557490926416542,0.919423649902167,0.532076211114073,0.184756671463984,0.875214461807604,0.915619206483763,0.604563682031451,0.905142551859044,0.408067707982416,0.767180091275417,0.92320521513963,0.519964738297486,0.91045681419518,0.47503839151905,0.911383973528748,0.718084720980806,0.92951683845542,0.745544258576929,0.493324756653744,0.886310903475066,0.600342698832002,0.92680153747233,0.597683809248578,0.932940844734357,0.352238291132989,0.49044618253727,0.890942855174557,0.533533548155267,0.932292017175374,0.39826240837683,0.914395906337262,0.571358191521152,0.94777429666782,0.396282914778167,0.910619080261864,0.498680218188285,0.490978004063979,0.948689138650425,0.909695540629978,0.312730616481045,1,0.480843528227763,0.872781588604423,0.299430440360821,0.938235785790359,0.518951247086525,0.905653718204523,0.546943793316785,0.524091182896029,0.337024116628738,0.897583427344433,0.387953687753854,0.91786969424577,0.337512923819274,0.918952921829745,0.752155883198203,0.868812613148182,0.38566581819756,0.247932553459395,0.488668061643062,0.908600619881339,0.355599428357324,0.524465055773828,0.919907343627197,0.914121152194975,0.515669050293277,0.519955161188331,0.916100968792934,0.410749777847375,0.931270114001567,0.570421280030419,0.821175484130914,0.925719035491654,0.859696184042351,0.936541074408915,0.479651083854112,0.916826761769668,0.435532732138623,0.916483794914746,0.487363977048972,0.907250981640955,0.549690236279109,0.321358865321195,0.415687882552115,0.634472194689477,0.422028550690469,0.919259635676364,0.706755761406627,0.928780658624918,0.462264142497653,0.757008629364799,0.951720181034596,0.929858583431591
"GSM254680",0.792168803874698,0.39852102002264,0.68076172417331,0.377109177457682,0.675802338399032,0.693866277947254,0.81509097848766,0.670327897953318,0.834113942751222,0.538107194212533,0.513298814778986,0.823614438991795,0.81149148268102,0.530703175434832,0.757127095859501,0.463192883235948,0.777756444996286,0.522537483131783,0.381787392779265,0.404835124466572,0.681338100300744,0.402325869685452,0.696758686849011,0.665749983127353,0.421896480312395,0.790777438168486,0.489570606964265,0.745020418232456,0.388416158537369,0.717242082633684,0.401722686915995,0.660217044015703,0.742546133310331,0.387320366834669,0.85075813427464,0.441175613920572,0.760199800917154,0.466238794456259,0.765164278562711,0.810583211050001,0.470334338359132,0.748415765673358,0.552023986599106,0.812331227493756,0.429093434684783,0.71656525668136,0.467332417508693,0.648804521121829,0.406882474288399,0.818619716709087,0.744465164119509,0.480746498140871,0.552021329145106,0.628925044902826,0.480843528227763,1,0.409052146873648,0.656121340049468,0.480391592769629,0.729855464007674,0.41256217180142,0.818871884883859,0.808425423192922,0.78012862910257,0.433290106564489,0.736831446395009,0.491683974871166,0.722862082907189,0.43701298525594,0.729995360987039,0.61676264711169,0.770804615665797,0.601977410343004,0.66969715308471,0.42529242290071,0.635161157970865,0.778470613324853,0.419914862749143,0.484326466875068,0.615145338371967,0.635746393262798,0.499060857829487,0.811512238719743,0.535631584309222,0.73968100849761,0.623772236291349,0.467434483076986,0.457825087940036,0.430474106763119,0.634565465698473,0.414947564432303,0.743181966113315,0.479300701089314,0.741151727485244,0.394517710340014,0.659412726381262,0.536702877234411,0.614262225519396,0.568941769294503,0.554353853139034,0.525857370234363,0.729972321422092,0.441302909787354,0.737009791522624,0.78335403209376,0.420200740455963,0.416129547211537
"GSM254681",0.547250487249874,0.893285647059777,0.21667991201684,0.921160329581175,0.540848033314428,0.427248196674526,0.404454262321057,0.679824752552243,0.262089214413504,0.853690999518636,0.817725020971999,0.303509722686087,0.529455094284367,0.752825216331277,0.395775299814178,0.924482327080424,0.401500302493772,0.0861482651960108,0.883476400284298,0.894087359797743,0.481010577628802,0.896529839715013,0.275059703964263,0.69700953671073,0.919589197820397,0.45346917482267,0.889464744332707,0.36006633172005,0.912457809734917,0.666521937308578,0.88216818997292,0.613545382189084,0.378294036273217,0.930196536890427,0.505714653352121,0.922513766458042,0.486858641366617,0.863250013426502,0.267678966812007,0.405759542993217,0.876097007081601,0.388921929030133,0.832488643733654,0.29416108341324,0.868662655269041,0.39158605507745,0.873655827100599,0.256595908220117,0.881491584396029,0.377131704568325,0.330322167130185,0.88467199334495,0.830062984077237,0.173362698178532,0.872781588604423,0.409052146873648,1,0.148567329760702,0.872221322793237,0.356828883153595,0.864500234974465,0.448361593472422,0.435825814631145,0.230804372335373,0.900252419555851,0.221016799369681,0.876302130414177,0.268290570610396,0.92559346687507,0.665411869323275,0.811758335196598,0.206685044085804,0.100955252002569,0.329865088243535,0.870078101955801,0.204325987674695,0.465556524348851,0.902725178327096,0.840581216046664,0.376969379363953,0.383844075269731,0.851250095406454,0.318139048023647,0.845606863964677,0.475868777881987,0.729398112511325,0.862805632746835,0.869506664915804,0.883687101123064,0.390409559473549,0.854847689343642,0.337535136011663,0.876058777827353,0.394002522690163,0.898529408905659,0.389050252190248,0.25330485392298,0.26192926115372,0.51657551983994,0.322141263151228,0.780453491156557,0.599056817481383,0.883676145939365,0.331550117152753,0.624842134468617,0.898716984684367,0.887079871443314
"GSM254682",0.630682735787908,0.191881500054055,0.618275637745758,0.166288310356976,0.443943362617771,0.673875161418984,0.609362290029409,0.433331746056922,0.707774443772286,0.324645998524252,0.342631708569395,0.66708377590651,0.576776082539686,0.332299628434501,0.669033316340057,0.250979322075039,0.577520104482795,0.600313193948513,0.120165037829836,0.216852118973443,0.515457844525322,0.172921236053112,0.651550294574533,0.402645886436612,0.207403025949396,0.597023619320217,0.291404816416065,0.593951558522763,0.156673216379135,0.411262092391665,0.198304382176696,0.58624474684652,0.732386515899273,0.126022164183255,0.642053552774862,0.19019866498011,0.60246357930305,0.281289226103539,0.648638259811364,0.60019568286535,0.173705780430131,0.706135928404792,0.42171143172465,0.678124707318342,0.212147836552776,0.682013736890133,0.275680125623962,0.572963335517903,0.201511343286727,0.70381303553849,0.687243600928377,0.259950494064399,0.374450991152944,0.668297577169013,0.299430440360821,0.656121340049468,0.148567329760702,1,0.32031092838625,0.682016145042319,0.153624148889503,0.64258059065645,0.69997311133862,0.789200650863655,0.210843593566691,0.691426266782028,0.269839994227054,0.691122445493759,0.186137628576908,0.433098572144766,0.390800653196223,0.787781443031028,0.662752822535843,0.710876428952129,0.207270703450606,0.630262371338496,0.501593621330895,0.212317753517695,0.279239702610667,0.456986020480077,0.554387190806124,0.3476993930322,0.636529758388204,0.378555174370107,0.580152948364431,0.493957426969371,0.234955073267589,0.205988137700309,0.198037484331852,0.539267090285893,0.21073498926411,0.74367983864794,0.309222183018642,0.661075897256,0.175211543511039,0.649881427846386,0.446298721127359,0.700036013114966,0.592381713592645,0.463221009786742,0.388598101558775,0.517823528851207,0.243763528238892,0.658439915564684,0.576519293372748,0.230032218260141,0.203933953196009
"GSM254683",0.622322030543605,0.905677287291202,0.330937251257588,0.913694745148169,0.570190725863759,0.532955580053777,0.524975317026611,0.742883742393114,0.379142400157639,0.925122968578925,0.85693819030489,0.412497237175336,0.637826763097964,0.858939900684222,0.530183275868935,0.908191529494794,0.514168685828168,0.180745063651005,0.858255969381844,0.896115872972779,0.574261081337745,0.892752811082809,0.374412814093938,0.746036044305312,0.913386880695509,0.490418705361287,0.912208559471093,0.477547024123148,0.883351664957274,0.704806985302139,0.919933967021875,0.706829629578449,0.460275077107305,0.86484913373128,0.56756106128896,0.902677954331109,0.578888917830611,0.92037969718016,0.349448380784877,0.487347592614697,0.878948778879194,0.51403653332206,0.926917818034838,0.376818247672931,0.89489602674663,0.555327781449393,0.927291071545672,0.313083206894838,0.896726559770449,0.493374315236305,0.455120667021036,0.949719534777739,0.865302327784703,0.27512230701424,0.938235785790359,0.480391592769629,0.872221322793237,0.32031092838625,1,0.487289916973787,0.890080375918724,0.508824732512011,0.515261882040843,0.353812711235094,0.922099756641533,0.373248961477444,0.920020202494149,0.327628081469318,0.89758067410197,0.706926724112457,0.856813028986302,0.365244445816396,0.233852989803667,0.47314903630331,0.894900076251117,0.289715296886452,0.491120581284291,0.888258728757918,0.879422179491253,0.456247608146714,0.517712854479559,0.914805393972492,0.399810111315953,0.906945032967152,0.579052122899719,0.828671450393042,0.890180900831964,0.834871090898448,0.907658618343195,0.452064223011604,0.875883662339752,0.419035391434139,0.910766295988798,0.464026377383702,0.891948182349308,0.529479345173737,0.27320701506995,0.406742255176512,0.592231536315179,0.373597713503681,0.880646891466959,0.679845664856925,0.91261625001523,0.432872704465879,0.727983749395514,0.923055322277197,0.904444090306884
"GSM254684",0.715934598611458,0.414517962565516,0.650715370478272,0.38632936377501,0.599894051841612,0.785980449495733,0.734710300217537,0.653119021285226,0.690140834220391,0.551545961359833,0.52430254395078,0.729236113816752,0.669277242691473,0.512670424418624,0.747581876534276,0.459782650425847,0.724931452713391,0.603554689424793,0.352572241252432,0.438476252572744,0.727842541693489,0.379913029976568,0.666689414568609,0.558240721448951,0.415958427183246,0.681555949835919,0.499256900369671,0.641107339223409,0.384366999148272,0.571178325819756,0.426845111779293,0.72491825980709,0.737172248778411,0.366393134836586,0.724451413941786,0.394264358068424,0.70045166225258,0.465393723479998,0.638687344708244,0.691965663440358,0.418575153352355,0.783970304563704,0.612956794910017,0.680338688896489,0.437805217940902,0.745912195666049,0.502695096250059,0.677545103306206,0.410715933862974,0.711216760263392,0.69207945921254,0.482997491917852,0.608462839486149,0.676639495561494,0.518951247086525,0.729855464007674,0.356828883153595,0.682016145042319,0.487289916973787,1,0.420426093586744,0.70268778131063,0.745305843025821,0.774534502653582,0.381307836688207,0.700141258837043,0.496679698255845,0.639970350875092,0.415422200851194,0.58703921041503,0.634953750174231,0.749418517861057,0.602465286206724,0.724646063375039,0.427688332241755,0.572028453258532,0.588558078126511,0.406611929144221,0.483650564028852,0.577357849478046,0.672818280708548,0.562146711855962,0.65426544521565,0.560105208508228,0.624480817588091,0.67548223464599,0.464023327484371,0.448243630402268,0.425756505843504,0.532785129113259,0.426063471201504,0.677933357133104,0.524785943629129,0.638279465754789,0.377805144172815,0.643486515392415,0.55054462157896,0.784549525263937,0.576928145747472,0.449247240885271,0.612245196755576,0.638057017092163,0.457586101064593,0.664115435394463,0.731733148960204,0.454389012520451,0.430608686871626
"GSM254685",0.558668505159439,0.940238919909457,0.293370579950517,0.929012832351311,0.551643051687426,0.454411914859979,0.467814701189563,0.769534757970481,0.312028305716174,0.898235911854385,0.837876693822675,0.349160394979213,0.619712129628881,0.85416151931759,0.467338717206132,0.899097858338887,0.448671669980786,0.113276617291163,0.939904814144952,0.899460873217754,0.539230947060384,0.896891938750522,0.345830518706208,0.707497861379828,0.879964043310932,0.460588434826664,0.849626888544904,0.401618590297859,0.881603096052245,0.687879945912017,0.933745013384828,0.65765896314153,0.3850280670581,0.895473664688095,0.513957441713938,0.922138668729172,0.519754381350824,0.905941518580972,0.304360135898091,0.454079656524755,0.92780659922344,0.405495362381245,0.828852593092605,0.305095808656111,0.914890585475136,0.466774762103221,0.916543212498928,0.307967564578742,0.929539125790367,0.434253059798448,0.39000876985257,0.930097067863283,0.84915948256837,0.193059965074193,0.905653718204523,0.41256217180142,0.864500234974465,0.153624148889503,0.890080375918724,0.420426093586744,1,0.439820568333385,0.457966621623309,0.263456913982513,0.89788362800579,0.254527713943918,0.883139591893906,0.259968931575754,0.909731305832361,0.713772650779961,0.809437674215223,0.291218048033325,0.157483236905537,0.350743217639969,0.912610594505639,0.222482821060924,0.47270002326695,0.890555078821475,0.870743290469257,0.435768965542898,0.433077355782185,0.841047887122808,0.347144679115013,0.858715980113995,0.523723249703052,0.719586584113452,0.905137735615661,0.914247872315499,0.945443372436696,0.425980883420942,0.93308008066256,0.296145237102795,0.894752056487267,0.429573306272353,0.905492873998653,0.454762568375149,0.334085735547575,0.340065383640721,0.501343895052946,0.368158175699251,0.840432062741278,0.661114266689391,0.894317974540709,0.343916114060748,0.690249819884334,0.912649023330366,0.932650642821689
"GSM254686",0.776069084250668,0.44239165223541,0.590799438460527,0.441145678334822,0.68912378048764,0.703199497358338,0.722345137584671,0.647716382928407,0.735294567842403,0.54621739394467,0.587273714543805,0.723456513212814,0.761584692114566,0.556876844576057,0.73562359132187,0.538861068955416,0.794107025511418,0.453639341327847,0.394054074454186,0.486595503580954,0.668955383586543,0.459365644941727,0.649932630864709,0.712189737674864,0.494324462436088,0.724625542026225,0.562658414465877,0.680282789312816,0.475916333867915,0.711785949780127,0.450374740494312,0.699885972437823,0.713152641439652,0.45567945271545,0.860562737735737,0.479487314861342,0.730489205370172,0.499923839687597,0.629607515795927,0.733115486780223,0.495222168174856,0.769327161572226,0.589886157001104,0.774672618569405,0.466106995635085,0.733136436004203,0.521778011326378,0.595778548313375,0.464571958098986,0.780839719884524,0.738825562913127,0.521725737739294,0.614518102646247,0.592829942669986,0.546943793316785,0.818871884883859,0.448361593472422,0.64258059065645,0.508824732512011,0.70268778131063,0.439820568333385,1,0.746533700697092,0.696314106513382,0.462567866554356,0.678074170694268,0.550707204215604,0.680113231611318,0.495293295992564,0.753140112400699,0.651057634969097,0.727444661875942,0.515294949801568,0.666630356640041,0.484477178238205,0.610550909665182,0.738457203961817,0.487806277754947,0.541654673580525,0.629325845210051,0.605725645019741,0.569926813031151,0.707019401310178,0.5889238212168,0.720579642029489,0.646029710721043,0.517318063172933,0.484319026927555,0.482219390888827,0.646257328325732,0.457176593475491,0.881748868088288,0.536811419446431,0.723345604945821,0.464804294693519,0.664022641980108,0.495915297209732,0.563044515392768,0.698685624508713,0.559370599547604,0.584467285571004,0.733645126592141,0.51533631235389,0.750743695245452,0.804511711763708,0.49431942426846,0.488821898513665
"GSM254687",0.782609784534918,0.46048975044866,0.708668469598344,0.420665091047493,0.670586242846202,0.768547525191304,0.75707732142867,0.675966319166029,0.776701161660087,0.577310477020798,0.562012720466248,0.763773922117089,0.781521992430187,0.582187206045875,0.761912257746222,0.503006075591884,0.759512349700167,0.545023868080578,0.429128925932737,0.456886775877846,0.770910073912468,0.448900025772651,0.793774034041591,0.696982178929849,0.4581474504775,0.781885804441082,0.518813871430389,0.731854863026915,0.426377322022169,0.696127938183874,0.461670063044945,0.723062792355829,0.812895903124201,0.41144110060794,0.813050475040296,0.451131734697831,0.766765071864487,0.50870758925682,0.744098204085537,0.77677109319287,0.4998577703698,0.782525510625881,0.609026415311815,0.75767469435826,0.478402336002141,0.786767272329899,0.52673017469708,0.683396928425627,0.456802159677733,0.803867831819985,0.808123721869372,0.52926063064844,0.595973137437352,0.723487447982538,0.524091182896029,0.808425423192922,0.435825814631145,0.69997311133862,0.515261882040843,0.745305843025821,0.457966621623309,0.746533700697092,1,0.803483571849475,0.463045595600373,0.731862606460867,0.532426066009141,0.740424974625586,0.468538139032603,0.676636098900835,0.654280271165981,0.772319467082928,0.646415048668122,0.745129295401489,0.475438420930485,0.709656788310291,0.744124953498542,0.460186371778553,0.570630318603897,0.730570368303107,0.806600608940098,0.5665739663538,0.791833883883035,0.597858806597719,0.749811093295833,0.688345620248535,0.506500607609501,0.532087010070453,0.475616782316901,0.772453345208802,0.45851768980215,0.692730345623769,0.561577275722122,0.70261669227261,0.435828324044332,0.737372625911453,0.664481065964363,0.683786880551312,0.649027112426893,0.692335678857776,0.591582311949449,0.776129635615369,0.485857509330961,0.778294727292498,0.766887404210603,0.467463105480248,0.464571603770831
"GSM254688",0.730456985248109,0.259548112871855,0.688805320826403,0.237701395325498,0.545661064747749,0.721254555005743,0.736768568513974,0.568295288799837,0.805308363817453,0.397490440445705,0.348987716306161,0.772037917955527,0.677665714051178,0.375435033335964,0.720620567151436,0.310278868557639,0.744056369269989,0.593659361755507,0.211859569766189,0.296629492422914,0.693145746724336,0.222850568676911,0.738938835181194,0.508547250435619,0.245605269326855,0.685963389957461,0.337179077168973,0.709535837676874,0.199175165053636,0.530711202447106,0.268274228625335,0.620417145177914,0.786514905131506,0.184258119208023,0.714314179061424,0.241064661823383,0.68115372026347,0.322601835943741,0.771022525832799,0.748688298155524,0.277269681671534,0.786687999659771,0.456771331477692,0.800929819157758,0.276817614701449,0.735670208138035,0.342352836795397,0.622463073430738,0.261800971915743,0.801399728032404,0.729291960695822,0.337909153333476,0.444884132043019,0.729034512787225,0.337024116628738,0.78012862910257,0.230804372335373,0.789200650863655,0.353812711235094,0.774534502653582,0.263456913982513,0.696314106513382,0.803483571849475,1,0.261275119298303,0.767333691818062,0.324644357690938,0.700587071894128,0.243897563809599,0.494000190823018,0.482308037003486,0.823688627672609,0.676778670294249,0.690185763452316,0.277452795258629,0.626075164516738,0.628019772395093,0.24755159184768,0.323488933699605,0.556170417100425,0.668189023996651,0.420137914612808,0.769822478533828,0.413717208641147,0.674333682677835,0.549629320101261,0.302997207997593,0.341868202515024,0.27250088228288,0.634452083786872,0.279518441180886,0.716908660872816,0.374138613688744,0.677366691485341,0.208622905560889,0.683843722998736,0.553164202096108,0.720908686196758,0.545947600179499,0.501037722537185,0.439598084808605,0.618531989521414,0.300656764854737,0.709400204016318,0.677611751221698,0.283769039293902,0.26586389938996
"GSM254689",0.555454326003835,0.912582817910459,0.272311857893059,0.914405351131398,0.551605139910794,0.446968717901957,0.464101430317779,0.724810569199712,0.321934169766376,0.895323794745245,0.849315597830524,0.329140192575648,0.598757873863671,0.845900749142714,0.443989057302261,0.892226665965626,0.43419727640548,0.0994222838754266,0.908871022424741,0.875019821957935,0.522213293074284,0.926797385222624,0.331874925350719,0.718976945655545,0.901938186246807,0.437456971656696,0.850520125894401,0.405424285820499,0.879048250499183,0.701445949540324,0.910038826459478,0.620895123357074,0.411747918216298,0.879660257257422,0.519666069331069,0.902175657777841,0.52314541435529,0.918809153297051,0.310628392555153,0.436963046127958,0.89298975453997,0.423597302217177,0.850679642682563,0.342817771476191,0.9085779323493,0.468642213040772,0.902836809975257,0.288690433220878,0.915836535478831,0.416253303270773,0.38447452466831,0.926398548368853,0.836017501610869,0.205470739283232,0.897583427344433,0.433290106564489,0.900252419555851,0.210843593566691,0.922099756641533,0.381307836688207,0.89788362800579,0.462567866554356,0.463045595600373,0.261275119298303,1,0.276531678579685,0.900648607775813,0.277194827424911,0.919237994405609,0.710546555729357,0.799964929039891,0.28518226456852,0.155855671936423,0.359403444468573,0.901813401649963,0.229056147327342,0.468373548009777,0.885774412696258,0.881840699471204,0.406938678847731,0.451477148888634,0.85491975553985,0.371658461055589,0.882155060564748,0.544411588618687,0.764725591584886,0.882576909093249,0.863472051538309,0.918101329576549,0.455799721068672,0.888473199662233,0.344073059140824,0.891886493854459,0.425358900830516,0.900723051450834,0.442038690647204,0.276914159768012,0.306156216890711,0.588810902115188,0.393716917902509,0.823541136438485,0.671664726517025,0.899643742008106,0.380181442431461,0.665536852847943,0.893856116058652,0.901924630176687
"GSM254690",0.710930675084437,0.275283121250214,0.678845067082153,0.236283095396599,0.607795989307756,0.609192909650842,0.72452643793921,0.482149531416391,0.74843159144277,0.418600041277772,0.417050067010961,0.73722286979355,0.653842723637243,0.425385421854499,0.657026993541143,0.296384459569669,0.720808827941738,0.54542587140257,0.226647539276551,0.302517260060556,0.672008349297178,0.24514623088873,0.679039963288496,0.52182691441591,0.265664969597814,0.620172277601948,0.354987241118126,0.678923574070516,0.233707749471248,0.504541989282413,0.295227245890133,0.624500036787143,0.733588934003684,0.19678960168443,0.715914751456198,0.273608945572623,0.676270703795175,0.342180427295014,0.671089296305945,0.71220435311098,0.280466127213291,0.750964254222741,0.503980460407168,0.792604065304544,0.293658971398983,0.706648765839861,0.347710302133662,0.588761479987229,0.27487661095224,0.755788839556737,0.694718422886775,0.353664297301339,0.437793048734039,0.704383601467471,0.387953687753854,0.736831446395009,0.221016799369681,0.691426266782028,0.373248961477444,0.700141258837043,0.254527713943918,0.678074170694268,0.731862606460867,0.767333691818062,0.276531678579685,1,0.378573713341313,0.607028463809868,0.261622941852547,0.526384813402957,0.487830114501036,0.790318696720147,0.651278453750861,0.737455546116247,0.267246020213482,0.61317235296506,0.639292233706104,0.279273845031286,0.367475549266498,0.613350126220222,0.641342714150854,0.430480367649023,0.659173840150362,0.44006295242389,0.604707567644886,0.552429221930611,0.325239601466108,0.325201788839355,0.286880033024606,0.625077814606141,0.295403191583233,0.662304754850559,0.354830050723432,0.558211686552366,0.251956703651565,0.730092564951367,0.434050145160408,0.658848588137057,0.544061385566394,0.532029661811173,0.474067733233401,0.575463138483422,0.298225221591527,0.73189557249361,0.643431593448068,0.314175926197251,0.263126744694829
"GSM254691",0.608216739205861,0.898492145817467,0.363212302884699,0.876384397401399,0.639111598376946,0.548329663810243,0.53092085767978,0.75689398038152,0.380870480785854,0.903360835878419,0.904359651305245,0.453965205503321,0.657166005504358,0.912481636255606,0.571338862806867,0.910007875666725,0.529573449821149,0.191237527333455,0.861406763902121,0.877531759370296,0.621759045431624,0.869073216004564,0.396891486630905,0.762760260758275,0.912116202798479,0.518147150480763,0.901486699725391,0.50957345499273,0.899453226609186,0.728978430738398,0.906488360351067,0.746444553988726,0.491446593789725,0.879555149502393,0.626207731175154,0.906176127420499,0.632776713961017,0.895865467166939,0.351489201267369,0.476898951156005,0.925820234538021,0.505009394736727,0.896397446117998,0.390030135319308,0.891934561150721,0.573391174344205,0.90735771305877,0.393150507473785,0.883369075617544,0.49383899342599,0.473369688256716,0.938150779036813,0.861850416326121,0.283297721652067,0.91786969424577,0.491683974871166,0.876302130414177,0.269839994227054,0.920020202494149,0.496679698255845,0.883139591893906,0.550707204215604,0.532426066009141,0.324644357690938,0.900648607775813,0.378573713341313,1,0.366674321759285,0.919272153130635,0.756352995380833,0.888252863101765,0.386732305874815,0.260471951248739,0.51170068300358,0.887633001328015,0.318746915960529,0.539493448920019,0.908962819214955,0.869256067274823,0.461827787444232,0.55200638355872,0.890540098510274,0.387906741133438,0.88509091272608,0.564871801751334,0.800393892931998,0.896112210280624,0.84344348682439,0.907371681202868,0.478389225495322,0.871110118057916,0.437162467040642,0.88907874719733,0.490857955760149,0.905253048556975,0.526954324748283,0.298130058897396,0.39902159066606,0.620074886425469,0.430282272209444,0.904045626353856,0.703998387956041,0.890739713905259,0.495730082157206,0.731485441076324,0.91071611950014,0.893170775714943
"GSM254692",0.644394038450037,0.283478916845655,0.709909605207704,0.246675462932075,0.510351507187795,0.667033098094811,0.661038072785477,0.572396984967495,0.67631991591238,0.375503752233232,0.389374937082088,0.685712076717735,0.633177826810085,0.388112756932402,0.653994070213473,0.333784981715218,0.640717914381713,0.585570726751541,0.228634040466815,0.300501810498127,0.590888131978013,0.263609755795938,0.669742783148162,0.503642900506834,0.291472124329606,0.710533873946539,0.34513778265218,0.577819833731236,0.247543832814325,0.541671162418837,0.256972827227067,0.629396467160622,0.724466556815869,0.235226732976236,0.712661360725904,0.267833811985126,0.645445351764305,0.334403606490585,0.719212754452722,0.640124168010351,0.319477870130179,0.687871012444036,0.416243136959733,0.684366181031989,0.293237503153812,0.633384601204066,0.32058180305656,0.667642022149439,0.277857933780173,0.667927017010939,0.754608647062872,0.327235717858261,0.432933304009311,0.597311112481851,0.337512923819274,0.722862082907189,0.268290570610396,0.691122445493759,0.327628081469318,0.639970350875092,0.259968931575754,0.680113231611318,0.740424974625586,0.700587071894128,0.277194827424911,0.607028463809868,0.366674321759285,1,0.291893996550869,0.528059680844438,0.493307615907642,0.697216348829171,0.697618673205813,0.707188708949027,0.298891928695118,0.641655981794067,0.589379630806275,0.28418932417252,0.355281517590036,0.552383596461867,0.606593874230038,0.384700372165903,0.6363233138956,0.40199872108436,0.640865153827416,0.533821528440016,0.302168969339318,0.308453884945138,0.2787693467238,0.613323225921646,0.279337002220185,0.703968606563977,0.366977002026108,0.673227242854703,0.267768543588197,0.619455611012855,0.565229729527783,0.620105331765638,0.593795134940566,0.564871004732395,0.406013056493461,0.601584667947457,0.323128126480485,0.67143726829598,0.587984146245921,0.283000714356497,0.284858963163236
"GSM254693",0.58032610905549,0.947891471568832,0.283757423322768,0.936798582552886,0.554991669597961,0.476938590693612,0.457825715515289,0.73161477860005,0.290682781818301,0.909794414061201,0.906082952794664,0.346816519003513,0.590422150647087,0.851237808481032,0.485474871121559,0.94863922824944,0.443120695852607,0.122277565162008,0.924808732409759,0.901928566025095,0.521547409724235,0.93543765357739,0.333541694412672,0.749352671652946,0.957674659455126,0.488373735151046,0.910202901197161,0.42938562736182,0.956883784378779,0.710354653819965,0.946708265571095,0.685021622560245,0.412080518541168,0.946161496386006,0.552300832962183,0.94666122090887,0.535877420694853,0.933590089576098,0.271480679920419,0.415895141066749,0.931214444686235,0.424145592479422,0.853033288104764,0.333004674608318,0.952511266900788,0.461520308721581,0.939128213533774,0.323212311688246,0.945796912234414,0.410962384034537,0.378999861207062,0.928709711450136,0.864448257077162,0.19623456224861,0.918952921829745,0.43701298525594,0.92559346687507,0.186137628576908,0.89758067410197,0.415422200851194,0.909731305832361,0.495293295992564,0.468538139032603,0.243897563809599,0.919237994405609,0.261622941852547,0.919272153130635,0.291893996550869,1,0.759675770986126,0.858154928969938,0.302032798862321,0.167828682052211,0.402412009877278,0.944617708645135,0.246597129747213,0.50734185446068,0.962097756401862,0.885452238960148,0.406889384993437,0.427896426630191,0.883466763933469,0.349981637408214,0.914141143749511,0.497974264758542,0.772500078741533,0.919799004990273,0.868748941935108,0.931346410888904,0.408683557241696,0.919251026319147,0.399889933352185,0.927974726968928,0.457890916251294,0.959662771268263,0.427402587411846,0.25955145931256,0.333640178437517,0.578470736283392,0.34904540064094,0.861827053572732,0.675475441037928,0.936129503132355,0.405389369873441,0.688144568790996,0.945633698780659,0.948333251946948
"GSM254694",0.704318176060642,0.703809031608879,0.551003186709795,0.689859455661674,0.733547746941647,0.675125269782507,0.645031451831263,0.759496889169056,0.604641418786561,0.756929302995156,0.78123189755478,0.621715059941377,0.781263666387245,0.771809068783256,0.726345890147427,0.75866837264143,0.692904594097147,0.339873223253485,0.698732342446398,0.680110164052363,0.661358545847501,0.723335957977407,0.595593129833149,0.849739239104189,0.723599581882601,0.658854923946446,0.726866067193932,0.639871058747492,0.742576439285733,0.880901905237516,0.717715875900087,0.706138345832332,0.579306641111506,0.724550812868692,0.807107283474579,0.763023283729515,0.732475873655241,0.73556947645878,0.574382468753426,0.654095540184688,0.762755569607579,0.612657017798712,0.700294295525138,0.606360418165588,0.7202778924586,0.668480941934852,0.762829071656203,0.570321426772119,0.71617578907341,0.685589643419094,0.64221622351507,0.753019001111612,0.770632559351527,0.409219719111258,0.752155883198203,0.729995360987039,0.665411869323275,0.433098572144766,0.706926724112457,0.58703921041503,0.713772650779961,0.753140112400699,0.676636098900835,0.494000190823018,0.710546555729357,0.526384813402957,0.756352995380833,0.528059680844438,0.759675770986126,1,0.790711722904355,0.548041808516247,0.430362299086192,0.55354376888466,0.749253968303645,0.516998658134387,0.767468267098785,0.751518041795324,0.771420601884901,0.615005032764901,0.567501277895781,0.699115047739595,0.598468823344406,0.769850654185884,0.730452218767401,0.707192401405039,0.767293690654312,0.717786155369488,0.745846274341389,0.632533723099425,0.704011955060763,0.590285233207038,0.751258441178538,0.742519398063127,0.738608979593051,0.650643825961293,0.518530951071571,0.493762900098935,0.667358087550267,0.572934980026166,0.740609689846714,0.823908996987038,0.734302718946378,0.674012098033993,0.847287869901313,0.719008947351586,0.752343728415954
"GSM254695",0.730382455611561,0.82663239950912,0.464017773913851,0.830146045832776,0.677937592824247,0.656011013974146,0.661701753608712,0.850236972586406,0.490317752643873,0.896804943122535,0.848290413299074,0.569051765672605,0.701291809662693,0.812820839576681,0.654638532434113,0.869399921516998,0.653413187331387,0.304023264136658,0.770738382931816,0.833683893036711,0.713197814076901,0.796840215991723,0.492953033953403,0.803163747639707,0.856963248606496,0.620891270035131,0.872901547481295,0.588603768445035,0.844418725864676,0.783655364802013,0.84494466841151,0.80078358289822,0.595809675525447,0.817970313901656,0.720110260928514,0.848538452170543,0.708531059830202,0.837941497564712,0.474579546401899,0.590040968255432,0.837168540626369,0.642576201499374,0.890129041290792,0.519067220926361,0.819854491472502,0.667630795653405,0.866955598967196,0.494035643192678,0.819524439602182,0.601879903644069,0.575132688245037,0.863373915177727,0.898184433705553,0.393923030806377,0.868812613148182,0.61676264711169,0.811758335196598,0.390800653196223,0.856813028986302,0.634953750174231,0.809437674215223,0.651057634969097,0.654280271165981,0.482308037003486,0.799964929039891,0.487830114501036,0.888252863101765,0.493307615907642,0.858154928969938,0.790711722904355,1,0.485023250890523,0.389432602199563,0.616562040366998,0.83059043540195,0.431155411995319,0.623920778203806,0.851293273344369,0.842694698989901,0.550423209712437,0.60034886532388,0.893727770338943,0.486888827843708,0.874636565022458,0.663257752192272,0.881434305854772,0.84297305424009,0.83195321263508,0.840391282857799,0.528440703709329,0.797959052468261,0.551629333393406,0.885883953503184,0.583911463907256,0.834941780564396,0.632138329026871,0.414838172372325,0.530853422411126,0.646524457330017,0.456654675324545,0.894274815423869,0.744815031144935,0.850500370160284,0.606859465160348,0.790352560941376,0.848312421150627,0.837051202499251
"GSM254696",0.720961125645025,0.315884120257454,0.713699794595946,0.24190483922057,0.57650703244008,0.673994589070037,0.743329775339174,0.539287568056169,0.776586497354438,0.425940847103956,0.445756835707361,0.759752386670636,0.695659463510671,0.461569041851886,0.760283021903572,0.326180615305957,0.688986340926249,0.598838630379683,0.237063193349018,0.295266328664108,0.654222036057115,0.261964578689148,0.727093223596276,0.509939981333119,0.274775274937808,0.719967590393714,0.343216797078219,0.733929709496547,0.22433569636156,0.492375389418608,0.312291934453715,0.674300949064395,0.810910978937673,0.201792417767123,0.748343894989628,0.27426999954477,0.696889956562753,0.384216194143806,0.717182156624197,0.695193265764716,0.327741287016931,0.768866353511468,0.473380983343213,0.788633178175401,0.354285887750424,0.749577968437154,0.381084207174354,0.660915740477446,0.322277508049537,0.796732647145567,0.751550537462416,0.365497762396123,0.452925407482578,0.748682015326513,0.38566581819756,0.770804615665797,0.206685044085804,0.787781443031028,0.365244445816396,0.749418517861057,0.291218048033325,0.727444661875942,0.772319467082928,0.823688627672609,0.28518226456852,0.790318696720147,0.386732305874815,0.697216348829171,0.302032798862321,0.548041808516247,0.485023250890523,1,0.68825241233055,0.746672490569108,0.321698575354181,0.621423998800336,0.650095152855889,0.300150087689391,0.381796817989613,0.572968762077265,0.675117263164227,0.430117996315138,0.767446792359256,0.462977309935751,0.603116715670227,0.555091652056453,0.342643170507102,0.312681402011661,0.304281681104071,0.632053709551248,0.350776731864396,0.78169245536528,0.380950363135589,0.685152475157761,0.266847719327851,0.677884187006044,0.461724989114923,0.702727398163422,0.63503164409147,0.549005191110538,0.505991441602418,0.647109175494793,0.326037434533713,0.750474646165166,0.70391004066567,0.329313598267318,0.304148301981778
"GSM254697",0.5276763281668,0.197691404810424,0.855216618786362,0.121397135763941,0.509070369523458,0.684774080623579,0.599874803309536,0.390291400918014,0.645804488327343,0.317487688229727,0.341462125799575,0.66097371738293,0.529695771314614,0.344309805252009,0.659776859756088,0.185951584842968,0.571059352263146,0.751454405207113,0.142161069387424,0.189658877043977,0.628119472126073,0.152397498931557,0.702550024276909,0.432584184652793,0.157478329168023,0.600715030519778,0.201333641597038,0.576582194009301,0.125919581184572,0.419083650127789,0.202720353561289,0.527590882851893,0.65200728298319,0.0779524248224059,0.61994809613148,0.166165813693238,0.599138971499501,0.26528578583746,0.731249785123797,0.584196814010653,0.215540082452956,0.635948597502445,0.359955319722412,0.601302543868494,0.230083288509341,0.632711774428768,0.250140807819977,0.649605698453921,0.203618981742203,0.638088136101642,0.65672133336097,0.223100003963802,0.315855650864898,0.574917753670768,0.247932553459395,0.601977410343004,0.100955252002569,0.662752822535843,0.233852989803667,0.602465286206724,0.157483236905537,0.515294949801568,0.646415048668122,0.676778670294249,0.155855671936423,0.651278453750861,0.260471951248739,0.697618673205813,0.167828682052211,0.430362299086192,0.389432602199563,0.68825241233055,1,0.758780682109458,0.187299408978085,0.582086855180605,0.522255831786925,0.215380453406957,0.26362148377857,0.502572358562708,0.644763252404669,0.300694448338769,0.571970445995114,0.340434095136471,0.586069841035435,0.455026589989964,0.185703793578305,0.217264948539315,0.170539403319189,0.526043681397342,0.210145118859686,0.533095938714648,0.270232623198965,0.572082085384611,0.181564305503218,0.625315317497345,0.448108405114485,0.716753215438825,0.490575516390334,0.493638758130195,0.372045891643779,0.509689752381859,0.180097782570697,0.668584930159429,0.543085264512086,0.185701375160616,0.169376815050608
"GSM254698",0.666238235037306,0.392351681065825,0.725025099270379,0.348979559888466,0.595471949312874,0.716780208182046,0.688368208039212,0.51006837290533,0.674409295663392,0.514624969172183,0.566231603592338,0.716695648664381,0.663075232605584,0.555807044583576,0.750701874143884,0.439661401839879,0.657513453205248,0.627561221772449,0.308556718301446,0.419942434775859,0.695046913087234,0.33537755010747,0.716583526506362,0.581448618670535,0.391698708083471,0.706681084163534,0.48032271434219,0.661500756973706,0.361338655253594,0.52528324694087,0.419193496097442,0.759485324084604,0.736506116551303,0.31563896381284,0.745183404714602,0.386147105358722,0.6974388091481,0.458041384048883,0.628043222201505,0.64755110126904,0.399590274697775,0.732550150306538,0.606335630706373,0.627886479877182,0.427601572351316,0.749909406028418,0.46669423207852,0.687822490685656,0.407554235177919,0.731031195054845,0.732062331658304,0.453593092482357,0.539291293175912,0.659600056553675,0.488668061643062,0.66969715308471,0.329865088243535,0.710876428952129,0.47314903630331,0.724646063375039,0.350743217639969,0.666630356640041,0.745129295401489,0.690185763452316,0.359403444468573,0.737455546116247,0.51170068300358,0.707188708949027,0.402412009877278,0.55354376888466,0.616562040366998,0.746672490569108,0.758780682109458,1,0.379675085692457,0.634400568589528,0.588338878040831,0.440604667349259,0.473412224399859,0.607513505829619,0.732198748056387,0.551011935766729,0.616226387871742,0.556715845856132,0.608998507646633,0.633791321785922,0.411288409376216,0.396590822327861,0.382455852799598,0.576804623311569,0.408932182382028,0.690646903683442,0.476102537798432,0.592254638147608,0.397886874692397,0.686793873277929,0.45792463654409,0.751292109842478,0.611729501219723,0.561395051737104,0.596092709347992,0.603943715199127,0.414131549089,0.735838844245434,0.68802552966756,0.42605885160993,0.385698257631266
"GSM254699",0.586641189412216,0.947796900780714,0.300151807740879,0.918572519184626,0.544153303042269,0.499191181066819,0.482364827223954,0.760096972462179,0.324130372941577,0.910989700413446,0.877036487331464,0.346564396315694,0.576939835169076,0.835675424910539,0.507031490944347,0.926567306636823,0.464440910792927,0.115580092260946,0.921813205118631,0.891099010539683,0.528494957624406,0.935509949974145,0.33450322707056,0.73624366755107,0.940640154597285,0.446347011517586,0.872199438201062,0.424638866667187,0.930690479558202,0.715310871456863,0.953470613687598,0.657404927444236,0.433349443650877,0.907915986967089,0.543114437103777,0.912635977031121,0.543438526483567,0.942295750710471,0.280485847445681,0.429837697503875,0.914650599946072,0.451649733401568,0.832276196686959,0.360235490488581,0.949982373121877,0.485305843058809,0.952299284108281,0.323195140069507,0.941003922231908,0.424397509345909,0.396269430362023,0.922479148785367,0.87870532511396,0.206982523728568,0.908600619881339,0.42529242290071,0.870078101955801,0.207270703450606,0.894900076251117,0.427688332241755,0.912610594505639,0.484477178238205,0.475438420930485,0.277452795258629,0.901813401649963,0.267246020213482,0.887633001328015,0.298891928695118,0.944617708645135,0.749253968303645,0.83059043540195,0.321698575354181,0.187299408978085,0.379675085692457,1,0.255084788485304,0.510547938131569,0.930487555929026,0.887529356997392,0.417935871358057,0.44143600203448,0.882555542182421,0.373785094174683,0.897706699741681,0.520860913365263,0.786240033785232,0.92050049702213,0.868475868742673,0.936768135289456,0.442844413481006,0.913623907242077,0.386714834028423,0.940798766745257,0.47269833044633,0.93387541617414,0.453791303582514,0.289766906392564,0.351780681109307,0.595312638891697,0.351744262598916,0.879235717008358,0.70405487657216,0.955932482960297,0.412349311568569,0.697368101587283,0.946125023004443,0.964654382282079
"GSM254700",0.541575728124424,0.216169882818153,0.618901731628564,0.20472698481819,0.45394463422753,0.570563884764258,0.642715310055648,0.465687276097382,0.660426714810532,0.334301377238314,0.376666272043262,0.669102077729294,0.659864444193349,0.382470383457344,0.559931440220421,0.277736482942392,0.590391364561633,0.450361169228471,0.213574119420805,0.249234023856164,0.51841587216857,0.220888637185201,0.690813793366598,0.484386678711001,0.24568855195859,0.636565057673976,0.319492612823365,0.50601815828866,0.245113665003733,0.475213594563666,0.239758987397847,0.547496040446579,0.622575220519428,0.208695388272968,0.624334495069672,0.254917390009784,0.547926730309828,0.299745082252955,0.585048596888307,0.589718306272467,0.260827219390132,0.577884630039419,0.382129660665709,0.615500649761419,0.249467598787041,0.626726513737237,0.302978604511448,0.774652503827871,0.231289361181626,0.589727286029894,0.738820914091061,0.299549077271582,0.39613965692261,0.666548582019764,0.355599428357324,0.635161157970865,0.204325987674695,0.630262371338496,0.289715296886452,0.572028453258532,0.222482821060924,0.610550909665182,0.709656788310291,0.626075164516738,0.229056147327342,0.61317235296506,0.318746915960529,0.641655981794067,0.246597129747213,0.516998658134387,0.431155411995319,0.621423998800336,0.582086855180605,0.634400568589528,0.255084788485304,1,0.563281891954001,0.264391911659817,0.381980089671543,0.636874326988366,0.577020173264645,0.326780405732891,0.564120900752681,0.357849141243384,0.566668960215649,0.430792474787022,0.312066332170154,0.275773658550166,0.259161722390551,0.590877616028918,0.240406507873084,0.544357214907559,0.320315347929601,0.593984391964668,0.237746196558914,0.609151661291845,0.564135724274889,0.508383689786927,0.527191837804964,0.694156360746204,0.356017208353744,0.516742596221447,0.271699021992025,0.590811858631209,0.532921277743156,0.260519994469756,0.26968692105347
"GSM254701",0.722112359750704,0.469775069832993,0.60058864716654,0.436423839495556,0.755891965796726,0.64241393922365,0.686248545859348,0.625753950761661,0.707996465063969,0.557027492762536,0.579902264449354,0.711189260534745,0.708503424680569,0.582970313781781,0.720982203629638,0.521325190778808,0.727067013017911,0.405977931543829,0.46792033434959,0.456571921394064,0.644227559790789,0.478176575225614,0.634226167054923,0.742035246799654,0.488937448259915,0.625430939367198,0.503699004307058,0.706122590505835,0.487765011741893,0.755428527242046,0.490364721261587,0.631909528698223,0.67806100427336,0.461606836406867,0.810706983087704,0.511689788995361,0.763369753374128,0.514634619431769,0.653741041561959,0.714109969772375,0.548575897594498,0.681054494214257,0.533025510322101,0.73401064714122,0.49627868320612,0.680507558905209,0.537289274615106,0.570701010377352,0.492020503095426,0.742452242282391,0.659263573897252,0.517045821187578,0.557494394723296,0.544241264009259,0.524465055773828,0.778470613324853,0.465556524348851,0.501593621330895,0.491120581284291,0.588558078126511,0.47270002326695,0.738457203961817,0.744124953498542,0.628019772395093,0.468373548009777,0.639292233706104,0.539493448920019,0.589379630806275,0.50734185446068,0.767468267098785,0.623920778203806,0.650095152855889,0.522255831786925,0.588338878040831,0.510547938131569,0.563281891954001,1,0.52102857008656,0.563021433809794,0.608217369821225,0.587461972966849,0.515420689149527,0.729288091005827,0.571800726946146,0.67017628923991,0.58777206977431,0.522870407519509,0.528592402473999,0.504743361411401,0.69427733688038,0.477004583322701,0.655414504968111,0.527531936450039,0.723704612126158,0.493578400514815,0.674334094861906,0.522017279402552,0.506202140661491,0.623495386685951,0.550446392710951,0.548256862566374,0.783296188880613,0.509243897247127,0.738596368940327,0.740090006677541,0.482442334289401,0.493233607853126
"GSM254702",0.568265012347441,0.936270516637198,0.304597741323391,0.926131798474735,0.566013967461765,0.500246410263021,0.457087435393034,0.684164762785444,0.296367526372423,0.892814969127321,0.917446216996423,0.343737020054239,0.580765064135761,0.845633968482704,0.500718117783437,0.935787443110986,0.4393219669466,0.156324117460534,0.913211972159741,0.919757708776011,0.534557692354423,0.909757801202086,0.336406140638315,0.749552155081241,0.946152805994863,0.472553750103324,0.893045320883201,0.417931850520604,0.959210451985116,0.696016906847333,0.952759112788805,0.696682763937899,0.417247785374821,0.92183780104844,0.560572607185275,0.944043189605581,0.533822714205762,0.931796512190162,0.274048381841025,0.426531371408587,0.899463190442703,0.439072470511702,0.850889098965033,0.335289476947441,0.931424392640636,0.471485587801105,0.933802140508433,0.327719823041376,0.940454005375485,0.423130208995272,0.393212998668931,0.9129542111759,0.865536730184989,0.210850680245452,0.919907343627197,0.419914862749143,0.902725178327096,0.212317753517695,0.888258728757918,0.406611929144221,0.890555078821475,0.487806277754947,0.460186371778553,0.24755159184768,0.885774412696258,0.279273845031286,0.908962819214955,0.28418932417252,0.962097756401862,0.751518041795324,0.851293273344369,0.300150087689391,0.215380453406957,0.440604667349259,0.930487555929026,0.264391911659817,0.52102857008656,1,0.871069981088386,0.410216674537388,0.425912726490649,0.878316711639821,0.331094742153538,0.893023869680304,0.502368715291305,0.747800307922953,0.899450438441746,0.871911504672682,0.926762669432682,0.416260336023392,0.917414963650226,0.391766631847021,0.9192050853752,0.456471959210833,0.971308710004314,0.459692590162628,0.265257705968918,0.373343387950715,0.594933960500434,0.352736431686253,0.869689899409721,0.65554454369965,0.925744828478457,0.42695602889818,0.691957681540424,0.946386473936542,0.944664214366326
"GSM254703",0.618145246556961,0.890409994658205,0.373485846854599,0.881319787179195,0.579046211051328,0.567701190070556,0.529095329803675,0.755094376626452,0.382038200495338,0.88807707139947,0.875588159512865,0.429223380879564,0.673518270652186,0.846502770580259,0.554804682475798,0.88900273164126,0.545163710487631,0.193032095879817,0.852537114097745,0.85552154642679,0.604169129180397,0.886611297890576,0.456395026864434,0.794125699516791,0.874103930010484,0.551626920200361,0.847257902300583,0.474006883557663,0.868503039071962,0.758599827149274,0.885478014380769,0.690097921664837,0.50639154776987,0.846828771549116,0.58730032293178,0.891261960620676,0.573117329462009,0.89235530849356,0.394378212712765,0.502467307997329,0.852367257777977,0.516217438398012,0.854195893696365,0.399638057882471,0.872257691797403,0.548335847072226,0.906241199611902,0.427456693046064,0.889309194666324,0.512817970960895,0.54306038566284,0.909103441555684,0.896702605175657,0.349882750742137,0.914121152194975,0.484326466875068,0.840581216046664,0.279239702610667,0.879422179491253,0.483650564028852,0.870743290469257,0.541654673580525,0.570630318603897,0.323488933699605,0.881840699471204,0.367475549266498,0.869256067274823,0.355281517590036,0.885452238960148,0.771420601884901,0.842694698989901,0.381796817989613,0.26362148377857,0.473412224399859,0.887529356997392,0.381980089671543,0.563021433809794,0.871069981088386,1,0.618674868720001,0.554154461415104,0.84135209675956,0.46344096923892,0.908205251664416,0.61045604371588,0.782306102947862,0.900981153801569,0.865555870419682,0.907414460388623,0.578036282278457,0.877789237404314,0.405735491960198,0.906565859050472,0.512803550988949,0.863727825475055,0.571750764439473,0.432063887761164,0.38583731720018,0.658821325245591,0.523871918523532,0.857450347085772,0.742820927965536,0.894293232718799,0.464931714513081,0.755342420637554,0.895531948774732,0.897417523389187
"GSM254704",0.574884276791138,0.402756683655602,0.591564072848091,0.408389782661282,0.541070288102172,0.609305529417176,0.595684122081011,0.569953820270321,0.579949933450437,0.499289103927802,0.48728799012668,0.633196518339791,0.68377665570201,0.514550900087824,0.583203915959221,0.451837711986874,0.697645466446236,0.416767520269358,0.372452159542954,0.427924014895141,0.682774960252854,0.405344686644038,0.669270567908331,0.628467973709379,0.388300718490078,0.637440317324563,0.46994585677247,0.538943622977889,0.383336527729974,0.594186460378828,0.41652619772337,0.56164131504938,0.565671481363553,0.372851041687935,0.621518549196567,0.440792053571984,0.553792913569586,0.450023800870727,0.608612376353834,0.610061028836731,0.419219290362674,0.589195872904315,0.53049378972214,0.578976862520526,0.40895173318761,0.625449945091788,0.485077443076007,0.584079680032024,0.411478533742872,0.650425365801221,0.72448725847572,0.499258948199435,0.562484957391336,0.699828166885091,0.515669050293277,0.615145338371967,0.376969379363953,0.456986020480077,0.456247608146714,0.577357849478046,0.435768965542898,0.629325845210051,0.730570368303107,0.556170417100425,0.406938678847731,0.613350126220222,0.461827787444232,0.552383596461867,0.406889384993437,0.615005032764901,0.550423209712437,0.572968762077265,0.502572358562708,0.607513505829619,0.417935871358057,0.636874326988366,0.608217369821225,0.410216674537388,0.618674868720001,1,0.702160876305982,0.478978836481267,0.603887453134401,0.529882514471445,0.605738837569926,0.526545187684617,0.482272980464797,0.477213244980677,0.46351676433784,0.727346221685942,0.431518705257782,0.470788570161831,0.48910790400137,0.532773549567705,0.383931174362561,0.676176321433348,0.696662820963424,0.464253505575429,0.540605064230569,0.754396163595883,0.503716768107183,0.602705010651949,0.441446749895202,0.54339527708645,0.677667108122525,0.441622499537754,0.437874751808943
"GSM254705",0.633968613387245,0.432125224219421,0.644461423125414,0.38259123901431,0.600361813319982,0.709250336563544,0.626077606206675,0.610027140341332,0.627769184355216,0.559763496146752,0.537980758051678,0.687704920058332,0.660879689332947,0.590588259473274,0.683890846628796,0.443831217916661,0.656323926758601,0.501099338475136,0.383519641342793,0.434405440632439,0.766623082808216,0.422283904762499,0.746033210320241,0.610229253376348,0.414087251650006,0.680454558433722,0.469681013976274,0.618400101237527,0.370433953547752,0.592729482722167,0.449668696128123,0.679116292667629,0.712339612540514,0.354475558452924,0.681989278803634,0.402481996910358,0.697438909580859,0.501513573986993,0.657702260328305,0.60470870289613,0.480831056691435,0.666020661854304,0.614749931662188,0.610996683903559,0.465018346772468,0.749729642879742,0.497326939866378,0.602776190749766,0.441780281673188,0.697170888607686,0.684947716740113,0.516227067080336,0.545844514438238,0.651196180047286,0.519955161188331,0.635746393262798,0.383844075269731,0.554387190806124,0.517712854479559,0.672818280708548,0.433077355782185,0.605725645019741,0.806600608940098,0.668189023996651,0.451477148888634,0.641342714150854,0.55200638355872,0.606593874230038,0.427896426630191,0.567501277895781,0.60034886532388,0.675117263164227,0.644763252404669,0.732198748056387,0.44143600203448,0.577020173264645,0.587461972966849,0.425912726490649,0.554154461415104,0.702160876305982,1,0.576499633430806,0.674357740230509,0.578029038791592,0.675125434026012,0.673184583657133,0.467312364295743,0.470348450298308,0.436022596919557,0.706166630520255,0.442170310459656,0.538495749884764,0.508748636712435,0.531432813317168,0.405533518620123,0.648842484730762,0.601090267334683,0.623593003640192,0.597371591744043,0.671415595763344,0.597411124422384,0.689302524071495,0.449906089399499,0.657403699685721,0.702242128194813,0.45067912300046,0.435555411315608
"GSM254706",0.685324488925139,0.883918425857123,0.378770182628338,0.898191703177066,0.596814317735243,0.596624806839602,0.576526095695843,0.763058449306023,0.403198753189632,0.912640190331549,0.840949702754164,0.449498349715194,0.621433955006868,0.799472565674818,0.568999062389835,0.897546785471606,0.569075350662013,0.233457154397276,0.815574393524583,0.898946638159193,0.642163241540273,0.87108419954804,0.428034924254048,0.743605473645347,0.889634946006789,0.543206457992991,0.933128346256661,0.512547109670415,0.875839303578146,0.689338809258117,0.905865687371897,0.758169682068749,0.542149010843619,0.850919121426197,0.620082108939738,0.857860589074284,0.608913028764425,0.883708455353653,0.372179291300318,0.521979463853004,0.85453793409805,0.588371038134432,0.917132391414662,0.445890718487578,0.883967757549394,0.594694922120586,0.90676026940539,0.368669202151037,0.865426036173077,0.520157571889854,0.49920649101986,0.906761762247705,0.894186802101723,0.333748271627974,0.916100968792934,0.499060857829487,0.851250095406454,0.3476993930322,0.914805393972492,0.562146711855962,0.841047887122808,0.569926813031151,0.5665739663538,0.420137914612808,0.85491975553985,0.430480367649023,0.890540098510274,0.384700372165903,0.883466763933469,0.699115047739595,0.893727770338943,0.430117996315138,0.300694448338769,0.551011935766729,0.882555542182421,0.326780405732891,0.515420689149527,0.878316711639821,0.84135209675956,0.478978836481267,0.576499633430806,1,0.429964507586774,0.900989267501442,0.578438206996448,0.874146627126001,0.887233382131499,0.836376904675624,0.869842812719723,0.467039349408697,0.846304600123804,0.510313878949045,0.915321555628791,0.487582281870773,0.86357003430162,0.544649075341666,0.287036622992836,0.486409330478381,0.623597355611636,0.37621628916677,0.917048594822128,0.700652068834925,0.91003430361444,0.484765868322987,0.751671475967933,0.918191191626358,0.888870219076216
"GSM254707",0.704231967324139,0.349843255841792,0.635130398817853,0.312455551206186,0.605830947030064,0.6421414413886,0.679163414733969,0.568014122829296,0.778970875507295,0.458666828543867,0.428065389882285,0.748895986755352,0.671445641370726,0.434682282998625,0.684877431193848,0.370969220786,0.699348771820722,0.482407068791709,0.306221392129679,0.356306470594543,0.646033676658292,0.347964138270951,0.693455253375567,0.591689946001123,0.341883329503191,0.69094452377059,0.384356939042748,0.729422339248281,0.284824726289354,0.585994807351382,0.34163457620018,0.563281581193186,0.729575787687843,0.284519296824652,0.739815595831376,0.340793158322789,0.668959155014806,0.423704950777803,0.723833476180046,0.689472100213425,0.385833406105368,0.720404824504556,0.459578560914939,0.735525701942136,0.391474030147979,0.677914056790234,0.416707302724691,0.588536508440494,0.363612396919742,0.756120374999949,0.721204790208727,0.409401323342133,0.482099029362063,0.679577474531816,0.410749777847375,0.811512238719743,0.318139048023647,0.636529758388204,0.399810111315953,0.65426544521565,0.347144679115013,0.707019401310178,0.791833883883035,0.769822478533828,0.371658461055589,0.659173840150362,0.387906741133438,0.6363233138956,0.349981637408214,0.598468823344406,0.486888827843708,0.767446792359256,0.571970445995114,0.616226387871742,0.373785094174683,0.564120900752681,0.729288091005827,0.331094742153538,0.46344096923892,0.603887453134401,0.674357740230509,0.429964507586774,1,0.472174286759966,0.646929762797911,0.552208602884179,0.371289073004192,0.381761293819555,0.358632728939155,0.69723716479764,0.377242140265874,0.708219993605326,0.417228453318204,0.675506662662178,0.30690937983938,0.610405104173231,0.554677283723182,0.550204311960922,0.601236562408901,0.543057036864166,0.47638159771629,0.702119729904103,0.384216501042077,0.700246050225439,0.708860380665199,0.359588459731913,0.35965443635538
"GSM254708",0.686853590745651,0.899550764516937,0.418894924615151,0.87055503830835,0.628740402729424,0.617626496868018,0.578597938647009,0.77456307582051,0.443131663391336,0.930724151110519,0.925262129695875,0.465012925403899,0.668286166178119,0.867032275592041,0.619362186107618,0.893353328879394,0.55349731230266,0.270059827863673,0.847618708590602,0.857505956697552,0.644760979416039,0.907312155964715,0.474040324958108,0.797606494222515,0.894495618777729,0.580922696743922,0.881764433922133,0.518092218617869,0.873836296046613,0.746237745198289,0.898112661225248,0.776608643877498,0.577075732533978,0.846958008733458,0.638762160436237,0.886266854368606,0.660378196323711,0.916889214939854,0.414634072875934,0.522070608571244,0.868754019590826,0.576935769744231,0.927559732267088,0.470359594888967,0.906270758104541,0.619525938066087,0.919488068621754,0.425264626130493,0.905388729219829,0.557143014287193,0.525190041519717,0.91103588388323,0.881332048795777,0.34631196018137,0.931270114001567,0.535631584309222,0.845606863964677,0.378555174370107,0.906945032967152,0.560105208508228,0.858715980113995,0.5889238212168,0.597858806597719,0.413717208641147,0.882155060564748,0.44006295242389,0.88509091272608,0.40199872108436,0.914141143749511,0.769850654185884,0.874636565022458,0.462977309935751,0.340434095136471,0.556715845856132,0.897706699741681,0.357849141243384,0.571800726946146,0.893023869680304,0.908205251664416,0.529882514471445,0.578029038791592,0.900989267501442,0.472174286759966,1,0.631376162153896,0.877387285918581,0.913935348409997,0.846957875236907,0.897638933543698,0.536671051760541,0.885129699787814,0.502073146083987,0.916359828469281,0.528803645966823,0.882185315309678,0.616205902782845,0.343660713081545,0.490626395990947,0.698639517979013,0.452236095595287,0.911595476159452,0.774793826394341,0.904256994690994,0.558132218171286,0.782038450727571,0.907002645202274,0.896002577320678
"GSM254709",0.728647251987646,0.507297813366846,0.621364028891011,0.489523160835719,0.630427516205086,0.702974937569777,0.692227549045965,0.698283703006794,0.667721101987876,0.614715345315321,0.588028501482088,0.635013261375167,0.741933040989555,0.606507225477468,0.674701045880591,0.526991412665566,0.710976259742449,0.447129502950264,0.489486342725579,0.506318727317933,0.694135958591571,0.525698242940044,0.661713988255939,0.740021767953975,0.494788567827266,0.707291087588365,0.523237672099221,0.602407586866754,0.478666638022494,0.790512041846478,0.50663097487532,0.645843153454756,0.65702089123954,0.464671068554707,0.72125983083028,0.518010917852505,0.744339821104589,0.558790118958779,0.706425182490001,0.72622703788992,0.54849448677,0.701048156424613,0.610699749098841,0.690842181794076,0.507914235898199,0.707744483961397,0.562100829460844,0.581572545197329,0.52205436189809,0.714379112848867,0.715165534470486,0.572036862713454,0.612044032362575,0.502962104805232,0.570421280030419,0.73968100849761,0.475868777881987,0.580152948364431,0.579052122899719,0.624480817588091,0.523723249703052,0.720579642029489,0.749811093295833,0.674333682677835,0.544411588618687,0.604707567644886,0.564871801751334,0.640865153827416,0.497974264758542,0.730452218767401,0.663257752192272,0.603116715670227,0.586069841035435,0.608998507646633,0.520860913365263,0.566668960215649,0.67017628923991,0.502368715291305,0.61045604371588,0.605738837569926,0.675125434026012,0.578438206996448,0.646929762797911,0.631376162153896,1,0.710513005097059,0.544389395530555,0.593107927154746,0.543942033120706,0.683715861101926,0.508479097404273,0.589342787266517,0.590885606161195,0.673338343957499,0.498949967139771,0.697151323411763,0.5884937642215,0.630638477743811,0.645896182593038,0.603639222516618,0.597604239655086,0.754895316119575,0.527930289281888,0.69387655818526,0.757355555857388,0.497818866361339,0.51711500996178
"GSM254710",0.756664229634758,0.770003103087,0.486743116239137,0.737335615748013,0.661153374131152,0.687062800525468,0.662441605739175,0.815440640432619,0.545768657318286,0.866211865470789,0.796507625982855,0.578659344838831,0.650403022407562,0.743445962007461,0.675250238465536,0.768168391604732,0.648589751239868,0.352577044325534,0.697638457642593,0.751710432113485,0.716151934052863,0.782323140520362,0.515076843404465,0.753845540911645,0.795623291043982,0.621939594206396,0.798709738444456,0.590408057424631,0.743097661985168,0.740141267323531,0.772576228047447,0.78456408149009,0.678165007001691,0.713265121746112,0.692818582617114,0.734808381202121,0.757084424477406,0.815505551308019,0.514783524358133,0.581635898138905,0.754556557223408,0.724685959988755,0.878111105679683,0.581250392210994,0.781473919071011,0.694161183693885,0.806336992080877,0.50014605170805,0.757169798345284,0.607534972894622,0.594590702437413,0.789870885370245,0.832136691782786,0.438461022127367,0.821175484130914,0.623772236291349,0.729398112511325,0.493957426969371,0.828671450393042,0.67548223464599,0.719586584113452,0.646029710721043,0.688345620248535,0.549629320101261,0.764725591584886,0.552429221930611,0.800393892931998,0.533821528440016,0.772500078741533,0.707192401405039,0.881434305854772,0.555091652056453,0.455026589989964,0.633791321785922,0.786240033785232,0.430792474787022,0.58777206977431,0.747800307922953,0.782306102947862,0.526545187684617,0.673184583657133,0.874146627126001,0.552208602884179,0.877387285918581,0.710513005097059,1,0.782483955551101,0.746365311847508,0.770670027403635,0.54823726820753,0.738189245461633,0.610155828266454,0.836177009759209,0.554004773972347,0.738968481144103,0.62846972850383,0.3524308227522,0.58788706816356,0.68934604505527,0.432984483584602,0.868517356960335,0.760513371116233,0.803887685428677,0.65456017462716,0.772146096776688,0.777866824403064,0.758751842668876
"GSM254711",0.612852562871055,0.911441679424935,0.316629640994003,0.910998884518947,0.573607797260147,0.504310416308701,0.518111191628527,0.761280270558935,0.355804705947024,0.898177645220151,0.872181727716771,0.386688423347427,0.65447272949264,0.847490417089265,0.514502473972957,0.914540338326801,0.51015782995828,0.110587824269523,0.896502840407647,0.887985820955298,0.565440080435536,0.924538960989817,0.383275482541866,0.760604083459356,0.904212859986574,0.496228533311881,0.90477507819739,0.440974747557789,0.922802233089543,0.736121037152535,0.929430689533322,0.697671877674441,0.441510103837684,0.902078033604865,0.56473673248991,0.920005895713679,0.554048759297583,0.889278707441395,0.315572137088592,0.481533821094086,0.900177352282103,0.452226703176122,0.874797967865935,0.383557127323378,0.894045869943263,0.513608679054895,0.922006157186939,0.342946578292457,0.902947602834739,0.482594514208413,0.452120250828362,0.932685678326147,0.883768381290704,0.248668827070515,0.925719035491654,0.467434483076986,0.862805632746835,0.234955073267589,0.890180900831964,0.464023327484371,0.905137735615661,0.517318063172933,0.506500607609501,0.302997207997593,0.882576909093249,0.325239601466108,0.896112210280624,0.302168969339318,0.919799004990273,0.767293690654312,0.84297305424009,0.342643170507102,0.185703793578305,0.411288409376216,0.92050049702213,0.312066332170154,0.522870407519509,0.899450438441746,0.900981153801569,0.482272980464797,0.467312364295743,0.887233382131499,0.371289073004192,0.913935348409997,0.544389395530555,0.782483955551101,1,0.872778242371435,0.935549874174255,0.463022596315291,0.888156110972011,0.378536453029284,0.918191923265187,0.469231645356205,0.900539106028404,0.522985057671303,0.318817272281384,0.36137125476695,0.577901164092992,0.424196685608906,0.884569547913749,0.720826408886411,0.931927192863751,0.418695411623355,0.737028797225486,0.935373881553107,0.934247185878405
"GSM254712",0.605626248069776,0.889590778594522,0.339292642033172,0.898403334084705,0.575186771703432,0.521188400393644,0.511506391493594,0.744411837542894,0.356419330635896,0.873022988619066,0.817132486761343,0.368133624296214,0.624166735960283,0.804441345955575,0.497141191423463,0.882916664935786,0.494459620596341,0.180718352291023,0.907228175524498,0.892151083796553,0.610021850905435,0.866397612550001,0.375271526915237,0.739548022138556,0.851005586738131,0.498112747222271,0.811623330241622,0.422732521543597,0.867695598440906,0.745719971323737,0.897938009162481,0.670113742795031,0.468018226943724,0.856927224593184,0.559391433272414,0.887168869567442,0.559686931440566,0.85226540167752,0.366644429986795,0.511353071029934,0.868017114577893,0.470196941425111,0.80911044723374,0.378809887799218,0.850916368881449,0.506359992383768,0.884963158440616,0.369475653818138,0.88092674281212,0.485354734362574,0.43546058279353,0.872695277764764,0.866437321889747,0.263663103588795,0.859696184042351,0.457825087940036,0.869506664915804,0.205988137700309,0.834871090898448,0.448243630402268,0.914247872315499,0.484319026927555,0.532087010070453,0.341868202515024,0.863472051538309,0.325201788839355,0.84344348682439,0.308453884945138,0.868748941935108,0.717786155369488,0.83195321263508,0.312681402011661,0.217264948539315,0.396590822327861,0.868475868742673,0.275773658550166,0.528592402473999,0.871911504672682,0.865555870419682,0.477213244980677,0.470348450298308,0.836376904675624,0.381761293819555,0.846957875236907,0.593107927154746,0.746365311847508,0.872778242371435,1,0.925906632287245,0.513574332658298,0.888200096913678,0.331902394442317,0.896054584911555,0.458628519547088,0.879636161609562,0.493671808402063,0.396575586950226,0.404200946070684,0.543304955306961,0.425253710976903,0.824487882579464,0.681600870157546,0.85105693835799,0.424012755812497,0.695143110472035,0.866092830548859,0.889286826682221
"GSM254713",0.58141484018533,0.938626226799746,0.291837833145915,0.931722312369287,0.558633181597341,0.487347915674164,0.48866615236028,0.756097731238924,0.330914063117188,0.912078546177802,0.886607957096,0.366022742831644,0.631103601583869,0.867339716786916,0.487660782195731,0.925393560435496,0.466985720286816,0.110324763889806,0.931911246690234,0.915000212113908,0.548250898149572,0.929497571655714,0.345956201531553,0.740290883431073,0.920783313638253,0.465118887240922,0.873636047248695,0.418913235456718,0.927334441131597,0.723246171783488,0.949880959779474,0.683194792101466,0.418145557737752,0.903982319527972,0.54687937252899,0.933754985202276,0.550592736738664,0.926684887891901,0.301164855861272,0.455183131209215,0.910450535673526,0.440108630766241,0.860099381020602,0.345954166864953,0.919498213311508,0.489949000673285,0.939895757129659,0.339840447384819,0.930853771926242,0.44818738063286,0.425260949234763,0.941915950268569,0.897094252823731,0.222372896102384,0.936541074408915,0.430474106763119,0.883687101123064,0.198037484331852,0.907658618343195,0.425756505843504,0.945443372436696,0.482219390888827,0.475616782316901,0.27250088228288,0.918101329576549,0.286880033024606,0.907371681202868,0.2787693467238,0.931346410888904,0.745846274341389,0.840391282857799,0.304281681104071,0.170539403319189,0.382455852799598,0.936768135289456,0.259161722390551,0.504743361411401,0.926762669432682,0.907414460388623,0.46351676433784,0.436022596919557,0.869842812719723,0.358632728939155,0.897638933543698,0.543942033120706,0.770670027403635,0.935549874174255,0.925906632287245,1,0.468539713814818,0.935968128940209,0.340335777807362,0.928516340367919,0.453287120811789,0.932416730398552,0.487229540578494,0.327376658438319,0.345191028351686,0.587814492970673,0.403056547231857,0.880957243294342,0.68450475969247,0.926341763560675,0.398409512809361,0.705584499735129,0.936060468753073,0.949340331542822
"GSM254714",0.638012589051076,0.413253474983111,0.57642055848179,0.397168406064898,0.571355097429964,0.650677862928485,0.599474319595234,0.575847172062606,0.632017514968715,0.487641536584415,0.525431599363844,0.662979769536744,0.686812016700663,0.563456218453547,0.64897624374269,0.455782917013597,0.628120477842477,0.42726591514507,0.388880339945855,0.427802771336516,0.685233575376385,0.426522865192482,0.667896265945564,0.668437185731279,0.402852947755706,0.60871982257997,0.430621738821243,0.635130393691179,0.379327960716003,0.65499678178808,0.405130916682099,0.586983971481576,0.701082962255341,0.356822725938096,0.663911976915414,0.423128691538057,0.644891243147752,0.472565580658654,0.619074408300092,0.653294556452956,0.446791906244905,0.599272531754766,0.499593970804248,0.660503160581298,0.42353401353778,0.686696726751074,0.480391565325746,0.571704780001923,0.421579116614698,0.701801871572758,0.688967893257159,0.478017096037594,0.53945706408991,0.676704006212303,0.479651083854112,0.634565465698473,0.390409559473549,0.539267090285893,0.452064223011604,0.532785129113259,0.425980883420942,0.646257328325732,0.772453345208802,0.634452083786872,0.455799721068672,0.625077814606141,0.478389225495322,0.613323225921646,0.408683557241696,0.632533723099425,0.528440703709329,0.632053709551248,0.526043681397342,0.576804623311569,0.442844413481006,0.590877616028918,0.69427733688038,0.416260336023392,0.578036282278457,0.727346221685942,0.706166630520255,0.467039349408697,0.69723716479764,0.536671051760541,0.683715861101926,0.54823726820753,0.463022596315291,0.513574332658298,0.468539713814818,1,0.454670761357718,0.561190157938792,0.478532604869802,0.618486802023353,0.397596783007455,0.696175483728193,0.690698199154027,0.487373429737423,0.702001841182495,0.752377904371728,0.498004954739343,0.744957238120837,0.442976128690254,0.671476557588198,0.667495341353254,0.423387806477941,0.440027044610711
"GSM254715",0.56219550079252,0.952848226116883,0.326105923344565,0.90514659778811,0.548533513450687,0.476788116193271,0.479017941682888,0.718795543779342,0.324949732891927,0.898701457498009,0.908134318837488,0.357301683922941,0.606490280805063,0.866165404328442,0.509930610951657,0.891054444989309,0.427805988859132,0.177272125673651,0.921546082857365,0.898038980331929,0.544700584360518,0.89358128048977,0.345216005904073,0.703232110816701,0.901293601139337,0.475294493527573,0.827694270046487,0.422037422351765,0.876030356102403,0.664723708698768,0.93203040559641,0.68586499480953,0.448923929872972,0.859997314901333,0.525286123215436,0.921592209731162,0.536514156719577,0.940256973232313,0.303938391871762,0.434339218098645,0.906526725591671,0.448718872307158,0.837460388570705,0.327786921013308,0.94251993770504,0.470534655997744,0.930100649877614,0.358754222812903,0.942614571836553,0.438851473008558,0.394438556437353,0.903708890053297,0.847752436755091,0.240225056823458,0.916826761769668,0.414947564432303,0.854847689343642,0.21073498926411,0.875883662339752,0.426063471201504,0.93308008066256,0.457176593475491,0.45851768980215,0.279518441180886,0.888473199662233,0.295403191583233,0.871110118057916,0.279337002220185,0.919251026319147,0.704011955060763,0.797959052468261,0.350776731864396,0.210145118859686,0.408932182382028,0.913623907242077,0.240406507873084,0.477004583322701,0.917414963650226,0.877789237404314,0.431518705257782,0.442170310459656,0.846304600123804,0.377242140265874,0.885129699787814,0.508479097404273,0.738189245461633,0.888156110972011,0.888200096913678,0.935968128940209,0.454670761357718,1,0.358778539792385,0.891077634860318,0.440048517239972,0.91474790811655,0.453087860031062,0.294705998470619,0.394954412875445,0.577077830364945,0.357912878501859,0.866970889947568,0.666699478024724,0.899188291782316,0.404653771615647,0.700844207179348,0.92726171733623,0.924100411315346
"GSM254716",0.729576637939372,0.356408826590415,0.55282493613064,0.3348454613762,0.588578531485343,0.669837012965776,0.651230198675213,0.542827120108697,0.701739482710178,0.450566002615687,0.494780678788313,0.675636566835722,0.613810811992866,0.431681482182796,0.713649389394724,0.438836466916138,0.689799673318335,0.481364549787177,0.258038226062489,0.399604232076738,0.571415144303388,0.333116469020933,0.562618696848231,0.583161597753615,0.409529363052749,0.66392389252069,0.477052180003923,0.685982869416124,0.363418804845894,0.546385715724033,0.349589430498574,0.680181012197528,0.760446664710349,0.32146136253676,0.787749710504006,0.340562361401737,0.680332168614874,0.417727418382519,0.574966753606756,0.626240302004632,0.365722213474469,0.797887977044066,0.50330738107662,0.736407953121,0.387826632167263,0.662605875721356,0.419699777126675,0.54571277795377,0.358659249102771,0.691375360828957,0.692562315689215,0.392583732144381,0.520147742871875,0.607324117273191,0.435532732138623,0.743181966113315,0.337535136011663,0.74367983864794,0.419035391434139,0.677933357133104,0.296145237102795,0.881748868088288,0.692730345623769,0.716908660872816,0.344073059140824,0.662304754850559,0.437162467040642,0.703968606563977,0.399889933352185,0.590285233207038,0.551629333393406,0.78169245536528,0.533095938714648,0.690646903683442,0.386714834028423,0.544357214907559,0.655414504968111,0.391766631847021,0.405735491960198,0.470788570161831,0.538495749884764,0.510313878949045,0.708219993605326,0.502073146083987,0.589342787266517,0.610155828266454,0.378536453029284,0.331902394442317,0.340335777807362,0.561190157938792,0.358778539792385,1,0.444023083396868,0.724104742361324,0.358993552662177,0.565673453721474,0.337010839574331,0.60188846848438,0.696544519055831,0.398079128531066,0.526145359272558,0.647205588538151,0.424892491932341,0.741007721289434,0.693952464409841,0.402240059945162,0.374798144494952
"GSM254717",0.659141410679762,0.931375458212275,0.368745729111727,0.931447528519745,0.572920531596461,0.581792575257509,0.550908042692365,0.787577410958755,0.376211659061312,0.924260537048725,0.863781346172522,0.396364629801418,0.626048160013312,0.817342361593443,0.558216528368729,0.930095168176007,0.530806789021685,0.196680555580561,0.89395786480044,0.911320139903734,0.604953586637418,0.912123408101783,0.407969234406961,0.74981468947832,0.916767333246611,0.532918237485368,0.902182732737812,0.458838633299051,0.920531681541369,0.736173535717509,0.941646146140861,0.727721329521294,0.508004647416505,0.895840334704304,0.602014571212529,0.904163557788281,0.576452578096015,0.915965183175126,0.363365610061555,0.508104541005743,0.874236823631025,0.538717694420296,0.88099068759636,0.412943376674252,0.916526637947395,0.552129461608031,0.943658404294992,0.376027653104944,0.929134806117832,0.505759827818764,0.477994002601289,0.924292836865592,0.925687727827754,0.297607587402055,0.916483794914746,0.479300701089314,0.876058777827353,0.309222183018642,0.910766295988798,0.524785943629129,0.894752056487267,0.536811419446431,0.561577275722122,0.374138613688744,0.891886493854459,0.354830050723432,0.88907874719733,0.366977002026108,0.927974726968928,0.751258441178538,0.885883953503184,0.380950363135589,0.270232623198965,0.476102537798432,0.940798766745257,0.320315347929601,0.527531936450039,0.9192050853752,0.906565859050472,0.48910790400137,0.508748636712435,0.915321555628791,0.417228453318204,0.916359828469281,0.590885606161195,0.836177009759209,0.918191923265187,0.896054584911555,0.928516340367919,0.478532604869802,0.891077634860318,0.444023083396868,1,0.511509821046162,0.918402523326163,0.524431128915448,0.339639271748687,0.450081123554437,0.636546961090366,0.393963133684121,0.900976686822791,0.71113781653478,0.946175635427001,0.459693254240869,0.744394621590494,0.932040760210483,0.935591164935569
"GSM254718",0.665177250561333,0.438617410946037,0.630300545160465,0.408799923126573,0.632417793753601,0.7457410040983,0.624635319812543,0.621671933888743,0.718911129315366,0.514170482655239,0.532625445611371,0.666753462928287,0.678217500809368,0.532483087749282,0.767684585150853,0.499376048090873,0.667519616601094,0.525654277620571,0.400305609874831,0.434038992830917,0.578665587008043,0.400881843195563,0.651620038410673,0.656969627635081,0.437649645519965,0.645954175697645,0.482384394950978,0.686408086194663,0.425614464016449,0.701121931298775,0.435303469280484,0.604337459391786,0.687895487609132,0.414332050364142,0.793592885956946,0.45498491566698,0.695907906624709,0.484880426504755,0.689380191448497,0.634285087676094,0.471938806835145,0.681885923637493,0.489615480623571,0.64243640100981,0.456890745471305,0.639681094531637,0.501204157967868,0.643180323789787,0.433618053262133,0.691572560815263,0.713567625334562,0.481347500064055,0.567640194936449,0.521661501899608,0.487363977048972,0.741151727485244,0.394002522690163,0.661075897256,0.464026377383702,0.638279465754789,0.429573306272353,0.723345604945821,0.70261669227261,0.677366691485341,0.425358900830516,0.558211686552366,0.490857955760149,0.673227242854703,0.457890916251294,0.742519398063127,0.583911463907256,0.685152475157761,0.572082085384611,0.592254638147608,0.47269833044633,0.593984391964668,0.723704612126158,0.456471959210833,0.512803550988949,0.532773549567705,0.531432813317168,0.487582281870773,0.675506662662178,0.528803645966823,0.673338343957499,0.554004773972347,0.469231645356205,0.458628519547088,0.453287120811789,0.618486802023353,0.440048517239972,0.724104742361324,0.511509821046162,1,0.446601484477873,0.614330965737827,0.562659480727406,0.594640088546753,0.656235838059965,0.478117622558858,0.543848445599176,0.727323757668714,0.480771048735289,0.680247652735976,0.705948692665082,0.442059498941544,0.472877677935065
"GSM254719",0.547399213010881,0.947146758876193,0.279597609659383,0.922771642468417,0.563606741363778,0.460553938775825,0.436428727179157,0.678389899494123,0.275334022238251,0.896190367126601,0.900364790676518,0.31857878344237,0.574130916652952,0.85675693979328,0.471902898861955,0.923309356234987,0.40956544263271,0.129549110864694,0.937626494479376,0.900367763963077,0.502305246658129,0.921207472209845,0.308192274314857,0.730740785879027,0.945520515234521,0.445504936757995,0.887015229916698,0.398103856411332,0.962090521530189,0.695801639349652,0.959300973628615,0.680754260133557,0.387702808968259,0.925722076428463,0.538227722183956,0.944365421849417,0.525376092277399,0.932735696487609,0.237680100843892,0.40388584135139,0.917314381669298,0.393038989029446,0.831354890815963,0.311183466486003,0.936337008164683,0.447109244741246,0.935035104865671,0.310764070259076,0.947092787685001,0.392805885486028,0.358916190422573,0.910225811896644,0.842069945391567,0.168290318892968,0.907250981640955,0.394517710340014,0.898529408905659,0.175211543511039,0.891948182349308,0.377805144172815,0.905492873998653,0.464804294693519,0.435828324044332,0.208622905560889,0.900723051450834,0.251956703651565,0.905253048556975,0.267768543588197,0.959662771268263,0.738608979593051,0.834941780564396,0.266847719327851,0.181564305503218,0.397886874692397,0.93387541617414,0.237746196558914,0.493578400514815,0.971308710004314,0.863727825475055,0.383931174362561,0.405533518620123,0.86357003430162,0.30690937983938,0.882185315309678,0.498949967139771,0.738968481144103,0.900539106028404,0.879636161609562,0.932416730398552,0.397596783007455,0.91474790811655,0.358993552662177,0.918402523326163,0.446601484477873,1,0.427276841446003,0.246938779197865,0.338314822689634,0.567130599615601,0.336466759451629,0.85820879145027,0.640706967459861,0.925929432325587,0.395834091118491,0.657028629148403,0.92957144133304,0.944615052281543
"GSM254720",0.679915388527467,0.438956467108544,0.658834021446761,0.422773639156124,0.657315532491987,0.682179751196726,0.679491891944272,0.629177807150771,0.667764371674678,0.564573567165949,0.568492528851339,0.677390825402846,0.714744049803467,0.588668868065744,0.693275178971107,0.482760078403573,0.716074548700947,0.485805610277871,0.389886049783257,0.469158055736387,0.707605636540192,0.440596203992644,0.68970891582197,0.668811880813393,0.440462962442799,0.638558768141784,0.512857302661323,0.654606652018565,0.419646603337166,0.619151793567783,0.454725007835064,0.67421680676605,0.693777958793577,0.395138314440083,0.699369467256928,0.474161389258163,0.698372987801784,0.495400297420309,0.653467342576209,0.660962856762881,0.459999433421336,0.680974900149329,0.636448056631777,0.698433877260621,0.444902831622538,0.767503514181273,0.511367152230441,0.557991822317125,0.456717018200474,0.748870578303127,0.710281363113828,0.532223652784692,0.585323064207733,0.62074689407139,0.549690236279109,0.659412726381262,0.389050252190248,0.649881427846386,0.529479345173737,0.643486515392415,0.454762568375149,0.664022641980108,0.737372625911453,0.683843722998736,0.442038690647204,0.730092564951367,0.526954324748283,0.619455611012855,0.427402587411846,0.650643825961293,0.632138329026871,0.677884187006044,0.625315317497345,0.686793873277929,0.453791303582514,0.609151661291845,0.674334094861906,0.459692590162628,0.571750764439473,0.676176321433348,0.648842484730762,0.544649075341666,0.610405104173231,0.616205902782845,0.697151323411763,0.62846972850383,0.522985057671303,0.493671808402063,0.487229540578494,0.696175483728193,0.453087860031062,0.565673453721474,0.524431128915448,0.614330965737827,0.427276841446003,1,0.587317976195027,0.596850328831932,0.660388754896983,0.68717863942035,0.597980647254329,0.696785057827105,0.483933916504429,0.721262373524541,0.738176329515167,0.47550437285621,0.465668506420049
"GSM254721",0.47212068710572,0.254652670110718,0.492944487784992,0.27695646973926,0.41578488269865,0.591044383715399,0.493026577886292,0.513567130482608,0.533737024367444,0.333277160544862,0.327588192626022,0.547165320785067,0.581656335769165,0.370747294895288,0.479613692506511,0.314935293553182,0.518702828483829,0.451076263238402,0.259798814980811,0.300434574087837,0.537347913059318,0.263889649332883,0.653269890205014,0.502878909647212,0.236802660874463,0.559256260498767,0.290333313414789,0.426283376299894,0.235950247637,0.535089648478273,0.250465952059164,0.403288778332587,0.481929220289548,0.271304595861663,0.522693776344966,0.303835611475125,0.458909045558596,0.293108334181412,0.574128698779313,0.54516081278994,0.291832242381382,0.437416948792236,0.320104558377986,0.492692335351672,0.248753730515142,0.518353607886018,0.319668325521559,0.604571444983589,0.266420041917342,0.544116527723207,0.624901512948092,0.334631065797304,0.419970049857604,0.570127721534522,0.321358865321195,0.536702877234411,0.25330485392298,0.446298721127359,0.27320701506995,0.55054462157896,0.334085735547575,0.495915297209732,0.664481065964363,0.553164202096108,0.276914159768012,0.434050145160408,0.298130058897396,0.565229729527783,0.25955145931256,0.518530951071571,0.414838172372325,0.461724989114923,0.448108405114485,0.45792463654409,0.289766906392564,0.564135724274889,0.522017279402552,0.265257705968918,0.432063887761164,0.696662820963424,0.601090267334683,0.287036622992836,0.554677283723182,0.343660713081545,0.5884937642215,0.3524308227522,0.318817272281384,0.396575586950226,0.327376658438319,0.690698199154027,0.294705998470619,0.337010839574331,0.339639271748687,0.562659480727406,0.246938779197865,0.587317976195027,1,0.470067068079058,0.478061224776379,0.677178345693416,0.311990016181401,0.524964781394164,0.29496912646156,0.455604531514472,0.525567439567881,0.267937325400271,0.319516247595871
"GSM254722",0.613727770506026,0.369796931667428,0.681755988558887,0.308340903464131,0.510424635774471,0.755067444424515,0.637323463223335,0.500868611554091,0.627253032238952,0.477770363352484,0.479315718122663,0.598216839446374,0.55129374556146,0.461915510922151,0.689343557826516,0.364572087787186,0.608852806033422,0.705182651732805,0.307327873041574,0.367166685386872,0.64719447147602,0.297292285138907,0.625125058867625,0.497032841406966,0.319970500062693,0.617980403112291,0.372851064785981,0.564488145760073,0.295884009551301,0.49974025484712,0.381277862506118,0.677346379138828,0.681160335145268,0.244758332717991,0.63565865768602,0.320596959673155,0.625336867852684,0.407881656487623,0.636537128166671,0.635097974502905,0.344717290175857,0.713557629719578,0.520630339708404,0.573371405967292,0.391960255455782,0.654749623275605,0.421143894831698,0.645082316987506,0.36553353863832,0.623238512780042,0.65592007286918,0.383685948951828,0.490098721153445,0.570722634773612,0.415687882552115,0.614262225519396,0.26192926115372,0.700036013114966,0.406742255176512,0.784549525263937,0.340065383640721,0.563044515392768,0.683786880551312,0.720908686196758,0.306156216890711,0.658848588137057,0.39902159066606,0.620105331765638,0.333640178437517,0.493762900098935,0.530853422411126,0.702727398163422,0.716753215438825,0.751292109842478,0.351780681109307,0.508383689786927,0.506202140661491,0.373343387950715,0.38583731720018,0.464253505575429,0.623593003640192,0.486409330478381,0.550204311960922,0.490626395990947,0.630638477743811,0.58788706816356,0.36137125476695,0.404200946070684,0.345191028351686,0.487373429737423,0.394954412875445,0.60188846848438,0.450081123554437,0.594640088546753,0.338314822689634,0.596850328831932,0.470067068079058,1,0.523980205167703,0.39364529518147,0.547370998865976,0.552378752851012,0.34696267056884,0.666775047125042,0.638144305768345,0.368645051673326,0.348739705249328
"GSM254723",0.673571534047805,0.559578190893965,0.51083302387609,0.538803879091682,0.555244017371108,0.665332053062346,0.599856249910679,0.603254486192582,0.543652430829062,0.612406248447375,0.691657879435181,0.535879181439826,0.614841435830603,0.631385281676512,0.623635404819456,0.593355832773946,0.565151116927615,0.417730546101167,0.486032778080148,0.595536895187848,0.609879504337424,0.582295692331339,0.579313678584546,0.663199115796981,0.574353557221708,0.598999815115549,0.582491131507454,0.540378659172155,0.538621893442017,0.608074085713843,0.556090568456924,0.657368499411532,0.683987525481186,0.510911615590842,0.688922166034041,0.533716133911716,0.610997010198806,0.636544282692763,0.51141902256704,0.560469598089221,0.52568923955889,0.632130421833045,0.642201687176619,0.621496812624988,0.588023339765079,0.637109350910326,0.602297651555626,0.565195473660729,0.588670749428865,0.63156434374767,0.645507931639142,0.59221077839021,0.684555715479607,0.529928177413153,0.634472194689477,0.568941769294503,0.51657551983994,0.592381713592645,0.592231536315179,0.576928145747472,0.501343895052946,0.698685624508713,0.649027112426893,0.545947600179499,0.588810902115188,0.544061385566394,0.620074886425469,0.593795134940566,0.578470736283392,0.667358087550267,0.646524457330017,0.63503164409147,0.490575516390334,0.611729501219723,0.595312638891697,0.527191837804964,0.623495386685951,0.594933960500434,0.658821325245591,0.540605064230569,0.597371591744043,0.623597355611636,0.601236562408901,0.698639517979013,0.645896182593038,0.68934604505527,0.577901164092992,0.543304955306961,0.587814492970673,0.702001841182495,0.577077830364945,0.696544519055831,0.636546961090366,0.656235838059965,0.567130599615601,0.660388754896983,0.478061224776379,0.523980205167703,1,0.622891227539332,0.663876371761988,0.729436435647976,0.617493628441669,0.695716389616415,0.697357267383465,0.595374282090565,0.597544964791805
"GSM254724",0.502429156235836,0.320091137492955,0.56746796067541,0.331747735289293,0.454935295445679,0.502598187610203,0.551578229820174,0.497442877852742,0.538470904227574,0.39621459874379,0.44367125983062,0.589974849954197,0.683773857946738,0.512923620209591,0.487275504135223,0.377827856265475,0.556357842918904,0.378304767959642,0.334930959015339,0.352486142838917,0.557050549902151,0.363033332397774,0.686035405417823,0.571134887481741,0.315030558850862,0.642445709032146,0.369290336478201,0.453705162300657,0.316126729541769,0.551410256523768,0.340610049874341,0.481660382287873,0.54576577943678,0.335211941596678,0.559069447453008,0.376684799768583,0.497558493859528,0.38150003481894,0.577930111307506,0.57701383940373,0.376345190838945,0.446409810787112,0.438223022489297,0.546991110015246,0.33343581799416,0.586140864592426,0.378898272879129,0.634308626173557,0.35300040350736,0.596614981837434,0.673421186609008,0.42595969993237,0.442379240270325,0.624393190699942,0.422028550690469,0.554353853139034,0.322141263151228,0.463221009786742,0.373597713503681,0.449247240885271,0.368158175699251,0.559370599547604,0.692335678857776,0.501037722537185,0.393716917902509,0.532029661811173,0.430282272209444,0.564871004732395,0.34904540064094,0.572934980026166,0.456654675324545,0.549005191110538,0.493638758130195,0.561395051737104,0.351744262598916,0.694156360746204,0.550446392710951,0.352736431686253,0.523871918523532,0.754396163595883,0.671415595763344,0.37621628916677,0.543057036864166,0.452236095595287,0.603639222516618,0.432984483584602,0.424196685608906,0.425253710976903,0.403056547231857,0.752377904371728,0.357912878501859,0.398079128531066,0.393963133684121,0.478117622558858,0.336466759451629,0.68717863942035,0.677178345693416,0.39364529518147,0.622891227539332,1,0.395345752217095,0.594130018672974,0.357529320730217,0.544174592326593,0.574057725010426,0.350941867902714,0.382438992212605
"GSM254725",0.682604264344091,0.884051228326133,0.43092382843661,0.840198480851426,0.642983818599417,0.642153927113827,0.601677806945611,0.774254263816539,0.454328284534052,0.921543926528714,0.897643389206253,0.485291634776189,0.642390534444903,0.856125991874012,0.661000246002906,0.866861345598899,0.598530724226947,0.284245901664001,0.806222893776551,0.858438437956283,0.697854731300378,0.842118369058889,0.440078955880834,0.754574454219186,0.874616880684156,0.538735976805562,0.871711623258573,0.57088224631946,0.852544499391316,0.711670995147418,0.894563939379633,0.811212330154589,0.597879245565358,0.803113064769327,0.660365776132317,0.852290024817057,0.683940942716448,0.897034106356556,0.412193608108883,0.505852954446267,0.864909957810659,0.638741744573058,0.911722696486438,0.461648070711348,0.88360085568728,0.661587280629655,0.915847255316474,0.441882953631967,0.857517355994779,0.560079584525619,0.538302157486334,0.895899508549573,0.901990958739499,0.382803753464118,0.919259635676364,0.525857370234363,0.780453491156557,0.388598101558775,0.880646891466959,0.612245196755576,0.840432062741278,0.584467285571004,0.591582311949449,0.439598084808605,0.823541136438485,0.474067733233401,0.904045626353856,0.406013056493461,0.861827053572732,0.740609689846714,0.894274815423869,0.505991441602418,0.372045891643779,0.596092709347992,0.879235717008358,0.356017208353744,0.548256862566374,0.869689899409721,0.857450347085772,0.503716768107183,0.597411124422384,0.917048594822128,0.47638159771629,0.911595476159452,0.597604239655086,0.868517356960335,0.884569547913749,0.824487882579464,0.880957243294342,0.498004954739343,0.866970889947568,0.526145359272558,0.900976686822791,0.543848445599176,0.85820879145027,0.597980647254329,0.311990016181401,0.547370998865976,0.663876371761988,0.395345752217095,1,0.740331791491247,0.887682042412411,0.577263805444084,0.782404950076382,0.900067385636841,0.880017297238034
"GSM254726",0.78548558384651,0.665811336289912,0.578300992814923,0.624473438094199,0.694021332006599,0.718301855896226,0.681366060880089,0.777431923992175,0.668711476655359,0.732088370590515,0.739096702305797,0.671060521103433,0.766835734541887,0.735979262835702,0.76712527196639,0.68266608847762,0.706692853015297,0.363903319460118,0.637591281478389,0.638404878785332,0.720080743821692,0.673922276440944,0.654677205639475,0.801060842199783,0.645275134018144,0.680354832382889,0.655845031880692,0.722274961071127,0.627322665143803,0.83630199599645,0.65709692913479,0.732753904798491,0.758787574147458,0.613274249704663,0.803052110302645,0.644447417963336,0.797273159991394,0.7021813097059,0.636986360627128,0.691857653893844,0.701790982784225,0.681100313416778,0.707283343141202,0.679084723214289,0.685295460579468,0.742731875104786,0.717883172151134,0.566307971799997,0.678467317320458,0.748199738710344,0.712592632734564,0.716480770915721,0.739887799451059,0.50806209464561,0.706755761406627,0.729972321422092,0.599056817481383,0.517823528851207,0.679845664856925,0.638057017092163,0.661114266689391,0.733645126592141,0.776129635615369,0.618531989521414,0.671664726517025,0.575463138483422,0.703998387956041,0.601584667947457,0.675475441037928,0.823908996987038,0.744815031144935,0.647109175494793,0.509689752381859,0.603943715199127,0.70405487657216,0.516742596221447,0.783296188880613,0.65554454369965,0.742820927965536,0.602705010651949,0.689302524071495,0.700652068834925,0.702119729904103,0.774793826394341,0.754895316119575,0.760513371116233,0.720826408886411,0.681600870157546,0.68450475969247,0.744957238120837,0.666699478024724,0.647205588538151,0.71113781653478,0.727323757668714,0.640706967459861,0.696785057827105,0.524964781394164,0.552378752851012,0.729436435647976,0.594130018672974,0.740331791491247,1,0.705487631764054,0.742347475606045,0.844656736134602,0.675041352266316,0.682793964081287
"GSM254727",0.61854582613951,0.939296824726881,0.293280701172414,0.93864584616962,0.544299456166191,0.502598204285209,0.495751245009771,0.768919837334848,0.340570402122411,0.909051063582053,0.864474943349518,0.364766764107532,0.594005095743908,0.810565513423327,0.508706819815503,0.921977319120425,0.49156133019105,0.105350431221756,0.890362500859379,0.921007286904031,0.535616416172731,0.924032865993953,0.355014303505982,0.728166336549904,0.938251872669933,0.477477688535938,0.915885045789319,0.42895974746866,0.930778516502845,0.708426669621432,0.94078943889766,0.684612072072059,0.455119926950018,0.923508992328502,0.561070551528491,0.91701332722445,0.533000198292551,0.935302528796984,0.290712606977112,0.454267406847272,0.885713592553222,0.479998531502484,0.866935112521822,0.371874782888433,0.928297343945576,0.492326249897222,0.944586333805607,0.309170050140586,0.936404269257858,0.458099912414977,0.431406440180917,0.93284313948208,0.901820279672591,0.234540033375141,0.928780658624918,0.441302909787354,0.883676145939365,0.243763528238892,0.91261625001523,0.457586101064593,0.894317974540709,0.51533631235389,0.485857509330961,0.300656764854737,0.899643742008106,0.298225221591527,0.890739713905259,0.323128126480485,0.936129503132355,0.734302718946378,0.850500370160284,0.326037434533713,0.180097782570697,0.414131549089,0.955932482960297,0.271699021992025,0.509243897247127,0.925744828478457,0.894293232718799,0.441446749895202,0.449906089399499,0.91003430361444,0.384216501042077,0.904256994690994,0.527930289281888,0.803887685428677,0.931927192863751,0.85105693835799,0.926341763560675,0.442976128690254,0.899188291782316,0.424892491932341,0.946175635427001,0.480771048735289,0.925929432325587,0.483933916504429,0.29496912646156,0.34696267056884,0.617493628441669,0.357529320730217,0.887682042412411,0.705487631764054,1,0.402143363181197,0.71686971105613,0.957344183787854,0.953903504798746
"GSM254728",0.739654129680681,0.380619070202623,0.67085458228645,0.302612621902598,0.702539223174747,0.706818374473874,0.685166464463811,0.567831417952716,0.723497843796734,0.503515746545742,0.573567061662454,0.71564096035249,0.683634526720886,0.562073334237871,0.774871711651814,0.418442350381385,0.680236212537392,0.550148910402825,0.323923287112625,0.381969633660837,0.711459259421099,0.369568117512795,0.682711006810117,0.652698159817598,0.410985112727608,0.654354859174808,0.422519329906707,0.763680517154474,0.367893232599277,0.648273509877626,0.382171479387677,0.697057812851453,0.778715295598157,0.320576566769592,0.820483205746819,0.387029010506488,0.813539061624215,0.45507469040304,0.660825815181799,0.668694373768606,0.435546188543286,0.776530851747419,0.544319098441406,0.764700672509707,0.410875144214999,0.772071355418196,0.443629274035323,0.640754839832429,0.395034749657773,0.73374022420257,0.686768233803697,0.430959391031471,0.528183542119628,0.592898209372144,0.462264142497653,0.737009791522624,0.331550117152753,0.658439915564684,0.432872704465879,0.664115435394463,0.343916114060748,0.750743695245452,0.778294727292498,0.709400204016318,0.380181442431461,0.73189557249361,0.495730082157206,0.67143726829598,0.405389369873441,0.674012098033993,0.606859465160348,0.750474646165166,0.668584930159429,0.735838844245434,0.412349311568569,0.590811858631209,0.738596368940327,0.42695602889818,0.464931714513081,0.54339527708645,0.657403699685721,0.484765868322987,0.700246050225439,0.558132218171286,0.69387655818526,0.65456017462716,0.418695411623355,0.424012755812497,0.398409512809361,0.671476557588198,0.404653771615647,0.741007721289434,0.459693254240869,0.680247652735976,0.395834091118491,0.721262373524541,0.455604531514472,0.666775047125042,0.695716389616415,0.544174592326593,0.577263805444084,0.742347475606045,0.402143363181197,1,0.72352047103871,0.397275491407114,0.377115769610639
"GSM254729",0.810158882724491,0.686267522052111,0.640280254124202,0.663316111491514,0.730769117917401,0.757836173283585,0.716246875243194,0.775979681035085,0.690200815856,0.758746964831035,0.750578637067969,0.708970690234396,0.822922627625426,0.749428657588936,0.79768951969736,0.719614789633753,0.810715222166516,0.451030108295852,0.631966330036811,0.699536861953034,0.779810623735812,0.668046089689408,0.686000720017627,0.81292138941036,0.67093703093069,0.732140969103275,0.718532350976302,0.724181584888042,0.655878948890988,0.796144394437825,0.693676905456906,0.778955565624226,0.709980037264327,0.636733014258966,0.829790452265638,0.692036633580833,0.778671452367224,0.720583421425869,0.683272179682528,0.734940273008565,0.697046507434877,0.773773441629924,0.781769598834594,0.694155531823392,0.702716312690831,0.775163435931127,0.746634625356696,0.572409701614736,0.699328643543872,0.801877140095137,0.726364753341212,0.754067165168129,0.789056595060544,0.556948299677916,0.757008629364799,0.78335403209376,0.624842134468617,0.576519293372748,0.727983749395514,0.731733148960204,0.690249819884334,0.804511711763708,0.766887404210603,0.677611751221698,0.665536852847943,0.643431593448068,0.731485441076324,0.587984146245921,0.688144568790996,0.847287869901313,0.790352560941376,0.70391004066567,0.543085264512086,0.68802552966756,0.697368101587283,0.532921277743156,0.740090006677541,0.691957681540424,0.755342420637554,0.677667108122525,0.702242128194813,0.751671475967933,0.708860380665199,0.782038450727571,0.757355555857388,0.772146096776688,0.737028797225486,0.695143110472035,0.705584499735129,0.667495341353254,0.700844207179348,0.693952464409841,0.744394621590494,0.705948692665082,0.657028629148403,0.738176329515167,0.525567439567881,0.638144305768345,0.697357267383465,0.574057725010426,0.782404950076382,0.844656736134602,0.71686971105613,0.72352047103871,1,0.728407980844799,0.713293734084814
"GSM254730",0.605576296818892,0.952676906100492,0.294424871876557,0.94989459301309,0.538733561234869,0.497691547714248,0.483429462261901,0.739860528496915,0.321215057943377,0.911184274566098,0.891619491943345,0.354919369387234,0.590902273895385,0.834955515779908,0.483795104718227,0.938936177534371,0.474586863330734,0.122230607316339,0.901645489719625,0.946250255900252,0.536905238329443,0.91790159026243,0.345709311055824,0.727957010984815,0.939215695226772,0.467694965260291,0.918110751899221,0.417922960764094,0.937289070406612,0.675998863463255,0.955201014268337,0.696694378186085,0.432503570414868,0.92361459660133,0.545701589379979,0.931732872268532,0.518210903100876,0.931814439056987,0.281004065244488,0.446333744576987,0.895116885299479,0.47055422884828,0.894404276858117,0.356725258876226,0.936358330114439,0.492756164973352,0.950563041721693,0.304673865021963,0.941472179477739,0.448429251090766,0.427285693202874,0.9546691031463,0.897045828886749,0.238986338123027,0.951720181034596,0.420200740455963,0.898716984684367,0.230032218260141,0.923055322277197,0.454389012520451,0.912649023330366,0.49431942426846,0.467463105480248,0.283769039293902,0.893856116058652,0.314175926197251,0.91071611950014,0.283000714356497,0.945633698780659,0.719008947351586,0.848312421150627,0.329313598267318,0.185701375160616,0.42605885160993,0.946125023004443,0.260519994469756,0.482442334289401,0.946386473936542,0.895531948774732,0.441622499537754,0.45067912300046,0.918191191626358,0.359588459731913,0.907002645202274,0.497818866361339,0.777866824403064,0.935373881553107,0.866092830548859,0.936060468753073,0.423387806477941,0.92726171733623,0.402240059945162,0.932040760210483,0.442059498941544,0.92957144133304,0.47550437285621,0.267937325400271,0.368645051673326,0.595374282090565,0.350941867902714,0.900067385636841,0.675041352266316,0.957344183787854,0.397275491407114,0.728407980844799,1,0.96001055911955
"GSM254731",0.594076013839221,0.951156868041988,0.29548184582555,0.954321360765132,0.525336051811269,0.495622278094246,0.471443914382765,0.745702203323325,0.311916458873696,0.907042498066543,0.876641861556218,0.336278911383721,0.602633899407024,0.832957336651363,0.477842415216387,0.943696109165997,0.473334161534202,0.109944131445243,0.924977801364327,0.92946104490892,0.532186756280213,0.92890792214736,0.35222116864763,0.737313013423689,0.9353497917628,0.47014053967193,0.895190495361873,0.406720050760544,0.943974917604269,0.705089005357342,0.958937213086109,0.668116599760863,0.410169452092341,0.933372007871271,0.538862763171792,0.940817075720293,0.503783524107207,0.936731146609765,0.281826181158843,0.440986936633547,0.904108901122848,0.438736970468747,0.845223810340293,0.340104339693457,0.93985265010493,0.478383284008818,0.948072652920561,0.313230754586035,0.944357262183018,0.435189392856147,0.41569480638222,0.941185696913181,0.894843340548065,0.207194145697776,0.929858583431591,0.416129547211537,0.887079871443314,0.203933953196009,0.904444090306884,0.430608686871626,0.932650642821689,0.488821898513665,0.464571603770831,0.26586389938996,0.901924630176687,0.263126744694829,0.893170775714943,0.284858963163236,0.948333251946948,0.752343728415954,0.837051202499251,0.304148301981778,0.169376815050608,0.385698257631266,0.964654382282079,0.26968692105347,0.493233607853126,0.944664214366326,0.897417523389187,0.437874751808943,0.435555411315608,0.888870219076216,0.35965443635538,0.896002577320678,0.51711500996178,0.758751842668876,0.934247185878405,0.889286826682221,0.949340331542822,0.440027044610711,0.924100411315346,0.374798144494952,0.935591164935569,0.472877677935065,0.944615052281543,0.465668506420049,0.319516247595871,0.348739705249328,0.597544964791805,0.382438992212605,0.880017297238034,0.682793964081287,0.953903504798746,0.377115769610639,0.713293734084814,0.96001055911955,1
